Family,3oxoDCA,3oxoLCA,7oxoDCA,CA,CDCA,DCA,GCA,GCDCA,GDCA,GUDCA,LCA,TCA,TCDCA,TDCA,UDCA
12aHSDH%ERJ00208_1_oxidoreductase__short_chain_dehydrogenase_reductase_family_protein__Clostridium_sp__ATCC_29733_,-0.038107954,-0.048184093,0.020604897,0.04498453,0.048744775,-0.03812555,0.0057747997,0.04757204,-0.025684014,-0.0048762714,-0.052878924,-0.007020176,0.01970652,-0.021678789,0.0021749192
12aHSDH%GENOME051950_684,0.011974998,-0.028525645,-0.12960917,-0.09302845,-0.032691848,0.018799003,0.014478581,0.06442222,0.06030756,0.009792279,0.02550915,-0.010997035,0.0021606942,0.044174787,-0.07247312
12aHSDH%GENOME055489_1547,-0.031407956,-0.022614988,0.0009710119,0.023515312,0.029922007,-0.027681518,0.06258833,0.027269298,-0.019092746,0.017097991,-0.026583789,0.01623948,0.023337075,-0.045007106,0.00313773
12aHSDH%GENOME077010_272,0.051024742,0.02659847,-0.00045657158,-0.02895499,-0.059057426,0.058790598,-0.004471198,-0.076689705,0.007529433,-0.011050949,0.06830676,-0.01507527,-0.083393596,0.024862314,0.032722913
12aHSDH%GENOME136792_1072,0.015031792,-0.0017439175,0.0008640883,-0.027175743,-0.011463591,0.023323348,-0.06638165,-0.018702853,0.027700763,-0.015638229,-0.0006769845,-0.03274843,-0.036440562,0.04415642,0.01140409
12aHSDH%GENOME211747_1057,-0.027854826,0.02190702,0.049551975,0.00247931,-0.013976072,-0.02845502,0.032072846,0.02034369,-0.03422904,-0.0002478336,0.00914008,0.009152592,0.027182631,-0.034092277,-0.03517997
12aHSDH%GENOME225739_454,-0.080178834,-0.008899618,0.036065415,0.045501262,0.085308746,-0.07684676,-0.0066192676,0.044332065,-0.07118723,0.009936142,-0.07879888,0.09643055,0.10114424,-0.0112071745,-0.024721915
12aHSDH%MBE7001463_1_SDR_family_oxidoreductase__Oscillospiraceae_bacterium_,0.015971683,-0.014409155,0.014354404,0.011978129,0.007591599,0.025623526,0.013071943,0.022453828,0.026827531,-0.012499723,0.022901908,-0.07143691,-0.00026851543,-0.025993489,0.007987278
12aHSDH%MBR0327374_1_SDR_family_oxidoreductase__Clostridia_bacterium_,0.022833977,0.008966828,0.010387152,-0.016744131,-0.013965913,0.03833714,-0.036804292,-0.09802644,0.03674549,-0.03512926,0.025023455,-0.023458036,-0.050271224,0.03092683,-0.0061536734
12aHSDH%MBR2336230_1_SDR_family_oxidoreductase__Clostridia_bacterium_,-0.05730462,0.06003848,0.025048127,0.045344643,0.034334198,-0.03829683,0.022790642,-0.007883482,-0.017083637,0.050545134,-0.020332709,0.024159694,0.08039192,-0.028166581,-0.040363595
12aHSDH%MFR3091303_1_SDR_family_NAD(P)-dependent_oxidoreductase__Eggerthella_lenta_,0.007908573,0.021691408,0.009954985,-0.011111715,0.014820952,-0.001631592,-0.026682308,-0.01599705,-0.0046168347,0.013425898,-0.043380257,-0.007994977,0.019311527,0.07146802,0.0016805392
12aHSDH%NCB62655_1_SDR_family_oxidoreductase__Clostridia_bacterium_,-0.028997995,-0.07675822,-0.0053089224,0.04643556,0.038769625,-0.04593458,0.077254504,0.03955982,-0.021797787,0.032799512,-0.07106289,0.011490857,0.042938743,-0.008620953,0.02020486
12aHSDH%WP_055231566_1_SDR_family_NAD(P)-dependent_oxidoreductase__Anaerostipes_hadrus_,0.02373676,0.012186637,-0.08643735,-0.046262536,-0.008966228,0.013057649,0.0051265056,0.057205077,0.032899067,-0.004856117,0.0008916635,0.026976286,0.08121905,-0.0024953056,-0.04457882
12aHSDH%WP_161844252_1_SDR_family_NAD(P)-dependent_oxidoreductase__Pseudoflavonifractor_sp__524-17_,0.045733776,0.055773858,-0.05091982,-0.037565764,-0.05107699,0.047460184,0.026427813,0.030672338,0.020998748,-0.028885001,0.10237804,-0.045230582,-0.004236367,0.0030338273,0.01734484
12aHSDH%WP_418471294_1_SDR_family_NAD(P)-dependent_oxidoreductase__Eggerthella_sp__,-0.03884506,-0.05087282,0.04355858,0.058211688,0.04499124,-0.048893336,0.008063605,-0.013682493,-0.023671608,0.007623412,-0.06243892,0.011468542,0.018562935,-0.005669449,0.022131385
12bHSDH%GENOME225741_180,-0.02905527,0.07383237,0.017403144,-0.0014244226,0.010437833,-0.028255837,0.071896926,0.09226944,-0.032277912,0.0213577,-0.017412715,-0.0043232157,0.02482219,-0.044097923,0.06965006
3aHSDH%3aHSDH%MBO5160353_1_3-oxoacyl-ACP_reductase_FabG__Lachnospiraceae_bacterium_,0.013166819,0.014776018,-0.010897312,-0.0063508707,-0.027910823,0.010596794,0.042220127,0.010612155,0.06642084,-0.0055052573,0.03105474,-0.030192656,-0.05963345,-0.019939397,-0.04077631
3aHSDH%3aHSDH%MBR6526164_1_3-oxoacyl-ACP_reductase_FabG__Clostridia_bacterium_,-0.05123159,-0.044878125,0.05458132,0.04450421,0.07883174,-0.060703926,0.0009761221,-0.029573552,-0.05752006,0.003786306,-0.004725592,0.034654953,0.01958438,-0.0061842697,0.024574572
3aHSDH%3aHSDH%MCM1345206_1_3-oxoacyl-ACP_reductase_FabG__Muribaculaceae_bacterium_,-0.07332123,-0.022841055,0.06038472,0.08284003,0.110106856,-0.08586891,0.05096485,0.10223447,-0.046247028,0.038196452,-0.09504411,0.008233898,0.06821238,-0.08556318,0.012829645
3aHSDH%3aHSDH%WP_062304377_1_SDR_family_NAD(P)-dependent_oxidoreductase__Sellimonas_intestinalis_,-0.03689205,-0.02337976,0.027397182,0.06614862,0.026467888,-0.03839072,0.033359274,0.025165465,-0.042798977,0.03636973,0.038624555,0.017223123,0.030131431,-0.033836804,0.025222419
3aHSDH%CAG5237306_1_short_chain_dehydrogenase__Streptococcus_pneumoniae_,0.005447168,-0.038848173,0.013859422,-0.031972796,0.0025558963,0.0024995902,-0.061321236,-0.07762132,-0.0021266476,-0.0021508895,-0.02644285,0.07059636,0.042600397,0.031525735,-0.062031537
3aHSDH%GENOME060426_131,0.020703794,0.0583083,-0.0647461,-0.05863278,-0.01237956,0.014288158,0.05393842,0.029085966,-0.03215406,-0.00020094503,0.012052409,0.020891096,0.034347974,-0.01756868,-0.01638248
3aHSDH%GENOME084674_3322,-0.021300305,0.03240097,0.013192997,0.00043922916,0.02332694,-0.0042430325,0.021141348,0.06440047,-0.03514595,-0.045739055,-0.02786648,-0.017711084,-0.010030572,-0.0066657215,0.03754507
3aHSDH%MCI6899085_1_SDR_family_oxidoreductase__Mycoplasmatota_bacterium_,-0.043337617,-0.03395557,-0.010788801,-0.020102598,0.0030093798,-0.04254379,0.034576826,-0.015525378,-0.022917166,0.014664285,-0.10131368,0.080309756,0.00014541567,0.05144554,0.00032281206
3aHSDH%MCI8568452_1_3-oxoacyl-ACP_reductase_FabG__Bacilli_bacterium_,-0.004771613,-0.004548695,-0.001959486,0.007498,0.040532872,-0.011295611,-0.016880363,-0.028504658,-0.046351828,0.042100754,-0.021245012,0.03502117,0.01786938,0.015430117,-0.0044652056
3aHSDH%MCM1266841_1_3-oxoacyl-ACP_reductase_FabG__Bacteroidales_bacterium_,-0.03740231,-0.056772117,0.037270032,0.057824798,0.025542421,-0.04685306,0.0837467,0.0628445,0.0070124953,0.04143432,-0.035473976,-0.008357139,0.008822498,-0.07750066,0.007376243
3aHSDH%MDE7008868_1_3-oxoacyl-ACP_reductase_FabG__Lachnospiraceae_bacterium_,-0.0011525293,0.043474115,-0.018974803,-0.043769125,0.01868665,0.0040279725,-0.10881663,-0.013135711,-0.031159922,-0.048867203,0.018227536,0.006699083,0.0073675336,0.0038257733,-0.026897972
3aHSDH%MDE7415347_1_SDR_family_oxidoreductase__Lachnospiraceae_bacterium_,0.057748448,-0.0013735117,-0.028299483,-0.054006834,-0.049092617,0.07512222,-0.09050345,-0.030667584,0.05721823,-0.08022273,0.037127413,-0.038093675,-0.023880899,0.062198874,-0.064033076
3aHSDH%MFR0796835_1_SDR_family_NAD(P)-dependent_oxidoreductase__Oscillospiraceae_bacterium_,-0.05387625,0.012702707,0.006275641,0.026653223,0.046042167,-0.036060482,0.037913702,0.029147295,-0.060737625,-0.010942458,-0.016128814,0.03542819,0.088674776,0.022465095,-0.043208733
3aHSDH%WP_008977467_1_SDR_family_NAD(P)-dependent_oxidoreductase__Faecalimonas_umbilicata_,-0.014631374,-0.041404083,-0.004726575,0.0054989792,0.029565329,-0.009227719,0.03650008,-0.03828556,0.006289569,-0.024188198,-0.013217104,0.03292886,-0.030380363,0.061636433,-0.04534105
3aHSDH%WP_020436139_1_MULTISPECIES__SDR_family_NAD(P)-dependent_oxidoreductase__Mediterraneibacter_,0.028714364,-0.007952956,-0.035681773,-0.009497075,-0.039373133,0.019195426,-0.0317962,0.025017219,-0.030070039,0.054692555,-0.0012382057,0.025288822,-0.044048358,0.052084163,0.023412855
3aHSDH%WP_021919520_1_SDR_family_oxidoreductase__Evtepia_gabavorous_,-0.01058222,-0.026357522,0.014263588,0.0034762907,0.007646474,-0.018797144,0.009600923,0.009519557,0.012697152,0.028599152,-0.002064521,0.039858516,0.004769245,-0.015804747,0.018765064
3aHSDH%WP_044950032_1_SDR_family_NAD(P)-dependent_oxidoreductase__Mediterraneibacter_gnavus_,-0.061131295,-0.008602018,0.012470243,0.0035020804,-0.011285259,-0.057346553,0.02580754,0.036876306,-0.009854859,0.019802963,-0.076239616,0.03587924,0.04269312,0.017002797,0.013830554
3aHSDH%WP_087213392_1_MULTISPECIES__SDR_family_NAD(P)-dependent_oxidoreductase__Sellimonas_,-0.03472626,-0.027425129,0.02876213,0.028439319,0.027487796,-0.038973924,0.051400147,-0.0068855416,-0.026713224,0.048143376,-0.016031062,0.031741336,0.023545709,-0.01684392,0.019231627
3aHSDH%WP_104968339_1_3-oxoacyl-ACP_reductase__Streptococcus_pluranimalium_,0.023131637,-0.11746959,-0.047009706,-0.021016946,-0.0017994551,0.022394802,-0.048205346,-0.008874645,0.015289127,-0.014341426,0.009856,0.053321943,-0.023952648,0.05956905,-0.040069956
3aHSDH%WP_109137584_1_SDR_family_oxidoreductase__Bifidobacterium_catulorum_,0.022569606,0.03405117,-0.039370336,-0.04608182,-0.042595543,0.022010114,0.032491323,0.07320569,0.08323429,-0.03097798,0.03392041,-0.05445213,0.015896719,-0.03452918,-0.0048874747
3aHSDH%WP_182279434_1_SDR_family_NAD(P)-dependent_oxidoreductase__Collinsella_intestinalis_,0.0003206711,0.0119892955,-0.012546696,-0.012732588,0.008427072,-0.0138936695,-0.003826089,0.023748055,-0.0085647525,0.009530886,0.015806712,-0.0834943,-0.01969885,-0.020169187,-0.004613651
3aHSDH%WP_231385278_1_SDR_family_NAD(P)-dependent_oxidoreductase__Candidatus_Stoquefichus_massiliensis_,-0.03255812,-0.058651265,0.008698115,0.020157065,0.06267206,-0.04450903,0.003225131,0.012438233,-0.055207234,-0.010825306,-0.054879054,0.07533175,0.008424379,0.027938126,-0.027485227
3aHSDH%WP_289544896_1_SDR_family_NAD(P)-dependent_oxidoreductase__Enorma_phocaeensis_,-0.0068933344,0.057288475,0.03414989,0.025807029,0.0026838633,-0.015150424,-0.05332055,-0.02462692,-0.035103515,-0.026295712,0.018527322,0.012218436,-0.04925352,0.05722707,0.0007321723
3aHSDH%WP_316269050_1_SDR_family_NAD(P)-dependent_oxidoreductase__Claveliimonas_bilis_,0.03865928,0.0015094642,-0.01680725,-0.027955223,-0.03430688,0.048054844,-0.044879016,-0.026939383,0.074252285,-0.0012310457,0.0056257104,-0.008741734,-0.055498824,0.034875873,-0.034279622
3aHSDH%WP_427737837_1_SDR_family_NAD(P)-dependent_oxidoreductase__Bariatricus_sp__SGI_154_,-0.0718431,0.020710338,0.012739687,0.023402402,0.028888874,-0.08523603,0.038530495,0.06314029,-0.055751137,0.06431058,-0.069099754,0.026950717,0.036470383,0.016767275,0.05382713
3bHSDH%GENOME124823_1686,-0.04357384,-0.05945013,0.052032355,0.07033214,0.028495902,-0.06149878,0.016520113,-0.0174303,-0.01849778,0.08978946,-0.030033698,0.05522972,0.022288509,-0.033652913,0.030341296
3bHSDH%MEY8522072_1_aldo_keto_reductase__Lachnospiraceae_bacterium_38-10_,-0.0032131893,-0.048758384,0.074902065,0.09705445,0.011670279,-0.0061776494,0.048837222,-0.008110726,0.0011042121,0.0030380501,0.01906371,-0.018773535,-0.030039718,-0.050176807,0.062474642
5AR%GENOME012336_2253,0.07340849,0.022835985,-0.0650256,-0.08128691,-0.04669119,0.05433258,-0.04076176,-0.024221389,0.10015538,-0.044018947,0.046791755,-0.03839606,-0.053405758,0.0028139628,-0.005610412
5AR%GENOME021742_2120,0.023997255,-0.004993434,-0.009637362,-0.020302916,-0.019622123,0.025779411,0.049866512,0.023372801,0.042564336,-0.005144964,0.037497357,-0.01911614,-0.033839203,-0.015912795,-0.0010361384
5AR%GENOME078645_81,0.033282712,-0.05996819,-0.037515443,-0.0072453297,-0.022829039,0.016728353,0.031457495,0.006890778,0.040960055,-0.043238822,0.027268436,-0.004961077,0.03181705,-0.020285916,-0.074201286
5AR%GENOME107567_81,-0.079444624,-0.010535355,0.049298864,0.035125345,0.057351764,-0.06992199,0.06659031,0.021015603,-0.078919664,0.056437545,-0.07056068,0.019617999,0.0133516025,-0.027463097,0.039821893
5AR%GENOME142018_414,0.047685727,0.060658008,-0.001985573,-0.018023707,-0.029997712,0.049362015,-0.01801128,-0.029284935,0.03500686,-0.026966283,0.036933675,-0.027220257,-0.050353132,0.05607183,-0.03515433
5AR%GENOME170052_106,-0.0059529184,0.028453898,0.016086679,-0.010400805,-0.030420251,-0.0015570878,0.041858923,-0.0017885991,-0.00091104524,-0.015433276,0.00042048522,-0.004215489,0.010918456,-0.0013257266,0.020947672
5AR%GENOME179896_434,0.027247567,-0.015424696,-0.0047393744,-0.044510685,-0.004039633,0.03308793,-0.022241186,0.032604083,-0.0035114228,-0.041245498,0.00448064,-0.013889812,-0.011988524,0.07315472,-0.017976854
5AR%MBD5276024_1_DUF1295_domain-containing_protein__Bacteroides_sp__,0.039393634,0.02649624,0.008033545,0.05100558,0.00889022,0.020476,0.028810171,0.025242314,-0.008327163,0.037052717,0.04391325,-0.10016439,-0.057198323,-0.05905496,0.0009270367
5AR%MBO5195293_1_DUF1295_domain-containing_protein__Bacteroidales_bacterium_,0.00621676,-0.055620342,0.002494604,-0.0064405147,-0.030688139,0.0009035276,0.06948598,0.053319756,0.04003816,0.052555274,0.0021455633,0.048974108,0.028033076,-0.064943805,-0.09543917
5AR%MBP3601379_1_DUF1295_domain-containing_protein__Alistipes_sp__,0.064569846,0.09767444,-0.055591572,-0.06121516,-0.037615363,0.062037587,-0.05005191,-0.0068229204,0.009950023,-0.076741785,0.017814873,0.016154418,-0.063807145,0.038777694,-0.029248692
5AR%MCD7962281_1_DUF1295_domain-containing_protein__Rikenellaceae_bacterium_,-0.008667176,0.022730604,-0.020901918,-0.035106447,-0.04023092,-0.0013417182,0.03488857,0.0155992685,0.005195292,-0.014956957,-0.008291096,0.012651405,-0.04348278,0.05849077,-0.042375818
5AR%MCQ2341803_1_DUF1295_domain-containing_protein__Paludibacteraceae_bacterium_,-2.6887907e-05,0.04394391,0.03266524,-0.0031354781,-0.014733684,-0.003584305,-0.07138274,-0.07851472,-0.072218806,0.03552436,-0.017774295,0.034712978,0.042863358,0.03001903,0.042126507
5AR%MCR5660240_1_DUF1295_domain-containing_protein__Bacteroidales_bacterium_,0.009949696,0.057294246,-0.0018453016,0.001106068,-0.01794914,0.008607987,-0.0012662554,-0.03626976,0.0393041,0.018641455,-0.0054900404,-0.01693196,-0.0289465,-0.00837177,0.027950587
5AR%MDE7159808_1_DUF1295_domain-containing_protein__Muribaculaceae_bacterium_,-0.032347307,-0.0016174268,0.031696167,0.0040304633,0.008154779,-0.043000218,0.03559662,-0.018965948,-0.043250855,-0.030323073,-0.030364674,0.068531364,0.07017228,-0.016968682,0.023319637
5AR%WP_005657188_1_DUF1295_domain-containing_protein__Bacteroides_stercoris_,-0.026645057,-0.027610037,0.0041210135,0.008748714,0.033977352,-0.024528097,-0.01722241,0.027767397,-0.026912238,-0.015289362,0.015448629,0.019631805,-0.0017980922,-0.00023964499,-0.020749576
5AR%WP_282194747_1_DUF1295_domain-containing_protein__Alistipes_ihumii_,0.009868652,-0.049261175,-0.033858057,-0.014860761,-0.002070706,0.0076652374,0.0009956033,-0.025417922,0.05650616,-0.09749213,-1.6759996e-05,-0.010625341,-0.006651503,0.061517566,0.017344136
5AR%WP_300108487_1_DUF1295_domain-containing_protein__uncultured_Alistipes_sp__,0.03497202,0.019630382,-0.030240485,-0.016927209,-0.027154947,0.02881434,0.03964639,0.02475743,0.052138075,-0.009993564,0.04212813,-0.018465439,0.018317156,-0.012434946,-0.017374368
5AR%WP_346709278_1_DUF1295_domain-containing_protein__Phocaeicola_salanitronis_,-0.01465361,-0.05284512,0.031879097,0.035984494,0.060234398,-0.011397301,-0.017216131,-0.030634789,-0.030667609,0.030400358,-0.03241695,0.011834849,-0.012029228,0.017741315,-0.030084677
5AR%WP_418203978_1_DUF1295_domain-containing_protein__Bacteroides_sp__,-0.06915461,-0.026483895,-0.020703657,0.0050521586,0.052263137,-0.057345666,0.008178861,0.03264463,-0.049782068,-0.011169898,-0.051744625,0.06961333,0.09808691,-0.002026814,-0.008052778
5BR%CAK7070565_1_MAG__NADPH_dehydrogenase__Parabacteroides_sp__,0.035886224,0.037286676,-0.027360858,-0.04307711,-0.0038093023,0.03291831,-0.00065780827,0.06063262,-0.007598596,-0.03054889,0.055589307,-0.05048532,0.049131397,-0.057510406,-0.07054934
5BR%GENOME006024_4796,-0.061747268,-0.07028809,0.059838224,0.052600216,0.034811497,-0.046824288,0.0005058936,0.04105115,-0.0862925,-0.013242369,0.007535754,0.0006612726,0.054983396,-0.043393902,0.08021713
5BR%MBO7234306_1_NADH_flavin_oxidoreductase__Paludibacteraceae_bacterium_,-0.034172334,-0.025878353,0.031016322,0.02215862,0.0059118276,-0.022766514,-0.018856801,0.0032250797,-0.012679797,0.012362803,-0.020350166,0.036310118,0.039571173,-0.009076184,-0.023755116
5BR%MBO8446450_1_NADH_flavin_oxidoreductase__Candidatus_Enterocola_intestinipullorum_,-0.04169326,-0.046205726,0.04249336,0.032398857,0.015767507,-0.019903988,-0.057255767,-0.022327755,-0.0066721933,-0.06555421,-0.005264121,0.03398235,0.05685903,-0.021675278,0.01595103
5BR%MCA9548846_1_NADH_flavin_oxidoreductase__Myxococcales_bacterium_,-0.010314984,-0.020017834,-0.0034445266,0.0033997828,0.020632882,-0.015367241,0.053468443,0.08764516,0.036080636,0.0016611537,-0.0061177127,-0.029499477,0.010991847,-0.025853083,0.041010156
5BR%MCH5231198_1_NADH_flavin_oxidoreductase__Muribaculaceae_bacterium_,-0.04982201,-0.031524643,0.091923974,0.08080158,0.03510004,-0.049963623,0.0044244137,-0.047511905,-0.029339004,0.042842574,-0.09315436,0.02019685,0.00942493,8.917987e-06,0.054266296
5BR%MCQ2271787_1_NADH_flavin_oxidoreductase__Bacteroidales_bacterium_,0.011964819,-0.028875181,-0.002811201,-0.021442212,-0.0017795314,0.0043721814,0.02493935,0.032255955,0.0011434708,0.042374752,0.006392083,0.060618438,0.0021852741,-0.040763758,-0.04479894
5BR%MCR4591939_1_NADH_flavin_oxidoreductase__Bacteroidaceae_bacterium_,-0.02681519,-3.8667007e-05,-0.0080743255,0.014315223,0.014988692,-0.008515734,-0.040762395,-0.03181106,-0.0062945876,-0.042660877,-0.039656498,0.06421249,0.07785313,0.053101026,-0.011828163
5BR%MDD5892138_1_NADH_flavin_oxidoreductase__Bacteroidales_bacterium_,-0.031208819,-0.041765407,-0.010504376,0.0068072756,0.004367383,-0.045808207,0.00844904,0.025935628,-0.01084324,0.036974423,-0.04509539,0.017172942,0.07935121,-0.042215962,0.048076317
5BR%MEI7492181_1_NADH_flavin_oxidoreductase__Bacteroidota_bacterium_,0.030245863,0.026407108,-0.017735215,-0.023925269,-0.039485786,0.024960544,0.022662187,-0.05538079,0.025882548,-0.023425415,0.03945406,-0.030443465,-0.029986985,-0.05426366,0.06869499
5BR%WP_071425025_1_NADH_flavin_oxidoreductase__Tidjanibacter_massiliensis_,-0.0060761888,-0.024749706,0.003980867,0.00026819314,-0.021392139,-0.015856382,0.01619954,0.0048032384,0.026741343,0.07491835,-0.035759393,0.025260987,0.04305184,-0.028158389,-0.011750119
5BR%WP_259010233_1_NADH_flavin_oxidoreductase__Parabacteroides_distasonis_,0.017204516,0.055809714,0.007071105,-0.0010385157,-0.027313676,0.023044756,-0.06862691,-0.06014462,0.007663751,-0.011658853,0.048018068,-0.02123028,0.011978636,0.016891025,0.009019451
5BR%WP_279088787_1_NADH_flavin_oxidoreductase__Alistipes_putredinis_,0.007860356,0.008753074,0.021107715,0.03725542,-0.002774974,-0.00085023657,0.0042840685,0.018059071,0.015160116,0.11464929,-0.013460195,0.024115302,0.03130423,-0.03706545,-0.009208385
5BR%WP_295936477_1_NADH_flavin_oxidoreductase__uncultured_Alistipes_sp__,0.037312903,0.01557142,-0.020287028,-0.04969747,-0.0313481,0.027490176,-0.018327558,-0.0060204836,0.015997883,0.0057048704,0.026501233,-0.011148962,0.0095607275,0.009038347,-0.026398294
5BR%WP_300285921_1_NADH_flavin_oxidoreductase__uncultured_Alistipes_sp__,-0.008170314,0.0068246634,0.029728355,0.017908193,0.008585119,0.003223113,-0.044251084,-0.03172633,-0.0077055804,0.011186442,-0.01510472,-0.023323312,-0.012521683,0.04783455,0.01644718
5BR%WP_300748828_1_NADH_flavin_oxidoreductase__uncultured_Alistipes_sp__,0.0033258146,0.03526047,0.015193069,-0.00036250174,-0.02229574,0.0037808635,0.028272739,-0.0013977743,0.04601559,0.059101816,0.007598506,-0.05351624,-0.03417882,-0.002362252,0.012125704
5BR%WP_302380465_1_NADH_flavin_oxidoreductase__uncultured_Alistipes_sp__,-0.022359481,0.028128486,-0.04351124,-0.052543722,-0.039492797,0.0034592315,-0.020602226,0.038700107,0.013582298,-0.054297835,0.00027215655,0.014456297,0.07428717,0.03800019,-0.02768623
5BR%WP_418992344_1_NADH_flavin_oxidoreductase__Alistipes_sp__,-0.027139397,-0.027332284,-0.0075001763,-0.007778866,0.0417903,-0.04038105,0.05303409,-0.004487677,-0.0048007034,0.071850345,-0.061866604,0.02926828,0.028658332,-0.033462536,-0.007775197
7aHSDH%GENOME011662_3430,0.020813873,0.032795228,0.036710035,0.023875766,-0.019662391,0.01075629,-0.008133546,0.0056940163,0.007574767,-0.009223749,0.022338355,0.0037492446,0.024811821,0.009394049,0.04929894
7aHSDH%GENOME018142_1887,-0.03653497,0.08683866,0.008874789,0.0002184589,0.047955345,-0.0421315,-0.03696864,0.045137648,-0.053312182,0.024981542,-0.003069547,-0.02985123,0.0140068345,-0.05737569,0.028805114
7aHSDH%GENOME025100_397,-0.06526721,-0.06862426,0.05039154,0.057017136,0.07803412,-0.089497045,0.07461479,0.07725665,-0.042671658,0.04787125,-0.09544372,0.053228416,0.05763367,-0.09078947,0.019291164
7aHSDH%GENOME067790_2714,-0.007981835,0.043732475,-0.0293886,-0.02922627,-0.01870512,-0.010421831,-0.022499254,-0.022673156,-0.0012830734,0.0690127,0.0764565,-0.023308067,-0.0133933555,-0.022574961,0.047896184
7aHSDH%GENOME070302_884,-0.08032483,0.0078805005,0.04760483,0.026083373,0.04690991,-0.08046211,0.015801236,0.069169685,-0.04720656,0.006516074,-0.039421488,0.03434864,0.03435718,-0.0522966,0.07463379
7aHSDH%GENOME086444_1757,0.00061294675,-0.027469935,0.0005399604,-0.01044261,0.0055145756,-0.007492223,0.009293312,-0.019575594,-0.03861482,0.06817112,0.041138854,0.06006707,-0.03091871,-0.016062897,-0.02109555
7aHSDH%GENOME103762_694,0.061904464,0.022468653,-0.05686886,-0.046849266,-0.032849357,0.049099192,-0.03159333,-0.017894581,0.025210673,0.01703102,0.066390015,-0.0883861,-0.05056191,0.049062684,-0.024659969
7aHSDH%GENOME122758_282,-0.048634127,-0.10359354,0.053056765,0.05720593,0.07123498,-0.056640726,0.035367087,0.0019675493,-0.057433918,-0.0024820976,-0.063670024,0.056982473,0.011956627,0.011386704,6.094167e-05
7aHSDH%GENOME215422_1346,-0.046642013,-0.0029171393,0.010599895,-0.0035607633,0.07574481,-0.027655547,0.01837341,0.047429916,-0.022071922,0.032642838,-0.03690773,0.016649835,0.0023106534,-0.028075008,0.031978723
7aHSDH%MBE5948790_1_SDR_family_oxidoreductase__Lachnospiraceae_bacterium_,-0.027459793,0.0011997164,0.018818155,-0.004997251,-0.00035219744,-0.026044937,0.023177171,0.012457461,0.011743765,-0.015524217,-0.028185217,0.01690872,0.116420195,-0.0037606307,-0.014134717
7aHSDH%MBHC130__Clostridiales_bacterium_1_7_47FAA_,-0.033500064,-0.005873509,0.032318614,0.055300668,0.06293806,-0.054676164,-0.010338981,0.018593488,-0.083219826,0.062224552,-0.0440282,0.036754597,0.045656413,-0.030585509,0.02452027
7aHSDH%MCI7810995_1_SDR_family_oxidoreductase__Clostridiales_bacterium_,0.014478645,0.021302331,-0.02095599,-0.0008064697,0.0018899728,0.0153234685,0.011366952,-0.026434513,0.003276529,-0.042737685,0.016087297,-0.00975191,-0.026075065,0.02286038,-0.018174846
7aHSDH%MCI9468093_1_SDR_family_oxidoreductase__Oscillospiraceae_bacterium_,-0.011023073,-0.017591964,0.0059156404,0.018238822,0.018029457,-0.021042997,0.004161634,-0.0034880275,-0.017878622,-0.025220565,-0.014479166,0.014061763,0.03019207,-0.04206708,-0.005296379
7aHSDH%MEO8122524_1_7-alpha-hydroxysteroid_dehydrogenase__Burkholderiales_bacterium_,-0.06180688,-0.009204014,0.043992415,0.05734544,0.0688483,-0.059679095,0.021750571,0.013698095,-0.05640118,-0.0016563424,-0.08800826,0.027420664,0.041422915,-0.0018432541,0.044943005
7aHSDH%WP_071121323_1_7alpha-hydroxysteroid_dehydrogenase__Romboutsia_timonensis_,0.01829239,0.0019829671,-0.05977294,-0.07816324,-0.021804284,0.031089729,-0.080840215,-0.02015623,-0.004213834,-0.019287253,0.011672752,-0.000664265,-0.016213892,0.06934828,-0.029986758
7aHSDH%WP_303013929_1_7alpha-hydroxysteroid_dehydrogenase__uncultured_Bacteroides_sp__,0.016175581,0.036389492,0.013209181,0.020543447,-0.003967079,0.023639757,-0.0891242,-0.051663823,-0.012047576,-0.023265684,0.011944893,-0.010850259,-0.072141945,0.0072361785,0.06907774
7aHSDH%WP_342232791_1_7alpha-hydroxysteroid_dehydrogenase__Pseudoflavonifractor_phocaeensis_,0.0051588463,0.011406639,-0.005031957,-0.04378624,-0.03532499,0.0028519384,-0.0050924416,0.05227953,0.020783627,-0.021388454,-0.000101914135,0.01330173,-0.05644096,0.00637804,0.009947387
BSH1%UPI0001DE6025,-0.03038619,0.037071463,0.03353374,0.02738543,0.041670956,-0.02415444,0.04406528,0.031486403,-0.03788953,0.024243804,-0.04096995,-0.024949644,0.047997817,-0.024942491,0.034778785
BSH1%UPI0002624191,-0.04636686,-0.091657154,0.025828622,0.03390594,0.088828765,-0.048097547,0.036982846,0.01525465,-0.035439298,0.01776581,-0.06695798,0.06897588,0.03326247,0.013976834,-0.059261292
BSH1%UPI000289C842,0.0092915455,0.03204343,-0.058886565,-0.042637054,0.0133963525,0.017140664,-0.029747799,-0.045058217,0.040031984,0.037657227,-0.001564674,0.003192905,-0.028769441,0.03574249,0.057946462
BSH1%UPI0002CB0E7D,0.03282188,0.0034901283,-0.041506466,-0.036327824,-0.062222544,0.026449656,0.03638557,0.020617375,0.08378558,-0.0084354915,0.003788068,-0.039551884,-0.06711218,-0.014332073,0.035942446
BSH1%UPI0002F95F26,-0.009710889,-0.018303609,-0.0039837686,0.007179327,-0.028178114,-0.013139187,0.06661075,0.07993053,-0.04175709,0.084537685,-0.007471513,0.0015610111,-0.019097902,-0.012238382,-0.00767889
BSH1%UPI000334E1FF,0.003735551,0.025056753,-0.07023159,-0.03802098,-0.021424603,0.0028811628,-0.014158252,0.0011905046,0.021080624,0.034225132,-0.0017207481,0.035413053,0.075370975,0.009685089,0.0038392895
BSH1%UPI00035D264B,-0.01710454,0.018097976,0.008110988,0.009431714,0.005733281,-0.033370625,0.03259452,0.07366365,-0.0004850694,-0.010977719,-0.03315376,0.02824816,0.018498687,-0.030905943,0.008061482
BSH1%UPI00041C4F56,-0.012712155,-0.012455262,-0.019933788,-0.013037942,0.002593472,-0.009721459,0.03156003,-0.0014933795,0.0059100217,-0.0573601,-0.015008561,0.035619732,0.032388836,0.021977434,0.04236371
BSH1%UPI00044AC395,-0.044888843,0.013121766,0.025660358,0.046786066,0.041217774,-0.046801515,0.06400111,0.047266293,0.011247285,0.023184616,-0.0059216158,-0.03155745,0.007772492,-0.11293497,0.035065025
BSH1%UPI0004BCDDD9,0.0102444235,-0.07921926,0.022550263,0.0477244,0.020441752,-0.01671834,0.006948716,-0.0062506283,-0.010331911,-0.03250298,0.047002696,-0.007719021,-0.016639085,-0.06962283,-0.019391363
BSH1%UPI0004D6A0E9,-0.015236585,-0.041204568,0.02111791,0.016891051,-0.008834195,-0.0067732884,0.03299511,-0.005737005,-0.0033314219,0.04429724,-0.019504528,-0.014025176,-0.057690617,0.029641876,0.0023131815
BSH1%UPI0004F8D610,-0.014488524,-0.008528885,0.019368693,-0.032112814,-0.014399084,0.00982528,-0.060221504,-0.05336654,0.008077993,-0.032718066,0.029098256,-0.07829995,0.013741996,0.03537548,0.016842086
BSH1%UPI00070D1B8F,0.004777704,-0.08467088,-0.030137949,0.0040877266,0.029314365,0.013698708,-0.057434145,-0.16329557,0.017208036,-0.013082063,-0.014604535,0.017893087,-5.3386575e-06,0.031309757,-0.0022799931
BSH1%UPI00073AFD00,-0.15418176,-0.04425867,0.09486714,0.11109653,0.11865406,-0.14576763,0.10845724,0.05014024,-0.12025692,0.05525288,-0.1653063,0.082483314,0.105267085,-0.046043895,0.0571374
BSH1%UPI00076E9CCB,0.026472606,-0.049199305,-0.02848519,-0.026522655,-0.058044113,0.018079985,-0.0037927395,-0.014422256,0.07009536,0.035803884,-0.029018316,-0.009285673,-0.040335797,0.008293819,0.04945057
BSH1%UPI000801FF16,-0.01254293,0.0516414,-0.023668408,0.00100913,-0.0069214385,-0.01217537,0.012257696,-0.03174825,-0.008459373,-0.0140711395,-0.0026994837,-0.022216987,-0.04262957,0.032753866,0.090894654
BSH1%UPI000949473C,-0.031863987,-0.022815604,0.058389455,0.048773456,0.018329434,-0.032535117,0.09692086,0.07424537,-0.028072407,0.025809132,-0.023909083,0.020549357,0.056579262,-0.06811902,0.023804195
BSH1%UPI00095B1DAC,0.040816355,0.031859532,-0.042680804,-0.010572144,-0.047284875,0.028969612,-0.0531917,-0.041267056,0.08986239,0.05847412,0.0020146526,-0.05778154,-0.013985552,0.049782082,0.0051002796
BSH1%UPI00095C7CBB,-0.0052894778,0.021279514,-0.009405907,-0.015545735,-0.03447814,-0.0042830426,-0.003534105,-0.08987342,0.031848982,0.057191536,0.004794942,0.012657375,-0.037912205,-0.02607167,0.032653995
BSH1%UPI000BCCCB22,0.021284156,0.0051897503,-0.010010548,-0.060677458,-0.040923715,0.021997212,0.0021978305,0.014176807,0.073575795,0.01920925,0.014977034,-0.013863738,0.0325033,-0.01184057,-0.06269052
BSH1%UPI000EF45382,-0.02243424,-0.022176277,-0.051520504,-0.027234215,0.0228078,0.008330676,-0.021034183,-0.041510236,-0.058961414,-0.047484946,-0.002123116,0.020712007,0.026704526,0.09095983,-0.035053983
BSH2%UPI0000382136,-0.044983815,0.0041537643,0.05276503,0.071090996,0.047283076,-0.054527406,0.039606836,0.09045224,-0.07067991,-0.005486323,-0.05807148,0.029664772,0.076040395,-0.015224941,-0.0019959419
BSH2%UPI0001534663,0.026242387,0.04170765,-0.031935252,-0.04283308,-0.014396748,0.015072947,0.057547472,0.070770115,0.017377015,0.008217635,0.027245808,-0.015470797,0.0007860546,-0.05501032,-0.06482084
BSH2%UPI0001971EB2,-0.031442363,0.016293028,0.019140236,0.07182274,0.034442376,-0.025069354,0.04891149,-0.03385538,0.0008104116,0.017369688,-0.013432616,0.020973403,0.023921728,-0.017490726,0.078216985
BSH2%UPI0001C1C05D,-0.038295873,-0.03520609,0.02387671,0.037526153,0.053003583,-0.044603422,-0.0017458742,-0.012967684,-0.006302991,-0.026122961,-0.07259215,0.00957452,-0.015717119,-0.008211458,0.013353359
BSH2%UPI0001CF4F1D,0.039022785,0.01115951,0.04808311,0.014460185,-0.036351573,0.02374759,-0.016938666,-0.009634422,0.065197326,-0.051378574,0.011967686,-0.009446933,-0.07470386,0.0015517067,0.03140867
BSH2%UPI000335FD2D,0.028677627,0.011789912,-0.022653027,-0.03830726,0.02664274,0.006175033,-0.025125766,-0.0064661424,0.015964454,0.01602592,-0.0016885236,0.011319466,-0.06830864,0.013463218,0.029486697
BSH2%UPI00033F049A,0.008304837,-0.02309611,0.018518701,-0.0066006295,0.022138113,0.00478642,-0.0021807698,-0.012277513,-0.022179853,0.04031665,-0.004927499,-0.009930272,-0.030928086,0.024844134,0.023968944
BSH2%UPI00038B932A,0.022350416,0.065408915,-0.0043508136,0.010522739,0.010990655,0.01508852,0.007968117,0.009841173,-0.014397573,0.003929502,0.040220037,-0.07377094,-0.017647848,-0.056001496,-0.004507253
BSH2%UPI000396CDDF,0.025627559,-0.046903204,0.019007603,0.0015345402,-0.033797942,0.04094234,-0.052227944,-0.06275949,0.019066798,-0.001522786,0.027096407,-0.014897231,-0.03632236,0.022285629,-0.0063839853
BSH2%UPI0003AD64AE,0.05379189,0.035418037,-0.02308049,-0.014371906,-0.05634732,0.054237414,0.03686615,-0.0003295361,0.055879522,0.054819476,0.05316045,-0.11963034,-0.07963342,-0.056899257,0.024770873
BSH2%UPI000508CF7A,-0.034099452,-0.022051455,0.071064904,0.08762207,0.02624206,-0.05068635,0.09965468,0.07562839,-0.029542908,0.08694265,-0.059808087,-0.04727901,0.048465163,-0.14403552,0.081426665
BSH2%UPI00050FFCF5,0.062291753,0.013327454,-0.05479384,-0.042722106,-0.03865268,0.06834976,-0.016636161,-0.028701076,0.019197088,-0.025087215,0.06053712,-0.015607805,-0.05576773,0.04684504,-0.023644652
BSH2%UPI0005D317A6,-0.0602339,-0.043783564,0.085383065,0.08801764,0.044299908,-0.05239585,-0.00028175043,-0.0063721715,-0.00199166,0.040025428,-0.09602341,-0.010216896,-0.054780114,0.020135941,0.039192244
BSH2%UPI0006BFFEB7,-0.002908391,0.027432708,0.016826758,0.022904824,0.031024626,0.0048650084,0.04131656,0.07820819,-0.025492193,0.06312063,0.03024351,0.022441236,0.023467805,-0.072469994,-0.07784831
BSH2%UPI0006C0EB58,-0.039206713,-0.037899397,-0.045182943,-0.012088719,0.028988257,-0.033798028,0.01360158,-8.437289e-06,-0.031713586,0.0070528793,-0.019440774,0.05147896,0.07356424,0.005574043,0.029836364
BSH2%UPI0006C1ADDE,-0.0062971357,0.011384203,0.053590212,0.059175454,0.028100168,-0.008319752,0.07897146,0.08318059,0.0065591186,-0.010740867,-0.01720762,-0.082546756,-0.05784065,-0.056055818,0.054086547
BSH2%UPI0006C23C60,-0.026611961,0.009509771,0.02227675,0.03395667,0.007932347,-0.02289807,0.05430092,0.017930493,0.022956083,0.11421462,-0.019472793,-0.012386927,0.03209224,-0.036021784,-0.056345172
BSH2%UPI0006C28698,-0.028446132,-0.03292372,-0.03757445,-0.01957109,0.016904838,-0.007676252,0.045100823,-0.0016635683,-0.018720752,0.03596191,0.02449922,0.04840785,0.047038402,0.024980018,-0.04983242
BSH2%UPI0006C45BC8,-0.02465379,-0.06669931,0.00816074,-0.03119072,0.025330065,-0.010867348,-0.06192958,-0.030984266,0.0018269575,0.00051601464,-0.082717374,0.06047913,0.02248155,0.08725518,-0.040250484
BSH2%UPI0006C52F45,-0.036028665,-0.052508846,0.08511507,0.03716369,0.023278795,-0.030242585,0.0039423895,-0.0073880823,-0.03743037,-0.012405739,-0.050175503,0.0030687987,-0.002608302,-0.028693862,0.0173248
BSH2%UPI0006C5C844,-0.000665373,-0.014958232,-0.017074414,-0.029015612,0.008084018,0.009046622,-0.03868185,-0.02706957,0.01997291,-0.035252396,-0.022563191,0.021843832,-0.023492737,0.051999297,-0.075936906
BSH2%UPI0006CAB5AD,-0.005340545,0.03353894,-0.024226068,-0.015627475,-0.003743226,0.005547017,-0.018092457,0.0057288725,-0.06593437,-0.0074838777,0.024416823,0.04442694,0.037953895,0.0498946,-0.030683191
BSH2%UPI0006CABE2C,0.068288475,0.014863113,-0.037023906,-0.043196127,-0.091089666,0.06431564,-0.023665072,-0.08445375,0.13594425,-0.054889604,0.010527321,-0.04732924,-0.056599878,0.044139247,-0.0073445397
BSH2%UPI00082051E1,0.011999402,-0.027338907,0.04095892,0.019747991,-0.0033020568,0.02101486,-0.027499117,-0.09314745,-0.020760832,0.0009144166,0.021230517,0.003593784,0.0014876549,-0.0059972466,-0.06972459
BSH2%UPI00082062C1,0.02783181,-0.01352464,-0.043627754,-0.043652788,-0.032605056,0.017282728,-0.059880603,-0.0072835833,-0.028410017,-0.028101422,0.018123046,0.030219847,0.020061184,0.018615538,-0.023603056
BSH2%UPI000820857A,-0.019151175,-0.036268543,-0.018522946,0.008680179,-0.015805595,-0.02123391,-0.014054086,-0.061651554,0.026025465,-0.0061338786,-0.026687764,0.028776083,0.06034005,0.017688312,-0.001522965
BSH2%UPI000820B778,-0.00240394,-0.005294129,0.011023984,0.034272317,-0.015529104,-0.007447269,0.04876871,-0.0014321923,0.054269955,0.009333058,-0.008155056,-0.017045384,0.0007700242,0.00037406533,0.024799906
BSH2%UPI000821232B,0.024505353,0.06726942,-0.033565186,0.010923591,-0.034073707,0.012713491,0.038349092,0.028081963,-0.06442041,-0.01674585,0.019717095,0.037549872,0.028090708,-0.020415673,0.029769674
BSH2%UPI0008219BA0,-0.048819717,0.0075657205,0.07128487,0.047206864,0.053537287,-0.04032629,-0.015594548,0.07569054,-0.05461958,-0.0661267,-0.051072173,-0.005605862,-0.018689562,-0.054645266,0.028719768
BSH2%UPI000821B1D8,0.04666007,-0.004381512,0.020133441,-0.040197734,-0.048654214,0.06292916,-0.018544042,-0.116017506,0.0081502525,-0.086606696,0.06984928,-0.033671245,-0.054831415,0.044203464,-0.009082627
BSH2%UPI000821FD65,-0.008242971,-0.034667734,0.056244727,0.05801123,0.03575376,-0.007925879,-0.016476499,-0.117582425,-0.010327837,-0.041553892,-0.031107636,0.038725015,-0.0020936197,0.062106196,0.0054215915
BSH2%UPI0008222B5A,0.0062107663,-0.0836898,0.08147135,0.06342731,-0.004203959,-0.004093032,0.06212069,0.05442515,-0.048839636,0.026674297,0.017401798,0.019922689,0.09512844,-0.08891895,-0.0043348833
BSH2%UPI000822F9A5,-0.020924466,0.030407142,0.0696465,0.039448854,0.058828544,-0.032715812,-0.017149191,0.09033465,-0.061308008,0.018627288,-0.020793943,-0.021886222,0.03629938,-0.07856811,0.034014087
BSH2%UPI0008E59C2D,0.019876545,0.010507341,-0.04543285,-0.03029601,0.0024324618,0.03206424,0.016342515,0.009037318,-0.02297198,-0.11270982,0.038408577,0.008725699,0.01126186,0.07566222,-0.030510742
BSH2%UPI00095B7069,0.042569976,-0.020679047,0.0222927,-0.01912982,-0.026590593,0.02770127,-0.0016291897,0.024556143,0.07431787,-0.0032331976,0.04957304,-0.0727852,-0.024339855,-0.07905406,0.02219827
BSH2%UPI000960BD65,0.00041009003,0.003281706,-0.028855357,-0.036411,-0.007634899,-0.001397177,-0.09586982,-0.07381415,0.0055696843,0.015492874,0.01308707,0.035821486,-0.0357049,0.041009482,0.008803027
BSH2%UPI0009611255,-0.033624917,-0.039973896,-0.06816683,0.021379836,0.022015333,-0.030813867,0.11107012,0.10383621,-0.017523743,0.0067463177,0.003059483,0.02362776,0.06496426,-0.067849435,-0.06666093
BSH2%UPI000961A2BF,0.0371228,0.04541882,-0.068025105,-0.013781191,-0.0050631072,0.033835717,-0.0043404256,-0.11386426,0.054020096,-0.014149165,0.030496625,-0.039578337,-0.0433112,0.054753054,0.045539603
BSH2%UPI000965B48B,-0.065697,-0.02236562,0.05521306,0.03176183,0.058083836,-0.06879561,0.045728344,0.049310252,-0.040777877,0.077909544,-0.093167126,0.04599549,0.0474047,0.0052296775,0.050125927
BSH2%UPI0009698BA7,0.039548818,0.06672552,-0.016011622,-0.031648632,-0.063241094,0.019157434,0.03859124,-0.016178457,-0.022272347,0.038387902,0.036238417,0.0025081234,-0.03693019,-0.048245534,-0.0091977315
BSH2%UPI000B38AD3B,0.018093212,0.031997588,-0.04987511,-0.064320095,-0.0033389106,0.007722887,0.006117789,0.022550471,0.015713127,0.06412082,0.012488348,-0.0022348955,-0.0053583444,-0.05097445,-0.04234734
BSH2%UPI000B431D75,-0.0011092783,-0.008957144,-0.021289196,0.004925277,0.011849629,-0.017602965,0.025675112,-0.033180572,-0.017287116,0.015830621,0.005183462,0.06703529,-0.031635262,-0.0109776985,-0.0134288035
BSH2%UPI000D6581CE,0.03183608,-0.05753915,-0.04062508,-0.05892146,-0.03037683,0.01326114,-0.025255313,-0.095264375,0.041788105,-0.023105398,-0.010360538,0.053602204,-0.03027386,0.11702218,-0.081835076
BSH2%UPI000D7A6AEA,-0.020918915,-0.016518937,-0.00741845,0.026658788,0.06430812,-0.0126766,-0.06864608,-0.08241265,-0.061718058,0.040849842,-0.041063815,0.0005961184,-0.0326406,0.06381514,0.06643831
BSH2%UPI000D7ABA35,0.002492049,0.022162087,0.0005937538,0.04356031,0.007658488,-0.005240396,0.084043704,0.012293334,-0.0112315575,0.007116318,-0.0092327725,0.038385108,-0.014914109,-0.0210068,0.0066057406
BSH2%UPI000D7AF0AB,-0.027060041,0.05999011,-0.017176498,-0.014521578,0.013770722,-0.0120998155,-0.07190344,-0.00036136713,0.0115603255,-0.006220605,-0.026854856,-0.01181567,0.025795147,0.040649954,-0.03149303
BSH2%UPI000DF74F5E,0.027526287,-0.11346704,0.0028523603,0.000106413805,-0.029404053,0.01742997,-0.049723182,-0.008660884,0.03623821,0.055902638,0.0021026873,-0.02544003,-0.048349623,0.016760241,-0.014498362
BSH2%UPI000DF7AEC4,-0.012465303,0.022302281,-0.0087093655,0.031645134,0.009845976,0.0026320936,-0.0007629645,-0.06062498,0.0029001916,0.0058069183,-0.020880137,0.0676863,-0.044135828,0.076131225,-0.043081764
BSH2%UPI000DF86417,-0.00060650776,0.009538395,0.041464783,0.032886818,0.01458547,-0.0035662288,0.05962985,0.03584218,-0.017682415,0.09777972,-0.0007722404,-0.000540484,-0.03049235,-0.025403442,-0.04434635
BSH2%UPI000E40484B,0.024199503,0.068872094,-0.009384353,-0.04013804,-0.04733631,0.025262639,-0.027065642,-0.04628725,0.055361733,-0.05730536,0.034839407,-0.010233649,-0.017054506,0.04878043,-0.07176072
BSH2%UPI000E466DA6,-0.022915065,0.0718887,-0.00155457,-0.0018936958,0.036026724,-0.016982283,0.02645542,0.08226486,-0.010452084,0.077915736,-0.00664656,-0.018372256,0.030531352,-0.04783232,0.03732633
BSH2%UPI000E4BF981,0.02857508,0.039110273,-0.024130475,-0.04504893,-0.003562454,0.021940468,-0.061686058,-0.05684774,0.0020267419,-0.0051216763,-0.008736936,0.010385936,-0.0010466434,0.0132684205,0.033790294
BSH2%UPI000E4E4D64,-0.021965088,0.034050856,0.021508172,0.03732718,0.051037505,-0.032546468,0.09340064,0.067410275,-0.03905192,-0.0051560234,0.0106625445,-0.036616586,0.005757943,-0.055021666,0.004957458
BSH2%UPI000E53BC4B,-0.015087992,0.053086992,0.035116293,0.03170001,0.06385942,-0.022928985,-0.10645339,-0.041861642,0.0057954043,-0.091457635,-0.0016681786,0.04083366,-0.010899752,-0.056883287,0.0387282
BSH2%UPI000E53DAEE,-0.038130976,-0.092049405,0.0013646304,0.01719196,0.045913626,-0.047165714,-0.017848026,-0.07397227,-0.050413832,0.03480031,-0.06589175,0.075313896,0.07202198,0.013258841,0.03925784
BSH2%UPI000E7D8CB5,0.022614608,0.035095125,0.017355971,-0.017705075,-0.041058663,0.028302323,0.030311136,0.009980812,-0.0047205733,0.0067819403,0.022005433,-0.010922347,-0.08665659,0.00975424,0.07875548
BSH2%UPI000E80FD85,-0.04868598,-0.051444225,0.056092218,0.049233433,0.049625937,-0.06435623,0.072207704,0.06773051,-0.045660518,-0.023813875,-0.09015478,0.0012403649,0.027613986,-0.061198626,0.094487496
BSH2%UPI000E8B2418,0.035792995,0.04381894,-0.045344852,-0.041685715,-0.046909202,0.03262072,-0.06184438,-0.045649875,-0.0075239744,-0.007181513,0.043041524,0.012899481,0.017856898,0.01827231,0.05992516
BSH2%UPI000E8E16B0,0.018880429,-0.021696102,-0.07389594,-0.045274235,-0.01822861,0.0129413465,0.028080072,0.0033547624,0.059678473,0.01212814,-0.0031699121,0.0022661567,-0.0062534157,0.030572498,-0.06243328
BSH2%UPI000E91045C,0.0054812897,0.0066274535,-0.02195646,-0.040348783,-0.011557307,0.015628586,0.007948575,0.0092652375,0.023369959,0.052725304,0.01329007,0.009444178,-0.02419311,0.04453237,-0.015370344
BSH2%UPI000EC98B2C,-0.038611468,-0.055369984,0.040461607,0.07023733,0.068796985,-0.038414888,0.0613107,0.049434077,-0.024151828,0.0966259,-0.005953374,-0.028491009,-0.030518884,-0.056669798,0.027327325
BSH2%UPI000ECC9F84,0.00042939864,-0.02483602,0.018065201,-0.0036690617,0.013573558,-0.0004308411,-0.029914103,-0.011550614,-0.018589921,-0.005998727,-0.0030049882,0.05036501,-0.01690395,0.01980532,0.026393805
BSH2%UPI000EE4CDBB,-0.031427734,-0.027779061,-0.09035115,-0.0624984,-0.0020769543,-0.013826788,-0.02210235,-0.0064639254,-0.0076827686,-0.009030413,-0.01582678,0.057337236,0.047159743,0.047887735,-0.055090666
BSH3%UPI000156F498,-0.029981922,0.021046305,0.0375082,0.03464621,0.034873962,-0.014672055,0.015303945,0.026550617,0.008981304,0.014775404,0.0018256399,-0.042469632,0.012750592,-0.0289151,-0.026669746
BSH3%UPI00016547A5,0.11734615,0.032298848,-0.024952337,-0.028497824,-0.08783993,0.09926711,-0.03842081,-0.008958425,0.1010469,-0.05528661,0.10869182,-0.059584104,-0.041533552,-0.0072481777,0.0042788126
BSH3%UPI00017EF3F1,0.024589164,-0.0071306187,0.020844296,0.0067668445,-0.008383739,0.027192391,0.01462766,0.0053298054,-0.0047841477,0.0018119763,0.07153316,-0.053901695,-0.022091502,-0.063872665,-0.013788495
BSH3%UPI0001A5F983,-0.091959044,-0.054434713,-0.0045853504,-0.02504914,0.049026545,-0.09946421,0.061540246,0.050041374,-0.045341335,0.08091197,-0.090012625,0.09980584,0.038282108,0.00889847,-0.037582427
BSH3%UPI00033CE23D,-0.001495796,0.0353675,0.037423506,0.06915429,0.026683168,-0.018459557,0.013592691,-0.00590916,-0.0978678,0.004250015,0.009600129,0.022126853,0.035893023,-0.043711632,0.0352963
BSH3%UPI00035F5DCE,-0.06826167,-0.05557062,0.024306742,0.03266989,0.03258681,-0.070159666,0.005752729,-0.007569784,-0.04369886,0.03666611,-0.05849321,0.07239213,0.062012542,0.014551777,0.016949864
BSH3%UPI0004DA32C0,-0.014391651,-0.03809477,0.042708017,0.050321173,0.034711793,-0.024384521,-0.0029959818,0.008885068,-0.018304048,0.025818927,-0.03756397,0.010864922,0.0135810245,-0.019392833,0.026223205
BSH3%UPI0005420AB0,-0.0020482708,0.014760188,-0.0025696186,-0.022653945,-0.009935946,-0.0020783085,-0.002420877,0.0030142441,-0.025176166,0.035826027,-0.005709923,0.03431186,0.023943212,-0.025516655,0.0031304916
BSH3%UPI00080CB216,0.021169674,0.051173735,-0.01742264,0.027493846,-0.039603174,-0.0032250034,0.049708713,0.025352197,-0.022455726,0.049708083,-0.014879964,0.008667747,0.00018535495,-0.048179917,0.030771725
BSH3%UPI000E555DC1,-0.034010626,-0.015034919,0.01877731,0.009819702,0.0132322945,-0.0006276076,0.008962032,-0.025321614,-0.03206382,0.019424554,-0.029948149,-0.016952379,0.027839726,0.030383091,-0.036682524
BSH3%UPI000EF23C17,-0.0899265,-0.057498235,0.0074362485,0.02107546,0.01955469,-0.067856684,-0.016746677,-0.05714324,-0.025832022,0.050902292,-0.07513751,0.06808233,-0.01970821,0.031087117,0.05975895
BSH4%UPI000463D8BF,0.01227022,-0.03618898,-0.009805569,-0.018215258,0.019098409,0.0010861278,-0.091168076,-0.013798451,-0.035645973,0.01168013,0.032529816,0.028335113,-0.03718889,0.06591164,-0.011630459
BSH4%UPI000822CCAE,0.05170667,0.0045591015,0.020131528,-0.011447476,-0.0275847,0.04799542,-0.017762495,-0.0074494616,0.052037314,-0.011198971,0.0542617,-0.10987687,-0.08101132,-0.022117272,0.014790732
BSH4%UPI000B375707,-0.01639626,-0.039493084,0.010306586,0.015596442,0.06922448,-0.014585296,-0.010754904,-0.016409673,-0.035455603,-0.016234823,0.00610655,-0.0013362453,-0.015998175,0.00080953195,-0.014227802
BSH4%UPI000E54B9B5,-0.014978885,0.030364942,-0.03893776,0.005694606,0.00079040125,-0.018307164,0.07007996,0.034683414,0.012023382,0.004959258,0.0078133205,0.013500188,0.060838018,-0.045366105,0.04887699
BaiA%QinJ_2012__T2D-016__bin_41_fa_BDDCEIPF_01842__3alpha-hydroxy_bile_acid-CoA-ester_3-dehydrogenase_2,0.027046517,0.020884873,0.0025081818,-0.03428299,-0.033161744,0.033429593,-0.029295867,0.0012655166,-0.006589609,-0.0024746761,0.0169294,-0.010082901,-0.04757505,-0.0014732963,0.016959473
BaiA%SRR5558193_bin_68_NNEAJJHP_00384__3alpha-hydroxy_bile_acid-CoA-ester_3-dehydrogenase_2,-0.026751341,-0.0053843204,0.036224805,0.04367359,0.044347424,-0.040498205,0.009793404,0.023366116,-0.051105533,0.041418247,-0.031784844,0.044365343,0.06835891,-0.048854265,0.00523654
BaiA%bai_cluster_2%midas_uncultured_Eubacterium_73696%uncultured_Eubacterium_73696|FMDW01000013_861,0.058593404,-0.0027383282,-0.037523247,-0.07064092,-0.068437,0.05989315,-0.034225024,-0.10186872,0.061677333,0.02618062,0.041884504,-0.059466816,-0.06286808,0.0040911282,0.0017781038
BaiA%bai_cluster_3%midas_Clostridium_hylemonae_61789%Clostridium_hylemonae_61789|NZ_GG657759_1098,0.021250067,0.021743834,-0.021706877,-0.036735035,-0.0009859239,0.02810542,-0.039360154,-0.025839854,0.004994359,-0.052968122,0.0050402703,-0.019858614,-0.04670053,0.050694995,-0.02636752
BaiB%CosteaPI_2017__SID713A038-11-90-0__bin_26_fa_FGHNBBEK_00429__Bile_acid-coenzyme_A_ligase,-0.006673128,-0.036016718,0.06023771,0.08453958,0.057827145,-0.009298126,-0.011370104,0.0056883316,-0.011498251,0.017675968,-0.01715484,-0.010863831,-0.0024924802,-0.039638482,-0.0064379666
BaiB%Obregon-TitoAJ_2015__NO11__bin_28_fa_ODBMCAMJ_01958__Bile_acid-coenzyme_A_ligase,0.041083302,0.05585132,-0.03879785,-0.034844406,-0.033178926,0.036539983,-0.002570079,0.04136168,0.044583093,0.0351786,0.029760497,-0.08231271,-0.014897606,-0.03613445,-0.02342792
BaiB%SRR2992899_bin_23_LIJELFFN_00493__Bile_acid-coenzyme_A_ligase,-0.015594671,-0.03708016,-0.04316576,-0.006085698,0.011251386,-0.0143512,0.020710371,0.029574882,-0.028214078,0.028011728,-0.013601008,0.04068349,0.03531348,0.023410833,-0.040480446
BaiB%WP_286151641_1_bile_acid--CoA_ligase_BaiB__Sporofaciens_musculi_,0.009592784,0.036713663,-0.023783179,-0.00510739,-0.035447754,0.011145207,-0.010258568,-0.08640339,0.06830004,0.03756146,-0.0034873495,-0.027875679,0.02786868,0.027135558,0.011198398
BaiB%bai_cluster_10%midas_Lachnoclostridium_nov_76594%Lachnoclostridium_nov_76594|ERS138182_8080_1_84_3_3065,0.056157522,-0.0044470574,-0.018671446,-0.03347486,-0.048940964,0.0561908,-0.051171165,-0.065157026,0.04161766,-0.022215918,0.035582643,-0.017982647,-0.081647374,0.040686727,-0.0064030928
BaiB%bai_cluster_2%midas_uncultured_Eubacterium_73696%uncultured_Eubacterium_73696|FMDW01000013_871,0.028862445,0.06447881,-0.061985753,-0.080883525,-0.040141094,0.060217485,-0.063716695,-0.04571523,0.03807993,-0.10259084,0.050678514,-0.015418043,-0.030693788,0.11181594,-0.03480565
BaiCD%HIT29267_1_FAD-dependent_oxidoreductase__Candidatus_Scatomorpha_stercoravium_,0.02092904,0.040229853,-0.0030307295,0.003656325,-0.030464614,0.025793104,-0.008566909,0.015208941,-0.026249895,-0.0020424153,0.028895821,-0.019828983,-0.051599964,-0.022139998,0.011755484
BaiCD%MCI8583944_1_FAD-dependent_oxidoreductase__Dorea_sp__,-0.044367585,-0.0018780758,-0.03120615,-0.007028571,0.035700183,-0.039841175,0.050320555,0.09636637,0.0035967,0.020411227,-0.036561117,0.0054127043,-0.004397383,-0.028935645,-0.042695217
BaiCD%MEI3381486_1_FAD-dependent_oxidoreductase__Dorea_sp__,0.058016963,0.049594928,-0.041671667,-0.055920195,-0.08342199,0.07027784,-0.030336982,-0.014334876,0.0754292,-0.037816383,0.052932046,-0.08461778,-0.016941614,-0.007600683,-0.04112736
BaiCD%XieH_2016__YSZC12003_35390__bin_5_fa_PIKIEFGP_00577__NADH_oxidase,-0.0050831293,-0.035960082,0.018156078,0.015503367,0.018652922,-0.00069577515,0.02042203,0.07378527,-0.042405237,0.0872083,0.033902448,-0.02068713,0.049139503,-0.05673025,0.044785332
BaiCD%bai_cluster_1%midas_Clostridium_hiranonis_61655%Clostridium_hiranonis_61655|NZ_DS995354_290,-0.0030398525,-0.013327111,0.008758125,0.0018086821,0.017420985,0.010552829,-0.04447858,-0.03056777,-0.0064582904,-0.045156587,-0.0034349177,-0.009824823,-0.020150091,0.046563707,-0.014064064
BaiCD%bai_cluster_10%midas_Lachnoclostridium_nov_76594%Lachnoclostridium_nov_76594|ERS138182_8080_1_84_3_3076,0.046064183,0.009330306,-0.0065822457,-0.024388243,-0.033559702,0.049005996,-0.033639956,-0.026203642,0.058719084,-0.016696664,0.024353787,-0.04148645,-0.029784052,0.0358882,-0.012419746
BaiE%FengQ_2015__SID531416__bin_49_fa_CEDOFBAM_00064__Bile_acid_7-alpha_dehydratase,0.024834536,0.034106154,0.048490535,0.003758469,-0.028802788,0.040629946,0.0015548951,0.030316737,0.029765341,-0.050984725,0.026839523,-0.09335065,0.042409442,-0.057562917,-0.00433827
BaiE%LiJ_2017__H3M515915__bin_8_fa_COLEEGFP_01274__Bile_acid_7-alpha_dehydratase,-0.019781772,-0.01636146,0.033276957,0.073328264,0.032697868,-0.017185494,-0.0020564015,0.0004226771,-0.034370895,0.017510531,0.006575724,-0.046123423,0.050485495,-0.06887488,0.06739278
BaiE%MCI8938768_1_nuclear_transport_factor_2_family_protein__Dorea_sp__,0.022994373,-0.022739515,0.04780691,0.067323506,-0.011646921,0.019612258,0.00843474,-0.046908803,0.061524633,0.04624908,0.01590798,-0.036575492,-0.08506451,-0.015939789,0.028364575
BaiE%bai_cluster_2%midas_uncultured_Eubacterium_73696%uncultured_Eubacterium_73696|FMDW01000013_166,0.032226123,0.004036363,-0.002051249,-0.035350904,-0.00032987297,0.03895758,-0.027601304,-0.091507204,0.027326226,-0.06664719,0.029513348,0.011521619,-0.060221158,0.097767115,0.01289828
BaiE%fig|1950888_3_peg_203|__Bile_acid_7-alpha_dehydratase_(EC_4_2_1_106)_(BA7_alpha_dehydratase)_(Bile_acid-inducible_operon_protein_E)____Clostridiales_bacterium_UBA4701_|_1950888_3_,-0.0010760324,-0.012755546,-0.019104823,-0.013773572,0.002957168,0.016173268,-0.006017983,-0.015997821,0.019686785,-0.023125952,0.009320139,-0.00066190487,-0.05856229,0.057143856,-0.06623691
BaiF%ERR688512_bin_36_KMFCMBJN_00514__Bile_acid-CoA_transferase,-0.001506602,-0.011124465,-0.0012569727,-0.021730933,0.024786089,0.008382463,-0.004597207,-0.032967504,-0.013869765,-0.006050472,-0.021977626,0.0044267606,-0.014877944,0.0123239895,0.0024087473
BaiF%KarlssonFH_2013__S54__bin_27_fa_BBGPADBL_00031__Bile_acid-CoA_transferase,0.04273488,-0.0001767337,-0.008584748,-0.02287742,-0.041437257,0.03843184,-0.012152103,-0.00045234233,0.036679663,-0.033350434,0.04261787,-0.014765027,0.012270587,0.02880461,-0.06420131
BaiF%LiJ_2014__MH0358__bin_56_fa_NPCPOAJM_00305__Bile_acid-CoA_transferase,0.016255103,0.044630498,-0.016556105,-0.04058594,-0.054438543,0.02189114,-0.01727646,-0.015477036,0.04724152,-0.044995178,0.022491083,-0.030495856,-0.07820013,0.02640966,0.047616262
BaiF%Obregon-TitoAJ_2015__NO11__bin_28_fa_ODBMCAMJ_01956__Bile_acid-CoA_transferase,0.05322921,0.054397687,-0.045553137,-0.0039196103,-0.031890936,0.042908136,-0.04023321,-0.050768785,0.021698976,-0.012353208,0.04128802,-0.018063778,-0.021355476,-0.018668437,0.008087447
BaiF%RaymondF_2016__P21E7__bin_22_fa_DDJCLBHB_00373__Bile_acid-CoA_transferase,0.055244375,0.041414022,-0.008518943,0.05579456,0.03348671,0.03599715,-0.060456578,0.028910358,0.03784202,0.029651616,0.030717567,-0.09474836,-0.012601044,-0.022861388,-0.05278388
BaiF%SRR4783510_bin_28_GHBMCCFK_00008__L-carnitine_CoA-transferase,0.03723903,0.011034017,-0.06411055,-0.03954474,-0.040408116,0.0405903,0.0036687613,-0.029964564,0.019635241,-0.061034795,0.044605795,0.02593404,-0.005590017,0.046064094,-0.06760598
BaiF%SRR5127813_bin_22_DKEDJIEF_00985__Bile_acid-CoA_transferase,0.0064981254,-0.06516071,0.059787,0.011854177,-0.0149541935,0.0030087486,-0.0508539,-0.0772365,0.022783304,0.038690798,-0.008650433,-0.018145801,-0.043464467,0.01064192,0.06732483
BaiF%bai_cluster_2%midas_uncultured_Eubacterium_73696%uncultured_Eubacterium_73696|FMDW01000013_892,0.041084815,0.066175684,-0.081257,-0.0595909,-0.048709564,0.05414332,-0.040644888,-0.009929027,0.030271957,-0.066544615,0.03873256,-0.018339155,-0.005037474,0.047332197,-0.020647915
BaiF%bai_cluster_3%midas_Clostridium_hylemonae_61789%Dorea_sp_89094|KQ236743_10986,0.028944746,-0.0024169465,-0.010823636,-0.010819924,-0.003020336,0.037104562,-0.048927184,0.0020061824,0.005273658,-0.04625354,0.017726462,-0.027523212,-0.019535683,0.030361278,-0.044145193
BaiF%bai_cluster_3%midas_Clostridium_hylemonae_61789%Dorea_sp_89094|KQ236743_13110,0.04095922,0.017386075,0.026311254,0.009119163,-0.02279978,0.047293667,-0.005023725,-0.057989024,0.029892376,0.011965568,0.03070771,-0.020677343,-0.093845,0.023194399,0.038194563
BaiF%fig|1950825_3_peg_1464|__L-carnitine_dehydratase_(EC_4_2_1_89)____Clostridiales_bacterium_UBA1701_|_1950825_3_,0.04475601,0.02073506,0.009811366,-0.0054276697,-0.018182037,0.045657635,0.0010473843,0.024290219,0.017240562,-0.058033224,0.050080057,-0.035410065,-0.06643799,-0.0060795266,-0.03649074
BaiG%MBE6987074_1_MFS_transporter__Oscillospiraceae_bacterium_,0.016622914,0.010502699,-0.023607295,0.008229457,-0.0156431,0.0205015,-0.009107638,0.018119808,-0.007985693,-0.009655722,0.022604503,0.0002629392,0.06712685,-0.014316661,0.07152082
BaiG%MBR4017991_1_MFS_transporter__Clostridia_bacterium_,-0.0599042,-0.03828268,0.06380441,0.071907766,0.07862811,-0.057334803,0.018538805,0.029198127,-0.042868875,0.04673696,-0.09274149,-0.014816381,0.036726188,-0.04133451,0.062266678
BaiG%MDY4488523_1_MFS_transporter__Candidatus_Limivicinus_sp__,0.008965874,0.0113210725,-0.048827462,0.0024262376,0.004761278,0.0030730304,0.044728454,0.046158683,0.001220719,-0.068764955,0.025197277,-0.008738616,0.054318957,-0.04454166,-0.022357062
BaiG%MEE1256339_1_MFS_transporter__Lachnospiraceae_bacterium_,0.010247801,0.013451754,-0.026498241,-0.05267359,-0.0038491192,0.03386666,-0.086180285,-0.08123109,0.004998741,-0.05276501,0.015209951,0.019267041,-0.061359145,0.06738634,-0.040444992
BaiG%bai_cluster_10%midas_Lachnoclostridium_nov_76594%Lachnoclostridium_nov_76594|ERS138182_8080_1_84_3_3097,0.04131925,0.014971364,-0.018582137,-0.02607309,-0.04667102,0.04904844,-0.044691447,-0.118098676,0.03131145,-0.027329035,0.021735976,-0.014518533,-0.05803788,0.06377669,0.0014614384
BaiH%MFR3389927_1_7-beta-dihydroxy-3-oxo-5-beta-cholanoyl-CoA_4-oxidoreductase_BaiH___Clostridium__scindens_,0.024075005,0.039711732,-0.021398196,-0.02595708,-0.034480806,0.028520249,-0.021584459,0.014464799,0.0037596542,-0.02328399,0.0159955,0.019049918,-0.052626967,0.035696004,-0.026639173
BaiH%Obregon-TitoAJ_2015__NO11__bin_28_fa_ODBMCAMJ_01962__NADH_oxidase,0.059664883,0.037905715,-0.07638965,-0.07432951,-0.060018115,0.052902892,-0.059963044,-0.039416645,0.074081875,0.013911895,0.03244907,-0.023952559,-0.08986575,0.009856412,-0.08064344
BaiH%bai_cluster_11%midas_Romboutsia_sp_25236%Romboutsia_sp_25236|FJTZ01000011_310,-0.066128165,-0.0016103423,0.034837216,0.010070636,-0.016308604,-0.040714327,-0.015907688,-0.041351143,-0.037957143,0.036692772,-0.057096854,0.034906544,-0.013748726,0.08234914,0.061082568
BaiH%bai_cluster_17%midas_Proteocatella_sphenisci_59007%Proteocatella_sphenisci_59007|AUID01000012_928,-0.02392655,-0.0050065015,0.03264661,0.026828803,0.042456087,-0.031935107,-0.0060157077,-0.039222706,-0.007433219,0.012846901,-0.050843183,-0.0007212554,-0.0073462087,-0.020552516,0.01821147
BaiH%bai_cluster_2%midas_uncultured_Eubacterium_73696%uncultured_Eubacterium_73696|FMDW01000013_836,0.075549945,0.063042045,-0.045551725,-0.045073487,-0.05993174,0.09329274,-0.09992941,-0.08163276,0.076419145,-0.075133584,0.07211372,-0.06611418,-0.062606126,0.08028822,-0.010636639
BaiH%bai_cluster_3%midas_Clostridium_hylemonae_61789%Clostridium_hylemonae_61789|NZ_GG657759_22762,0.054335017,0.02634024,-0.044848323,-0.042843714,-0.055960473,0.050311476,-0.040817324,-0.042839352,0.04076655,0.023195315,0.020080794,0.00927591,-0.051387228,0.0010762895,-0.037511386
BaiI%LiJ_2014__V1_FI04__bin_94_fa_MJMNNJHI_00331__hypothetical_protein,-0.024253635,0.003275049,-0.03353268,-0.039148174,0.015436768,-0.03242297,0.0126457205,0.11253482,-0.040306944,0.04661636,-0.024009135,0.009683675,0.082362324,-0.04956737,-0.0068842922
BaiI%QinJ_2012__CON-070__bin_41_fa_AAAKDJOM_00400__hypothetical_protein,0.01658371,0.021973627,-0.015406912,-0.026906714,0.0016265016,0.023694195,-0.0058270786,0.0071434076,0.024732942,-0.04757884,0.022819264,-0.016527025,-0.0031793087,0.035015643,-0.07082876
BaiI%WP_279004450_1_nuclear_transport_factor_2_family_protein__partial___Clostridium__scindens_,0.0044216593,0.004634096,-0.040982615,-0.060973827,-0.030151326,0.03501934,-0.05333893,-0.034803275,0.017456768,-0.038025144,0.012846194,-0.019470531,-0.011976013,0.06284251,-0.010379396
BaiI%bai_cluster_2%midas_uncultured_Eubacterium_73696%uncultured_Eubacterium_73696|FMDW01000003_2059,-0.0082380865,0.022522604,-0.0036128613,-0.045176078,-0.024499984,0.024494272,-0.043192443,-0.060639776,0.030009434,-0.06783333,-0.001434423,0.028233578,-0.03754214,0.08598766,0.0013907466
