SampleID,Run_0,Run_1,Run_2,Run_3,Run_4,Run_5,Run_6,Run_7,Run_8,Run_9,Mean
isoLCA,0.5630669353664323,0.6740418175754075,0.5338258712777801,0.7076316370486244,0.6832924646626927,0.6324438525533524,0.6006766818397479,0.5430459843007935,0.674226196348126,0.6603766494266643,0.6272628090399621
LCA,0.6044957886479047,0.5189816184933084,0.4606909154112469,0.6079578817814982,0.7132193708103742,0.6530026729050109,0.6383087416677237,0.5843750146798387,0.5289263283492346,0.5948658145313962,0.5904824147277536
3oxoLCA,0.619053490983056,0.52911657905739,0.5432538508152596,0.6223288565697563,0.6624964181193835,0.5250672923801069,0.4507849603292042,0.5122699962889369,0.6631928296621994,0.6355454088511205,0.5763109683056413
DCA,0.6031816494971276,0.6246752819703396,0.5873192031078981,0.5141454924674813,0.5907589828868314,0.50723657323243,0.5693827891223571,0.6596673196258872,0.485833368564946,0.4718769524185328,0.5614077612893831
isoDCA_isoCDCA,0.6410274477750063,0.29546169853953225,0.5109805192669946,0.6149419617901417,0.6084041488747022,0.4464502975896879,0.4447568314096873,0.5386279400780732,0.4938650018555316,0.4886812572518403,0.5083197104431197
isoCA_aMCA,0.5417294963758416,0.49652616299553265,0.4139561812689957,0.4677125758066865,0.39607261470238686,0.591943939457997,0.5385069782080733,0.5583658638556538,0.4981973158208731,0.44996876130347574,0.4952979889795516
IleLeu_CA,0.453225336696778,0.5427030632712787,0.4088276328584112,0.44887423253803843,0.48169717724319683,0.49407169398291034,0.41505658196986994,0.3438135637011044,0.4912790014891229,0.4814728693095074,0.45610211530602174
GLCA,0.5311447455572937,0.3970050780497658,0.44179267840114245,0.5287349032539916,0.36623378758625874,0.42790789986705935,0.49009521930504474,0.38994818604170484,0.4010355745336509,0.43566590096628577,0.4409563973562197
Glu_DCA,0.4450116734076485,0.4195157297406484,0.4800894413205748,0.4487873278935724,0.3820339914598571,0.4869185022336842,0.4428742889086186,0.35132259473780636,0.4774106643742631,0.3865636024558783,0.4320527816532552
3oxoDCA,0.4934081652785412,0.400301582604039,0.45361993075813734,0.3733282599811159,0.4578841302724108,0.4613885013411501,0.4753308248425147,0.3449961714980952,0.15442603005491437,0.49408930978922105,0.410877290642014
7oxoDCA,0.4008429750513207,0.37780502355820494,0.4473134720989116,0.31925595531692014,0.283686119214382,0.46764328696853114,0.38794468167063617,0.3283727222762441,0.4293324314040503,0.34828562972984406,0.3790482297289045
CA,0.456193012866585,0.32937917201012795,0.286381337579917,0.44734987809862037,0.18146746712890544,0.3357185135078003,0.35365492749334126,0.34163859881527836,0.3284584525336227,0.33501388125537285,0.3395255241289571
isoUDCA,0.32940500852605026,0.4990980707168928,0.30941106836342114,0.35658972082470164,0.3510383930626606,0.392166603249764,0.25757831987485735,0.13638039807024716,0.35780051391178946,0.3338312734583821,0.3323299370058767
TUDCA,0.3349199302883825,0.31433997096915123,0.34189813836158905,0.30669588541740067,0.3063682314200219,0.352501679373535,0.34524749033479424,0.25606101175796353,0.28894502459166566,0.3375458598157622,0.31845232223302655
CDCA,0.3091820628813822,0.09431032943906575,0.4320229522212357,0.3682466870540265,0.32902333272265205,0.30794660766545945,0.41350404224035475,0.3812835581110219,0.227289702504263,0.2484956101410674,0.3111304884980529
Tyr_CA,0.32713726706032126,0.24468589842960958,0.36641112003645304,0.2612071759748587,0.40498386392141944,0.24665534557514435,0.3322305838582844,0.23834068499650035,0.36425142218276285,0.31461830070886004,0.3100521662744214
TCDCA,0.2864294874504996,0.259058047604955,0.3055790432973032,0.29567191382817304,0.32006980556847386,0.2892409701376852,0.2605917971410721,0.37835346232801104,0.3417513399756667,0.322282350841096,0.30590282181729356
GDCA,0.3030564598336128,0.25150556424602005,0.29534895737914385,0.31962118970109504,0.42052217947453224,0.22652869967164138,0.39555001244850313,0.2407751894286372,0.14402096046073554,0.33093640928799256,0.29278656219319144
Thr_CA,0.25056018264067986,0.30698478464089596,0.1826042738294884,0.19500227831094952,0.3555280748977109,0.3398770181842096,0.3617006534289754,0.33042907406624483,0.2710943408635033,0.27139968150622196,0.28651803623688793
Glu_CA,0.2811318272993325,0.42253625332938743,0.1469228709536493,0.4181745796868614,0.38134110307830343,0.21873194379853156,0.21385706299882093,0.4263177797507481,0.13962170643141344,0.18288612673045937,0.2831521254057507
Trp_CA,0.19900693827891225,0.3418311982976085,0.32404158269798994,0.29103191044593835,0.3504382812610099,0.34601553948994024,0.12014097342596898,0.13217139474908046,0.23600717785387806,0.39014195991112244,0.2730826956411449
Asp_DCA,0.2770707967511755,0.10278705543576809,0.2749381098004951,0.15632971152355585,0.4048899129544291,0.13639214194112095,0.373347050174514,0.24188381083912305,0.15779886976986712,0.27455408522292213,0.2399991544412971
Phe_DCA,0.2643322200143745,0.19828586460726147,0.2928357690121526,0.22791330204766133,0.24513803745825055,0.2981604400663294,0.1856952606434702,0.32454774353265037,0.21676367104008418,0.09459570550129887,0.23482680139235335
Trp_DCA,0.3752777425461652,0.24259548941407483,0.22214588706154262,0.3301988941971185,0.23158678485698317,0.23950332821300563,0.07333342728430033,0.18151679138657537,0.20768096130629426,0.11799067066897787,0.22218299769350378
GUDCA,0.2767255269474861,0.2436583097281529,0.22087402584591104,0.20255241289570974,0.2524168886258262,0.2596969141804892,0.18254085692676994,0.21418354260911232,0.12750320607674856,0.17533246898443705,0.21554841528206428
Phe_CA,0.1678892036246283,0.3250973566895437,0.15011485505714567,0.3282893407930401,0.1708016836013285,0.12929179761082693,0.24786966182349432,0.22771600501698164,0.039425348910403654,0.20208030928658335,0.19885755624139761
Phe_CDCA,0.20633159054289568,0.24482330171883296,0.21003913057775148,0.3334237611390615,0.020268746741075833,0.18467002071618824,0.10260619982431168,0.16888273510055102,0.2987699469646792,0.1792737120496813,0.1949089145375029
Ala_DCA,0.16289570972909237,0.2834794270870033,0.02532095999098071,0.174347158218126,0.11633713364994809,0.2758470854061266,0.28363209740836265,0.10209064389295228,0.1278496502675254,0.30438234285526383,0.18561822085053814
UDCA,0.27510017521855346,0.1417767067367541,0.0007974088323304068,0.4354298491617225,0.23112877389290531,0.06412505813216082,0.08651357356595593,0.1057183256058663,0.18823076236512165,0.028709066738069406,0.15575297002494398
TDCA,0.12651554653626274,0.2711988613142801,0.22508185477999032,0.19096708427871495,0.20879310587804226,0.11029608647247004,0.0759534848762431,0.12918962593422495,0.05158730158730159,0.14792462313918367,0.1537507574796714
Glu_CDCA,0.17404416634958217,-0.14832391474889256,0.12077749122732846,0.27415009606486374,0.28973891026273385,0.08541434725216909,0.4393957543558018,0.13999163836393785,-0.05530893426720595,0.18281918666647878,0.15026987415267973
Asp_CA,0.318125020551774,0.16897668606754138,0.18118209106667232,0.14702621701733867,0.08129342296255584,0.13625473865189758,0.08927338322129681,-0.010777350300877972,0.33707023304537365,0.030440113304866193,0.14788645555884386
Asn_CA,0.06495652419002523,0.16186929541472309,0.19830465480065956,0.20651009738017728,0.123083987466941,0.0709752580128431,0.14111082925821014,0.06223899246983,0.028915758865448126,0.2487246156231063,0.13066900134819637
Gln_CA,0.0221078369199115,0.2338944554836831,0.18880034010250052,-0.04868656548147522,0.13670100574510166,0.10487276690295336,-0.00048502186708756703,0.13398817157325593,0.16097088929287806,0.24367240237320145,0.11758362810449227
Thr_DCA,0.13126476791762381,0.05450917666070078,0.11373116870305387,0.06899993893187147,0.205211225261536,0.0877631214269273,0.14192115634850172,0.17250337049094078,0.13775677973665543,0.05769763760293503,0.11713583430807462
TLCA,0.1110159857570334,0.009055698830780215,0.10491152167683687,0.06137229479934423,0.0905041408888701,0.11804821563625943,0.07133227168740634,0.16321749179103426,0.017614631923599074,0.09748587212333884,0.08445581251145026
Asn_DCA,-0.02976249195544845,0.020939321767969296,-0.015642836003889573,-0.057684719344973864,-0.03164033690816763,-0.029465372022341542,-0.07081671575604692,0.008015191871362336,0.010207772563499112,-0.04183636560079295,-0.02376865513888302
Lys_DCA,-0.2856661358437032,0.04854211586972759,-0.16290510482579143,-0.1142584685052871,-0.23766071487290785,-0.14394110213879377,-0.1314514954645171,-0.19568929475706628,-0.08011668710100199,-0.11802003034616235,-0.14211669179855033
