Family,12oxoCA,12oxoDCA,3oxoCA,3oxoCDCA,3oxoDCA,3oxoLCA,7_12oxoLCA,7oxoDCA,7oxoLCA,CA,CA_S,CDCA,DCA,GCA,GCA_S,GCDCA,GDCA,GLCA,GUDCA,HCA,LCA,TCA,TCA_S,TCDCA,TDCA,TLCA,TUDCA_2,UCA,UDCA
12aHSDH%ERJ00208_1_oxidoreductase__short_chain_dehydrogenase_reductase_family_protein__Clostridium_sp__ATCC_29733_,-1.0,-0.5322188,-0.90538055,0.1417151,-0.44490153,-0.48340562,-0.15726635,-1.0,-1.0,-0.8901529,-1.0,-0.2972704,-0.6178492,0.29448366,0.14672522,1.0,-0.4371975,-0.70745677,-0.5327422,-0.8515332,-0.30508685,-0.7819817,0.027131405,-0.19972068,-1.0,-0.59754556,-0.028621305,-0.34442,-1.0
12aHSDH%GENOME051950_684,-1.0,1.0,-1.0,-1.0,1.0,1.0,-1.0,-1.0,-1.0,-1.0,-1.0,-1.0,1.0,-0.8691716,-1.0,0.80734986,1.0,0.0503963,-1.0,-1.0,1.0,-1.0,-1.0,-1.0,-0.6153921,-0.11118835,-1.0,-1.0,-1.0
12aHSDH%GENOME055489_1547,0.65623623,0.6312626,-0.1423618,-0.5918613,0.4683842,0.35355738,-0.46403918,-0.110465646,-0.0757793,-0.043478865,-0.40578702,-0.3202434,0.5427359,0.20443958,-0.85209024,-0.57596976,0.1563667,-0.17835271,0.13136822,-0.023214497,0.3803674,0.116751574,-0.56651145,0.23768646,0.23998117,-0.43416604,-0.60860604,-0.47388113,-0.015122786
12aHSDH%GENOME077010_272,1.0,-1.0,1.0,1.0,-1.0,-0.552538,0.77637696,0.8408588,0.9983289,0.8940333,0.97447234,1.0,-1.0,0.14759873,0.9100052,-0.20165072,-0.97378314,-0.628792,0.44744268,0.6195365,-1.0,1.0,1.0,0.7767019,0.2725742,-0.015651153,1.0,0.15788768,0.76997894
12aHSDH%GENOME126416_2228,0.5864016,-0.041698456,0.67423993,0.16463308,-0.108269505,0.13610648,0.23657885,0.462969,0.40534022,0.649616,-0.17114566,0.38451803,-0.035695452,0.50372183,0.114699766,-0.31727967,0.13415545,0.21741992,0.44155753,0.26801032,-0.17874382,0.7528964,0.40616485,0.4535788,0.49122426,0.07547612,0.54373527,0.08630965,0.19148415
12aHSDH%GENOME136792_1072,-0.535115,1.0,-1.0,-1.0,1.0,1.0,-1.0,-1.0,-1.0,-1.0,-0.55690217,-1.0,1.0,-0.95213634,-1.0,-0.84839493,1.0,1.0,-0.7906665,-0.85153836,1.0,-1.0,-1.0,-1.0,1.0,0.74964666,-1.0,-0.6940437,-0.8082062
12aHSDH%GENOME211747_1057,0.7753181,0.050792657,0.27304837,-0.28171632,0.07231701,0.20686914,-0.37518078,0.47090125,0.30102983,0.30909908,0.03266308,-0.0065611154,0.10914754,0.2140976,-0.27810994,-0.30699787,0.005793702,0.10561703,0.20215237,0.31015155,-0.11473841,0.41915157,-0.0058522276,0.4273551,0.4036011,-0.13534495,-0.112666264,-0.113471344,0.5466428
12aHSDH%GENOME225739_454,1.0,-1.0,1.0,1.0,-1.0,-1.0,1.0,1.0,1.0,1.0,-0.10482921,1.0,-1.0,0.6687507,1.0,0.18892889,-1.0,-1.0,0.64985824,0.51940143,-1.0,1.0,1.0,1.0,-1.0,-1.0,1.0,0.3059331,0.1738409
12aHSDH%MBE7001463_1_SDR_family_oxidoreductase__Oscillospiraceae_bacterium_,-1.0,1.0,-1.0,-1.0,1.0,1.0,-1.0,-1.0,-1.0,-1.0,-1.0,-1.0,1.0,-0.13757682,-1.0,-0.027643854,1.0,0.37790585,-0.7799498,-1.0,1.0,-1.0,-1.0,-0.42180416,-0.18177328,-0.34087592,-1.0,-0.94679064,-1.0
12aHSDH%MBP3571641_1_SDR_family_oxidoreductase__Clostridia_bacterium_,0.5083736,-1.0,1.0,1.0,-1.0,-0.76959777,0.4684638,0.657672,0.33521697,0.88835937,-0.33147874,1.0,-1.0,0.522344,0.85037434,0.27972087,-1.0,-1.0,0.1698117,0.27719358,-1.0,1.0,1.0,1.0,-0.6573825,-0.76834303,1.0,-0.15185541,0.3125524
12aHSDH%MBR0327374_1_SDR_family_oxidoreductase__Clostridia_bacterium_,0.69349575,1.0,-1.0,-1.0,1.0,1.0,-1.0,-0.64939517,-0.7726814,-1.0,0.21673124,-1.0,1.0,-0.75901383,-1.0,-1.0,1.0,0.92414516,-0.30955097,-0.15126906,1.0,0.021379903,-1.0,-0.075342,1.0,0.9252205,-0.56722325,-0.44430298,0.37116757
12aHSDH%MBR2336230_1_SDR_family_oxidoreductase__Clostridia_bacterium_,1.0,-0.04989099,1.0,0.26127186,-0.16575694,0.2744587,0.45327592,1.0,0.8249962,1.0,0.30865926,0.65999186,-0.043508057,0.33814922,0.26766616,-0.52908665,0.04063321,0.32847562,0.56177944,0.69934386,-0.28971952,1.0,0.49528873,0.41870025,0.7619098,0.3144005,0.6310625,0.350897,0.7235405
12aHSDH%MFR3091303_1_SDR_family_NAD(P)-dependent_oxidoreductase__Eggerthella_lenta_,0.50833505,-0.63557386,1.0,0.8487864,-0.6403949,-0.035035644,0.76901644,0.97872746,1.0,0.82595265,1.0,0.96540487,-0.49555847,-0.254794,1.0,0.077063344,-0.07989036,0.51059073,0.6360569,0.974032,-0.7070516,0.8120839,1.0,-0.10201422,1.0,1.0,1.0,0.87178373,1.0
12aHSDH%NCB62655_1_SDR_family_oxidoreductase__Clostridia_bacterium_,-0.00237005,-1.0,1.0,1.0,-1.0,-0.7861457,0.82322377,0.89341915,1.0,1.0,0.85453695,1.0,-1.0,0.023042854,1.0,0.5406852,-1.0,-0.18887234,0.61038077,0.6257609,-1.0,0.8702111,1.0,0.37097794,-0.06589955,0.43206382,1.0,0.6787514,0.7418617
12aHSDH%WP_055231566_1_SDR_family_NAD(P)-dependent_oxidoreductase__Anaerostipes_hadrus_,-0.7082884,-0.55675113,-0.31294322,0.15372983,-0.6014203,-0.2179038,-0.46599227,-0.7147085,-0.66781795,-0.58186144,-0.5416261,0.039168723,-0.6679738,0.30169097,0.14781944,0.6848603,-0.64691967,-0.9438179,-0.23387858,-0.48599607,-0.6698662,0.18173628,0.62802476,0.65222126,-0.8522577,-0.58562005,0.40335226,-0.6525872,-0.4614472
12aHSDH%WP_103229430_1_SDR_family_NAD(P)-dependent_oxidoreductase__Clostridium_sp__chh4-2_,0.2353134,-1.0,1.0,1.0,-1.0,-1.0,1.0,0.89388233,1.0,1.0,0.40135822,1.0,-1.0,0.4615815,1.0,0.38231063,-1.0,-0.3886957,0.40721434,0.5228346,-1.0,0.72698176,1.0,0.21484695,-0.57908547,-0.022507465,0.89263856,0.43990302,0.25559503
12aHSDH%WP_130435990_1_SDR_family_NAD(P)-dependent_oxidoreductase__Cuneatibacter_caecimuris_,1.0,-1.0,1.0,1.0,-1.0,-1.0,1.0,1.0,1.0,1.0,1.0,1.0,-1.0,0.7054923,1.0,0.26089144,-1.0,-0.37459764,1.0,1.0,-1.0,1.0,1.0,0.540808,-0.2292651,0.105262265,1.0,1.0,1.0
12aHSDH%WP_160708750_1_SDR_family_NAD(P)-dependent_oxidoreductase__Enterorhabdus_sp__P55_,0.79084796,0.12992184,0.7341031,0.28727704,0.020321716,0.2244639,0.46873963,0.6293744,0.8855265,0.5904594,0.844139,0.33046865,0.11168811,0.39083168,0.33974275,-0.27901325,0.34296593,0.33216688,0.5555032,0.53251123,0.11586949,0.56050557,0.20926537,-0.10340881,0.7446027,0.48608157,0.42044717,0.3160675,0.59890723
12aHSDH%WP_161844252_1_SDR_family_NAD(P)-dependent_oxidoreductase__Pseudoflavonifractor_sp__524-17_,1.0,-0.37946773,1.0,0.87317014,-0.4103567,-0.11078253,0.9792236,1.0,1.0,1.0,1.0,0.86946803,-0.32858202,-0.03520775,1.0,-0.30883554,0.04738722,0.6708003,0.7893059,1.0,-0.2750766,0.73779756,0.6952747,-0.30449283,1.0,1.0,0.76539844,1.0,1.0
12aHSDH%WP_256285936_1_SDR_family_NAD(P)-dependent_oxidoreductase__Pseudoflavonifractor_phocaeensis_,1.0,-1.0,1.0,1.0,-1.0,-1.0,1.0,1.0,1.0,1.0,1.0,1.0,-1.0,0.95680964,1.0,0.08643919,-1.0,-1.0,1.0,1.0,-1.0,1.0,1.0,1.0,-0.4660637,-0.5433616,1.0,1.0,1.0
12aHSDH%WP_278514144_1_SDR_family_NAD(P)-dependent_oxidoreductase__Methanobrevibacter_smithii_,-1.0,1.0,-1.0,-1.0,1.0,0.9847049,-1.0,-1.0,-1.0,-1.0,-1.0,-1.0,1.0,0.22942808,-1.0,0.70342,1.0,-0.78446555,-1.0,-1.0,1.0,-1.0,-1.0,-1.0,-1.0,-1.0,-1.0,-1.0,-1.0
12aHSDH%WP_418471294_1_SDR_family_NAD(P)-dependent_oxidoreductase__Eggerthella_sp__,0.94973576,1.0,-0.513131,-1.0,1.0,1.0,-0.7736211,-0.026193319,-0.19871385,-0.39246428,0.33121803,-1.0,1.0,-0.5034644,-1.0,-1.0,1.0,1.0,-0.08907739,0.24297602,1.0,-0.25564098,-1.0,-0.38985592,1.0,0.7083784,-0.8083589,-0.065120704,0.54980505
12bHSDH%GENOME225741_180,-0.6354917,0.7274915,-1.0,-1.0,0.84919083,0.87114835,-1.0,-0.66220057,-1.0,-0.9791495,-0.78521407,-1.0,0.7793377,-0.21980777,-0.96623653,0.22259963,0.50683904,0.09299938,-0.7023952,-0.41875035,0.58029747,-0.5252247,-0.8882588,0.015878811,-0.12753665,-0.012484609,-1.0,-0.41971207,-0.23529199
12bHSDH%MDD6456291_1_SDR_family_NAD(P)-dependent_oxidoreductase__Lachnospiraceae_bacterium_,0.10963078,-1.0,1.0,1.0,-1.0,-1.0,1.0,1.0,1.0,1.0,0.4010972,1.0,-1.0,0.36927465,1.0,0.8189146,-1.0,-0.8920691,0.38033426,0.55240154,-1.0,1.0,1.0,0.6094932,-1.0,-0.30293033,1.0,0.56428224,0.4376554
3aHSDH%3aHSDH%HJB56827_1_3-oxoacyl-ACP_reductase_FabG__Candidatus_Flavonifractor_intestinipullorum_,0.033328146,-0.5745673,0.96406454,1.0,-0.5653313,-0.6471341,1.0,0.6229018,0.9664718,0.7251675,0.95004517,0.83838856,-0.6798558,0.4847733,1.0,0.4540704,0.0623792,0.5190791,0.5111159,0.31119508,-0.081586346,0.14789075,0.39002156,-0.6504202,-0.12954965,0.62270117,0.7003873,0.8563127,0.09909446
3aHSDH%3aHSDH%MBO5160353_1_3-oxoacyl-ACP_reductase_FabG__Lachnospiraceae_bacterium_,0.22965705,-0.66916716,0.93601876,1.0,-0.604421,-0.85397273,1.0,0.8544696,1.0,0.75065833,1.0,0.8139352,-0.7962023,0.2319796,1.0,0.41606107,0.094764106,0.62371033,0.3678464,0.45663905,-0.0030827275,-0.06928659,0.23792288,-0.7907433,-0.10718769,0.67592007,0.5261132,1.0,0.4071164
3aHSDH%3aHSDH%MBQ7891058_1_3-oxoacyl-ACP_reductase_FabG__Erysipelotrichaceae_bacterium_,0.29230785,1.0,-1.0,-1.0,1.0,1.0,-0.9360995,-0.7939186,-0.67011946,-1.0,1.0,-1.0,1.0,-1.0,-1.0,-1.0,1.0,1.0,-0.32237998,-0.26153007,1.0,-0.9653928,-1.0,-1.0,1.0,1.0,-0.8984075,0.32708356,0.3094645
3aHSDH%3aHSDH%MBR6526164_1_3-oxoacyl-ACP_reductase_FabG__Clostridia_bacterium_,1.0,-1.0,1.0,1.0,-1.0,-1.0,1.0,1.0,1.0,1.0,1.0,1.0,-1.0,0.23240574,1.0,0.124265954,-0.66545063,0.8134966,1.0,1.0,-1.0,1.0,1.0,-0.41129124,0.63336086,1.0,1.0,1.0,1.0
3aHSDH%3aHSDH%MCI8514525_1_3-oxoacyl-ACP_reductase_FabG__Lachnospiraceae_bacterium_,1.0,-0.9922316,1.0,1.0,-1.0,-0.4929611,1.0,1.0,1.0,1.0,1.0,1.0,-0.961294,-0.19767675,1.0,-1.0,-0.3392888,1.0,1.0,1.0,-1.0,1.0,1.0,0.5062195,1.0,1.0,1.0,1.0,1.0
3aHSDH%3aHSDH%MCM1345206_1_3-oxoacyl-ACP_reductase_FabG__Muribaculaceae_bacterium_,1.0,-1.0,1.0,1.0,-1.0,-1.0,1.0,1.0,1.0,1.0,1.0,1.0,-1.0,0.7683159,1.0,0.352864,-1.0,-0.7486482,1.0,1.0,-1.0,1.0,1.0,1.0,-0.49964115,-0.24106744,1.0,1.0,1.0
3aHSDH%3aHSDH%WP_062304377_1_SDR_family_NAD(P)-dependent_oxidoreductase__Sellimonas_intestinalis_,1.0,-0.9256692,1.0,1.0,-0.9036636,-0.75417066,1.0,1.0,1.0,1.0,1.0,1.0,-0.94240373,0.117098816,1.0,0.10920964,0.08329035,1.0,1.0,1.0,-0.26288587,0.7657362,0.8635333,-0.7133118,1.0,1.0,1.0,1.0,1.0
3aHSDH%3aHSDH%WP_117582908_1_MULTISPECIES__SDR_family_NAD(P)-dependent_oxidoreductase__unclassified_Collinsella_,0.97709095,-0.08695765,0.37335733,0.30956727,-0.13492951,-0.26845855,0.56108195,0.583743,0.45473668,0.786556,0.09887803,0.4020811,-0.1969759,0.1209138,-0.25716853,-0.5212148,-0.36400202,-0.04212035,0.10715306,0.12834279,-0.093996786,0.3079792,-0.60192275,0.21065465,-0.032785233,-0.31362975,-0.44183862,0.09845022,0.2673966
3aHSDH%3aHSDH%WP_226969791_1_SDR_family_oxidoreductase___Ruminococcus__lactaris_,1.0,0.74780077,0.70730704,-0.52103233,0.5273181,0.7586812,-0.35886127,0.674729,0.45976576,0.43441164,0.7272574,0.015019693,0.7262055,-0.21860911,-0.49196082,-0.9325478,0.48256505,0.37664092,0.39817736,0.57570505,0.360291,0.8863126,0.23634887,0.5867652,1.0,0.3467142,0.48594204,0.047740318,0.88203233
3aHSDH%3aHSDH%WP_270387972_1_SDR_family_NAD(P)-dependent_oxidoreductase__Blautia_hansenii_,1.0,-1.0,1.0,1.0,-1.0,-1.0,1.0,1.0,0.999572,1.0,0.5294391,1.0,-1.0,0.75037557,1.0,0.086044595,-0.90716654,-0.35814053,0.4460537,0.6112813,-0.9704913,0.8272688,0.5766778,0.33979106,-0.37061125,-0.28831914,0.8740854,0.6736389,0.55697995
3aHSDH%CAG5237306_1_short_chain_dehydrogenase__Streptococcus_pneumoniae_,1.0,-1.0,1.0,1.0,-1.0,-1.0,1.0,1.0,1.0,1.0,1.0,1.0,-1.0,0.9951572,1.0,-0.41513956,-1.0,-0.5897272,1.0,1.0,-1.0,1.0,1.0,1.0,0.33034745,-0.059680283,1.0,1.0,1.0
3aHSDH%GENOME084620_3418,1.0,0.48329765,0.8293301,0.006043145,0.36580917,0.4234363,0.45178047,0.83416754,0.9365154,0.71772826,1.0,0.24641126,0.49703848,-0.31062078,-0.10979974,-0.70740885,0.5126328,0.7920309,0.3643483,0.5056385,0.3552279,0.6304862,-0.14652888,-0.04159274,1.0,0.7951978,0.413458,0.61719996,1.0
3aHSDH%GENOME084674_3322,1.0,-1.0,1.0,1.0,-1.0,-0.41450775,1.0,1.0,1.0,1.0,1.0,1.0,-0.937647,0.07561116,0.8418902,-0.4653842,-0.6327546,0.19135785,0.73986584,0.9653662,-1.0,1.0,1.0,0.76606154,0.76970774,0.25412846,1.0,0.6867516,1.0
3aHSDH%MBQ9141038_1_SDR_family_oxidoreductase__Lachnospiraceae_bacterium_,-0.9801393,1.0,-1.0,-1.0,1.0,1.0,-1.0,-1.0,-1.0,-1.0,-1.0,-1.0,1.0,-0.45784545,-1.0,-0.19391385,0.61396563,-0.27658165,-0.82213825,-0.90859234,0.6253315,-0.04944301,-0.39263746,0.442802,0.123277396,-0.1869563,-0.28691617,-1.0,-1.0
3aHSDH%MCI6899085_1_SDR_family_oxidoreductase__Mycoplasmatota_bacterium_,1.0,-1.0,1.0,1.0,-1.0,-1.0,1.0,1.0,1.0,1.0,1.0,1.0,-1.0,1.0,1.0,0.10995728,-1.0,-0.40419525,1.0,1.0,-1.0,1.0,1.0,0.8395096,-0.30527174,-0.08220773,1.0,1.0,1.0
3aHSDH%MCI7742844_1_SDR_family_oxidoreductase__Clostridiales_bacterium_,-1.0,0.36427578,-1.0,-1.0,0.4502415,0.030048825,-1.0,-1.0,-1.0,-1.0,-1.0,-1.0,0.33218962,-0.06617304,-1.0,0.74347496,0.05676482,-0.41861328,-1.0,-1.0,0.47573063,-1.0,-0.7950375,0.23474395,-1.0,-0.869981,-0.6422729,-1.0,-1.0
3aHSDH%MCI8568452_1_3-oxoacyl-ACP_reductase_FabG__Bacilli_bacterium_,1.0,-1.0,1.0,1.0,-1.0,-1.0,1.0,1.0,1.0,1.0,1.0,1.0,-1.0,0.8874296,1.0,-0.34188133,-1.0,-0.48135373,1.0,1.0,-1.0,1.0,1.0,1.0,0.13627438,-0.22052467,1.0,1.0,1.0
3aHSDH%MCM1266841_1_3-oxoacyl-ACP_reductase_FabG__Bacteroidales_bacterium_,0.59565955,-1.0,1.0,1.0,-1.0,-1.0,1.0,1.0,1.0,1.0,0.98334956,1.0,-1.0,0.6921079,1.0,0.47032797,-1.0,-0.24503785,0.6393173,0.68742806,-1.0,0.8040219,1.0,0.022925995,-0.6788695,0.030842712,1.0,0.97699606,0.41506198
3aHSDH%MCR4878926_1_SDR_family_NAD(P)-dependent_oxidoreductase__Bacteroidales_bacterium_,-0.28237224,0.8244658,-0.60228574,-1.0,0.8567723,1.0,-1.0,-0.4737159,-0.18940404,-0.6423665,0.058917474,-0.8549214,1.0,-0.34366515,-0.52887785,-0.14091022,0.7631258,0.37530592,-0.03180647,-0.061236877,0.5028533,-0.078592174,-0.09788055,-0.11447421,0.8886805,0.56190664,-0.12865743,-0.1961128,0.22298844
3aHSDH%MDE7008868_1_3-oxoacyl-ACP_reductase_FabG__Lachnospiraceae_bacterium_,0.17627364,1.0,-1.0,-1.0,1.0,1.0,-1.0,-1.0,-1.0,-1.0,0.9230858,-1.0,1.0,-1.0,-1.0,-1.0,1.0,1.0,-0.64487916,-0.5593951,1.0,-1.0,-1.0,-0.99000365,1.0,1.0,-1.0,-0.18352547,0.11084808
3aHSDH%MDE7282987_1_SDR_family_oxidoreductase__Lachnospiraceae_bacterium_,-1.0,1.0,-1.0,-1.0,1.0,1.0,-1.0,-1.0,-1.0,-1.0,-1.0,-1.0,1.0,-0.43704042,-1.0,-0.12263941,1.0,-0.11065295,-1.0,-1.0,1.0,-0.43951353,-0.8662325,0.3964227,0.13587134,-0.15707497,-0.59719205,-1.0,-1.0
3aHSDH%MDE7415347_1_SDR_family_oxidoreductase__Lachnospiraceae_bacterium_,1.0,1.0,-0.3123616,-1.0,1.0,1.0,-0.41235757,-0.02434296,0.077917606,-0.700717,1.0,-1.0,1.0,-1.0,-1.0,-1.0,1.0,1.0,-0.09437374,0.2844925,1.0,-0.3486146,-1.0,-1.0,1.0,1.0,-0.60739803,0.6207454,0.8827627
3aHSDH%MFR0796835_1_SDR_family_NAD(P)-dependent_oxidoreductase__Oscillospiraceae_bacterium_,-1.0,-1.0,-0.5417621,0.603216,-1.0,-0.96279275,0.14425968,-0.8103651,-1.0,-0.13445163,-1.0,0.47111085,-1.0,0.4174401,0.37921226,0.79800117,-1.0,-1.0,-0.573999,-0.8414204,-1.0,-0.10315777,0.5178657,0.62171125,-1.0,-1.0,0.39658937,-0.626189,-1.0
3aHSDH%NBI02399_1_3-oxoacyl-ACP_reductase_FabG__Lachnospiraceae_bacterium_,-0.6851345,-0.1140814,0.06325315,0.46399844,-0.13100877,-0.31393793,0.6250616,-0.32047236,-0.1457165,-0.38931727,0.05505844,0.05939588,-0.2879466,0.1928453,0.49185225,0.5051528,0.3624449,0.12676641,0.10709435,-0.18456586,0.23776856,-0.25744513,0.3822843,-0.40226015,-0.28924322,0.23025161,0.6541111,0.2598723,-0.36455864
3aHSDH%WP_008977467_1_SDR_family_NAD(P)-dependent_oxidoreductase__Faecalimonas_umbilicata_,1.0,-1.0,1.0,1.0,-1.0,-1.0,1.0,1.0,1.0,1.0,1.0,1.0,-1.0,1.0,1.0,0.12500586,-1.0,-0.6680927,1.0,1.0,-1.0,1.0,1.0,0.7977854,-0.6045047,-0.4195714,1.0,1.0,1.0
3aHSDH%WP_020436139_1_MULTISPECIES__SDR_family_NAD(P)-dependent_oxidoreductase__Mediterraneibacter_,-1.0,1.0,-1.0,-1.0,1.0,0.83263034,-1.0,-1.0,-1.0,-1.0,-1.0,-1.0,1.0,-0.24581134,-1.0,-0.014028769,0.9804893,0.19937116,-0.740402,-1.0,1.0,-1.0,-1.0,-0.47709662,-0.2915119,-0.29234216,-1.0,-0.7173679,-1.0
3aHSDH%WP_021919520_1_SDR_family_oxidoreductase__Evtepia_gabavorous_,-1.0,1.0,-1.0,-1.0,1.0,0.73984605,-1.0,-1.0,-1.0,-1.0,-1.0,-1.0,1.0,-0.040286973,-1.0,0.13218018,1.0,0.4840312,-0.8902572,-0.86067617,1.0,-1.0,-1.0,-0.57080394,-0.2849084,-0.29735735,-1.0,-0.72915864,-1.0
3aHSDH%WP_044950032_1_SDR_family_NAD(P)-dependent_oxidoreductase__Mediterraneibacter_gnavus_,1.0,-1.0,1.0,1.0,-1.0,-1.0,1.0,1.0,1.0,1.0,1.0,1.0,-1.0,1.0,1.0,0.12559539,-1.0,-0.22865804,1.0,1.0,-1.0,1.0,1.0,0.8463979,-0.19769348,0.14163402,1.0,1.0,1.0
3aHSDH%WP_087213392_1_MULTISPECIES__SDR_family_NAD(P)-dependent_oxidoreductase__Sellimonas_,1.0,-1.0,1.0,1.0,-1.0,-1.0,1.0,1.0,1.0,1.0,1.0,1.0,-1.0,1.0,1.0,0.41007632,-1.0,-0.51988417,1.0,1.0,-1.0,1.0,1.0,0.66229635,-0.8253844,-0.29923323,1.0,1.0,1.0
3aHSDH%WP_109137584_1_SDR_family_oxidoreductase__Bifidobacterium_catulorum_,-1.0,1.0,-1.0,-1.0,1.0,1.0,-1.0,-1.0,-1.0,-1.0,-1.0,-1.0,1.0,-1.0,-1.0,0.7650523,1.0,0.97344834,-1.0,-1.0,1.0,-1.0,-1.0,-1.0,0.29342562,0.90369266,-1.0,-1.0,-1.0
3aHSDH%WP_182279434_1_SDR_family_NAD(P)-dependent_oxidoreductase__Collinsella_intestinalis_,-0.7963298,0.31712893,-1.0,-0.31066236,0.4055552,-0.07198739,-0.1970328,-0.7528513,-0.8093452,-0.61816424,-0.6744998,-0.71932316,0.16543071,-0.11163661,-0.6329386,0.3280179,0.10225009,-0.017979002,-0.4812958,-0.7574272,0.5383897,-0.9506348,-1.0,-0.36371103,-0.87789667,-0.3864741,-0.99166536,-0.26622853,-0.7446032
3aHSDH%WP_191282235_1_SDR_family_oxidoreductase__Pseudolysinimonas_yzui_,0.041495,-1.0,1.0,1.0,-1.0,-1.0,1.0,0.68221754,1.0,1.0,0.40771082,1.0,-1.0,0.7037651,1.0,0.58906686,-1.0,-0.6680245,0.6969863,0.397685,-1.0,0.709319,1.0,0.12670267,-0.8506767,-0.25666267,1.0,0.6876803,0.40951133
3aHSDH%WP_231385278_1_SDR_family_NAD(P)-dependent_oxidoreductase__Candidatus_Stoquefichus_massiliensis_,1.0,-1.0,1.0,1.0,-1.0,-1.0,1.0,1.0,1.0,1.0,1.0,1.0,-1.0,1.0,1.0,0.31289506,-1.0,-0.59822875,1.0,1.0,-1.0,1.0,1.0,0.9331825,-0.6374747,-0.1427238,1.0,1.0,1.0
3aHSDH%WP_270208025_1_SDR_family_oxidoreductase__Eggerthella_lenta_,-1.0,1.0,-1.0,-1.0,1.0,1.0,-1.0,-1.0,-1.0,-1.0,0.13192223,-1.0,1.0,-1.0,-0.61815774,0.7123465,1.0,1.0,-0.7347936,-0.8685484,1.0,-1.0,-0.59222674,-0.8190196,0.6776574,1.0,-0.15303247,-0.0760549,-0.59436786
3aHSDH%WP_289544896_1_SDR_family_NAD(P)-dependent_oxidoreductase__Enorma_phocaeensis_,1.0,-0.6386736,1.0,0.93575263,-0.5334594,-0.40558517,1.0,1.0,1.0,1.0,1.0,0.9951579,-0.5439015,0.0719606,0.99778485,-0.40752998,-0.05378031,0.6193539,0.93628716,1.0,-0.4413197,0.6669839,0.50793046,-0.3479123,1.0,0.78639543,0.43925864,1.0,1.0
3aHSDH%WP_316269050_1_SDR_family_NAD(P)-dependent_oxidoreductase__Claveliimonas_bilis_,-0.18715483,1.0,-0.5730464,-1.0,1.0,1.0,-0.75542915,-0.41203433,0.23472495,-0.8532117,1.0,-1.0,1.0,-0.7232855,-0.48936564,-0.2726037,1.0,1.0,0.27302206,0.0038337843,1.0,-0.65287197,-0.4044736,-1.0,1.0,1.0,-0.1639823,0.34485975,0.42177078
3aHSDH%WP_377204125_1_MULTISPECIES__SDR_family_oxidoreductase__unclassified_Pseudarthrobacter_,-0.5640825,-1.0,0.035874523,0.4528364,-1.0,-0.6063695,-0.06605965,-0.114302665,-0.33449104,0.057067238,-1.0,0.4949863,-1.0,0.60860074,0.48173574,0.7520211,-0.99203604,-0.954677,-0.09589844,-0.28374195,-1.0,0.20613833,0.7089629,0.578713,-1.0,-0.8923319,0.40148598,-0.37653616,-0.46881497
3bHSDH%GENOME124823_1686,1.0,-1.0,1.0,1.0,-1.0,-1.0,1.0,1.0,1.0,1.0,1.0,1.0,-1.0,1.0,1.0,-0.09802158,-1.0,-0.22517572,1.0,1.0,-1.0,1.0,1.0,1.0,0.113303095,0.26583275,1.0,1.0,1.0
3bHSDH%MEY8522072_1_aldo_keto_reductase__Lachnospiraceae_bacterium_38-10_,-1.0,0.9563475,-1.0,-1.0,1.0,0.3077998,-1.0,-1.0,-1.0,-1.0,-1.0,-1.0,0.94164723,-0.34463164,-1.0,0.36562952,0.72352445,0.25515595,-0.882712,-0.778962,1.0,-1.0,-1.0,-0.6804893,-0.54295146,-0.2802919,-1.0,-0.49438816,-0.9138819
3bHSDH%WP_100933575_1_SDR_family_NAD(P)-dependent_oxidoreductase___Clostridium__innocuum_,1.0,-1.0,1.0,1.0,-1.0,-1.0,1.0,1.0,1.0,1.0,1.0,1.0,-1.0,1.0,1.0,0.5676577,-1.0,-0.64697415,1.0,1.0,-1.0,1.0,1.0,1.0,-0.5786411,0.13252322,1.0,1.0,1.0
3bHSDH%WP_186937525_1_glucose_1-dehydrogenase__Eggerthella_hominis_,-0.59856665,0.701122,-0.47074604,-0.6348535,0.72184926,0.90060264,-0.6605135,-0.20681451,0.091226265,-0.51678896,0.9031904,-0.72930527,0.83245003,-0.68675554,0.16468413,0.2151448,0.9910988,1.0,-0.01902143,0.19705608,0.6072698,-0.259908,0.27344725,-0.46970177,1.0,1.0,0.4974486,0.44822472,0.47496694
5AR%GENOME006039_2690,0.9350834,-1.0,1.0,1.0,-1.0,-1.0,1.0,1.0,1.0,1.0,1.0,1.0,-1.0,-0.3651707,1.0,0.02840164,-1.0,-0.6580086,0.19443133,0.6444854,-1.0,0.7372384,1.0,0.4484504,-0.506705,-0.26260877,0.5145979,0.38292128,0.52919596
5AR%GENOME012336_2253,-1.0,1.0,-1.0,-1.0,1.0,1.0,-1.0,-1.0,-1.0,-1.0,-1.0,-1.0,1.0,-1.0,-1.0,0.03559021,1.0,1.0,-1.0,-1.0,1.0,-1.0,-1.0,-1.0,0.887077,1.0,-1.0,-1.0,-1.0
5AR%GENOME021742_2120,-1.0,1.0,-1.0,-1.0,1.0,1.0,-1.0,-1.0,-1.0,-1.0,-1.0,-1.0,1.0,0.07683127,-1.0,0.7184426,1.0,-0.38630864,-1.0,-1.0,1.0,-1.0,-1.0,-0.73962855,-1.0,-0.80603874,-1.0,-1.0,-1.0
5AR%GENOME078645_81,-1.0,1.0,-1.0,-1.0,1.0,1.0,-1.0,-1.0,-1.0,-1.0,-1.0,-1.0,1.0,0.12308012,-1.0,0.61869377,1.0,-0.537028,-1.0,-1.0,1.0,-1.0,-1.0,-0.5939198,-1.0,-1.0,-1.0,-1.0,-1.0
5AR%GENOME084343_2181,-0.32931912,1.0,-1.0,-1.0,1.0,1.0,-1.0,-1.0,-1.0,-1.0,-0.8911621,-1.0,1.0,-0.338476,-1.0,-0.4019519,1.0,0.12119584,-0.5729263,-0.5946932,1.0,-1.0,-1.0,-0.541744,0.19605172,-0.13492604,-1.0,-0.7160968,-0.6283146
5AR%GENOME086572_2986,-0.24330176,0.16042157,-0.5587007,-0.4476547,0.43716258,0.22148795,-0.3571904,0.10155348,0.036183316,-0.15279703,0.5152398,-0.48194656,0.34275946,-0.77077323,-0.23583399,0.100949064,0.12799437,0.54020745,-0.25390124,-0.005598007,0.14908166,-0.5804547,-0.5123106,-0.4799782,0.081571445,0.42804784,-0.8655588,0.38798833,0.49541128
5AR%GENOME107567_81,0.88186824,-1.0,1.0,1.0,-1.0,-1.0,1.0,1.0,1.0,1.0,0.7189516,1.0,-1.0,1.0,1.0,0.49254617,-1.0,-0.52285475,0.87817967,0.8710658,-1.0,0.9981041,1.0,0.6743676,-0.5622815,-0.24668361,1.0,0.668137,0.7849375
5AR%GENOME140582_2251,1.0,-1.0,1.0,1.0,-1.0,-1.0,1.0,1.0,1.0,1.0,1.0,1.0,-1.0,0.71396154,1.0,-0.007447401,-1.0,-1.0,1.0,1.0,-1.0,1.0,1.0,1.0,-0.6715619,-0.60521483,1.0,0.82942075,1.0
5AR%GENOME142018_414,-1.0,1.0,-1.0,-1.0,1.0,0.91373914,-1.0,-1.0,-1.0,-1.0,-1.0,-1.0,1.0,-0.63376683,-1.0,0.38222304,1.0,-0.010233684,-1.0,-1.0,1.0,-1.0,-1.0,-0.83162147,-0.5773427,-0.29402754,-1.0,-0.84714884,-1.0
5AR%GENOME170052_106,-0.88980436,1.0,-1.0,-1.0,1.0,1.0,-1.0,-1.0,-1.0,-1.0,-1.0,-1.0,1.0,0.14968482,-1.0,-0.2753152,1.0,0.60144436,-0.7654068,-0.78927106,1.0,-1.0,-1.0,-0.711282,0.45805642,0.008072439,-1.0,-1.0,-1.0
5AR%GENOME179594_130,-0.5827207,-1.0,0.829748,1.0,-1.0,-1.0,1.0,-0.14878052,0.10047564,0.35792485,-0.90081835,1.0,-1.0,1.0,1.0,0.72665465,-1.0,-1.0,0.26353455,-0.09140583,-1.0,0.18487862,1.0,0.28148237,-1.0,-0.9768462,0.68477684,-0.19406323,-1.0
5AR%GENOME179896_434,-0.03449739,-0.99458456,0.79859096,0.968188,-0.8314292,-0.6074736,0.902063,0.4688026,1.0,0.7290835,0.946501,0.89723605,-0.8852557,0.118696034,0.94782835,0.36538476,-0.6057924,-0.12757188,0.5395242,0.16995983,-0.7959431,0.2906099,0.51182795,-0.2525834,-0.30699182,0.2678203,0.46015617,0.6087674,0.21009754
5AR%HIU55603_1_DUF1295_domain-containing_protein__Candidatus_Gallibacteroides_avistercoris_,0.58557105,-1.0,0.71281946,0.9551339,-1.0,-0.81358856,0.86058974,0.8378535,0.7278771,0.7529935,0.37209314,0.893512,-1.0,0.10753913,0.7025657,0.0927779,-0.8887592,-0.45618075,0.060729112,0.4379796,-0.9992169,0.17030558,0.23586571,-0.013390902,-0.5550959,-0.39625812,0.039481226,0.32485318,0.5106584
5AR%MBD5276024_1_DUF1295_domain-containing_protein__Bacteroides_sp__,-0.70657986,-0.3218276,-0.24236353,0.30207232,-0.27247506,-0.40787998,0.06004569,-0.4560845,-0.3326498,-0.29837632,-0.55920655,-0.03332354,-0.4095106,0.4323802,0.22325619,0.5241921,-0.364773,-0.48532423,0.043137785,-0.2813834,-0.14560369,-0.53286743,0.035664853,-0.21742849,-1.0,-0.47467557,-0.19708347,-0.08629434,-0.6861964
5AR%MBP3601379_1_DUF1295_domain-containing_protein__Alistipes_sp__,-1.0,1.0,-1.0,-1.0,1.0,1.0,-1.0,-1.0,-1.0,-1.0,-1.0,-1.0,1.0,-1.0,-1.0,0.20498249,1.0,0.6871866,-1.0,-1.0,1.0,-1.0,-1.0,-1.0,-0.33423495,-0.115287594,-1.0,-1.0,-1.0
5AR%MBQ1253485_1_DUF1295_domain-containing_protein__Alistipes_sp__,-1.0,-0.5465774,-0.6214253,0.35453296,-0.53451544,-0.68039405,0.0120568825,-1.0,-0.98976916,-0.8089519,-1.0,-0.09417726,-0.6972433,0.8152506,0.206017,0.9793782,-0.6638448,-1.0,-0.23057547,-0.8969979,-0.3243404,-0.8269973,0.041152745,-0.32346076,-1.0,-1.0,-0.34932616,-0.61244804,-1.0
5AR%MBR4740186_1_DUF1295_domain-containing_protein__Bacteroidales_bacterium_,0.9714154,-1.0,1.0,1.0,-1.0,-1.0,1.0,1.0,1.0,1.0,-0.2572518,1.0,-1.0,0.9684137,1.0,0.46726292,-1.0,-1.0,0.41781953,0.7325013,-1.0,1.0,1.0,1.0,-1.0,-1.0,1.0,0.15570751,0.5896432
5AR%MCD7962281_1_DUF1295_domain-containing_protein__Rikenellaceae_bacterium_,-0.57433754,0.4081246,-0.1961833,-0.3605676,0.43291515,0.69806254,-0.3469208,-0.39540514,0.45048368,-0.46943513,1.0,-0.4349201,0.54122066,-0.364551,0.27196276,0.23448512,0.7400002,0.5913339,0.38184184,0.044226013,0.4380987,-0.064706154,0.29676268,-0.58800894,0.88429534,1.0,0.63504434,0.42870432,0.29067078
5AR%MCQ2341803_1_DUF1295_domain-containing_protein__Paludibacteraceae_bacterium_,1.0,-1.0,1.0,1.0,-1.0,-0.37611815,0.89201736,1.0,1.0,1.0,0.31305334,1.0,-0.9993408,0.755971,0.91920525,-0.5847229,-0.9673706,-0.3428484,0.9428356,1.0,-1.0,1.0,1.0,0.7781582,0.30246463,-0.2463839,0.78782296,0.3076904,0.91901845
5AR%MCR5660240_1_DUF1295_domain-containing_protein__Bacteroidales_bacterium_,-1.0,0.833501,-1.0,-1.0,1.0,0.4031327,-1.0,-1.0,-1.0,-1.0,-0.66990757,-1.0,0.8739199,-0.57705975,-0.968842,0.43089643,0.50742054,0.020720517,-0.9123181,-0.73587847,0.94279563,-1.0,-1.0,-0.6807948,-0.69703573,-0.23721913,-1.0,-0.4276849,-0.6814605
5AR%MDE7159808_1_DUF1295_domain-containing_protein__Muribaculaceae_bacterium_,-0.5098037,-1.0,0.5657893,1.0,-1.0,-0.83023274,0.76568925,0.30813313,0.47318003,0.6703382,0.067593254,1.0,-1.0,0.6838575,1.0,0.85979474,-1.0,-0.34587145,0.20372926,0.021411557,-1.0,0.6256755,1.0,0.5287422,-0.7485357,-0.1117076,1.0,0.16106021,-0.10896363
5AR%WP_005657188_1_DUF1295_domain-containing_protein__Bacteroides_stercoris_,-0.13901019,-1.0,0.1737928,0.7949066,-0.93939275,-0.92688066,0.66704905,0.443071,0.38213405,0.32575315,0.45709094,0.5567637,-1.0,-0.38732135,0.62759113,0.42624897,-0.83147544,-0.3672547,-0.09395453,-0.02695551,-0.95793575,-0.2022696,0.17615758,-0.24400912,-0.7406125,-0.28010118,0.045813683,0.46662098,0.31955573
5AR%WP_035471352_1_MULTISPECIES__DUF1295_domain-containing_protein__Rikenellaceae_,-1.0,1.0,-1.0,-1.0,1.0,0.7718538,-1.0,-1.0,-1.0,-1.0,-1.0,-1.0,1.0,0.20493236,-1.0,0.5718178,0.80168074,-0.3014144,-0.598996,-1.0,1.0,-1.0,-1.0,-0.2812383,-0.77625835,-0.36191294,-0.91758066,-0.9317412,-1.0
5AR%WP_282194747_1_DUF1295_domain-containing_protein__Alistipes_ihumii_,-0.976832,-1.0,0.32259956,1.0,-1.0,-1.0,0.62042797,-0.19523728,0.17634146,0.117552795,-0.40421918,0.9199504,-1.0,0.40008098,1.0,0.9078076,-1.0,-1.0,0.085339814,-0.119650975,-1.0,-0.148335,1.0,-0.031618636,-1.0,-0.6884742,0.65514845,0.13111389,-0.22662573
5AR%WP_300108487_1_DUF1295_domain-containing_protein__uncultured_Alistipes_sp__,-1.0,1.0,-1.0,-1.0,1.0,1.0,-1.0,-1.0,-1.0,-1.0,-1.0,-1.0,1.0,-0.31112054,-1.0,-0.31839266,1.0,0.24753131,-1.0,-1.0,1.0,-1.0,-1.0,-0.9193408,0.14030662,-0.46498215,-1.0,-1.0,-1.0
5AR%WP_302729833_1_DUF1295_domain-containing_protein__Bacteroides_sp__ET489_,-0.5073623,0.55492646,-1.0,-0.9103267,0.6768688,0.43508056,-1.0,-0.4877229,-0.58176553,-0.8946386,-0.06005352,-1.0,0.6724264,-0.20160232,-0.4992893,0.16736723,0.42601404,-0.017081056,-0.28028548,-0.09382574,0.54306704,-0.8031279,-0.48623487,-0.40094063,0.09437393,0.08788125,-0.7316709,-0.13988669,0.24921937
5AR%WP_346709278_1_DUF1295_domain-containing_protein__Phocaeicola_salanitronis_,1.0,-1.0,1.0,1.0,-1.0,-1.0,1.0,1.0,1.0,1.0,1.0,1.0,-1.0,-0.38918197,1.0,-0.45340428,-1.0,-0.4363207,0.6293267,1.0,-1.0,1.0,1.0,0.7448047,0.23546457,0.006675811,0.9099431,0.7539991,1.0
5AR%WP_418203978_1_DUF1295_domain-containing_protein__Bacteroides_sp__,1.0,-1.0,1.0,1.0,-1.0,-1.0,1.0,1.0,1.0,1.0,1.0,1.0,-1.0,-0.07306931,1.0,0.01998761,-1.0,-0.69257265,1.0,1.0,-1.0,1.0,1.0,0.9149247,-0.23752028,0.04900067,1.0,1.0,1.0
5BR%CAK7070565_1_MAG__NADPH_dehydrogenase__Parabacteroides_sp__,-1.0,1.0,-1.0,-1.0,1.0,1.0,-1.0,-1.0,-1.0,-1.0,-1.0,-1.0,1.0,-0.3707043,-1.0,-0.06192927,1.0,0.56395876,-1.0,-1.0,1.0,-1.0,-1.0,-1.0,0.20060572,0.02840678,-1.0,-1.0,-1.0
5BR%GENOME006024_4796,1.0,-1.0,1.0,1.0,-1.0,-1.0,1.0,1.0,1.0,1.0,1.0,1.0,-1.0,0.15930657,1.0,0.28383285,-1.0,-1.0,0.6721009,1.0,-1.0,1.0,1.0,0.7186365,-0.87650454,-0.6286248,1.0,0.86665994,1.0
5BR%GENOME006521_2122,-0.80640996,1.0,-1.0,-1.0,1.0,0.93144464,-1.0,-1.0,-0.85229737,-1.0,-0.19531177,-1.0,1.0,-0.036343135,-0.9226963,-0.015565188,1.0,0.019387498,-0.09433127,-0.38295403,1.0,-1.0,-0.9429591,-0.7791755,0.13431387,0.064647526,-1.0,-0.5064966,-0.5376077
5BR%GENOME141824_1849,0.9146747,-1.0,1.0,1.0,-1.0,-1.0,1.0,1.0,1.0,1.0,0.648193,1.0,-1.0,0.37598047,1.0,0.20864116,-1.0,-0.6092157,0.72601724,0.8737594,-1.0,1.0,1.0,0.4889665,-0.5585832,-0.35254702,0.5920431,0.7587972,1.0
5BR%HIX74022_1_NADH_flavin_oxidoreductase__Candidatus_Parabacteroides_intestinipullorum_,1.0,-1.0,1.0,1.0,-1.0,-1.0,1.0,1.0,1.0,1.0,1.0,1.0,-1.0,-0.33859473,1.0,0.030719802,-1.0,-0.5390347,0.2910168,0.8667147,-1.0,1.0,1.0,0.6680313,-0.2994683,-0.11345912,0.72199684,0.5451109,0.92261374
5BR%MBO4402754_1_NADH_flavin_oxidoreductase__Bacteroidales_bacterium_,0.26635367,-1.0,0.92938423,0.9370923,-1.0,-0.95751804,0.6341471,0.7361401,0.9068019,0.88069797,0.08108951,1.0,-1.0,0.54044676,0.8790889,0.43640476,-1.0,-0.6425714,0.5373693,0.44402164,-1.0,0.5077084,0.8661752,0.2672699,-0.7189689,-0.5518436,0.2522151,0.35674524,0.55531794
5BR%MBO7234306_1_NADH_flavin_oxidoreductase__Paludibacteraceae_bacterium_,-1.0,1.0,-1.0,-1.0,1.0,1.0,-1.0,-1.0,-1.0,-1.0,-0.94956875,-1.0,1.0,-0.25245237,-1.0,-0.12488145,1.0,0.70848656,-0.7817644,-0.76016754,1.0,-1.0,-1.0,-0.88239294,0.45506617,0.20791776,-1.0,-0.8198148,-1.0
5BR%MBO8446450_1_NADH_flavin_oxidoreductase__Candidatus_Enterocola_intestinipullorum_,-1.0,0.28563586,-1.0,-0.7051232,0.4617836,0.06216506,-0.7440152,-0.8198656,-1.0,-1.0,-0.4858894,-0.9749083,0.29653051,-0.60773754,-0.63539255,0.4291212,0.0831159,-0.17925255,-0.77717024,-0.68945897,0.41624108,-1.0,-0.86824465,-0.2559153,-0.83060604,-0.3755938,-1.0,-0.276275,-0.569321
5BR%MBQ8101082_1_NADH_flavin_oxidoreductase__Paludibacteraceae_bacterium_,0.15026014,1.0,-1.0,-1.0,1.0,1.0,-1.0,-1.0,-1.0,-1.0,-0.40652502,-1.0,1.0,-0.5078859,-1.0,-1.0,1.0,0.6447114,-0.40066534,-0.44678196,1.0,-0.9294873,-1.0,-0.6078391,1.0,0.29398078,-1.0,-0.75163627,-0.2896758
5BR%MCA9548846_1_NADH_flavin_oxidoreductase__Myxococcales_bacterium_,0.14310089,-0.0998318,-0.01613254,-0.24790864,-0.012751822,0.13078804,-0.3250808,0.15599327,0.06812457,-0.03346023,0.10133452,-0.12068349,0.015665695,-0.35494265,-0.13642555,-0.090082385,-0.034965847,-0.034860805,-0.23933731,0.2246579,-0.18643977,0.015447377,0.07418323,0.0770631,0.30529532,-0.05901381,-0.03395727,0.07554431,0.5932293
5BR%MCD8287651_1_NADH_flavin_oxidoreductase__Porphyromonadaceae_bacterium_,-0.939692,0.81294805,-1.0,-0.87574834,0.8659552,0.39264852,-0.7125155,-0.8803225,-1.0,-1.0,-0.4529881,-1.0,0.7478881,-0.7390055,-0.77535975,0.22379144,0.51528513,0.07331092,-0.77333635,-0.67290163,0.91287816,-1.0,-1.0,-0.73705477,-0.38077727,0.023021534,-0.94934356,-0.16648078,-0.5650894
5BR%MCH5231198_1_NADH_flavin_oxidoreductase__Muribaculaceae_bacterium_,1.0,-1.0,1.0,1.0,-1.0,-1.0,1.0,1.0,1.0,1.0,0.795591,1.0,-1.0,1.0,1.0,0.37425396,-1.0,-1.0,1.0,1.0,-1.0,1.0,1.0,1.0,-0.8873317,-0.5887355,1.0,0.95847404,1.0
5BR%MCQ2271787_1_NADH_flavin_oxidoreductase__Bacteroidales_bacterium_,-1.0,1.0,-1.0,-1.0,1.0,0.6703411,-1.0,-1.0,-1.0,-1.0,-0.47432283,-1.0,1.0,-0.7202733,-1.0,0.25821963,0.5970507,-0.11767995,-0.7850206,-0.7443455,1.0,-1.0,-1.0,-0.551432,-0.41223186,-0.17953405,-1.0,-0.7179817,-0.78943557
5BR%MCR4591939_1_NADH_flavin_oxidoreductase__Bacteroidaceae_bacterium_,0.61496264,-1.0,1.0,1.0,-1.0,-1.0,1.0,1.0,1.0,1.0,-0.2613507,1.0,-1.0,1.0,1.0,1.0,-1.0,-1.0,0.910443,0.740338,-1.0,1.0,1.0,1.0,-1.0,-1.0,1.0,0.41776645,0.38569134
5BR%MDD5892138_1_NADH_flavin_oxidoreductase__Bacteroidales_bacterium_,-0.59993625,-1.0,-0.4004211,0.69858515,-1.0,-0.99851465,0.19105338,0.1095528,-0.4826419,0.07193308,-0.62972546,0.39211816,-1.0,0.20187812,0.61804825,0.8824298,-1.0,-0.8523151,-0.4059161,-0.20025204,-1.0,-0.36104327,0.32141894,0.42476127,-1.0,-0.8708691,-0.03203393,-0.05555733,-0.17171204
5BR%MDL2227349_1_NADH_flavin_oxidoreductase__Odoribacter_sp__OttesenSCG-928-L07_,-0.67009544,-1.0,0.053177092,0.6785136,-1.0,-0.62249976,0.16004251,-0.33736628,-0.16056244,0.13111944,-1.0,0.5527742,-1.0,0.86864895,0.4919257,0.65630305,-0.9784104,-0.93628556,0.16886422,-0.34600806,-1.0,0.25243056,0.46107852,0.5359727,-1.0,-0.68268543,0.49264458,-0.2657335,-0.6520158
5BR%MEI7492181_1_NADH_flavin_oxidoreductase__Bacteroidota_bacterium_,-1.0,0.5791136,-1.0,-1.0,0.6598995,0.21265894,-1.0,-1.0,-1.0,-1.0,-1.0,-1.0,0.46885258,0.3074993,-0.9917978,1.0,0.27529103,-0.666199,-0.8532639,-1.0,0.7996944,-1.0,-0.94086784,-0.253966,-1.0,-0.8648515,-0.9049266,-0.95465595,-1.0
5BR%MEZ3591839_1_NADH_flavin_oxidoreductase__Muribaculaceae_bacterium_,-0.44885302,0.9802285,-0.9091111,-0.89484847,0.9470687,0.66961443,-1.0,-0.7192082,-0.58567864,-0.8847066,-0.18513092,-1.0,0.9644979,0.12266864,-0.6551084,0.05281739,0.7221502,0.05468452,0.0021475656,-0.19111766,0.98141,-0.81169796,-0.56793994,-0.3544539,0.029912485,0.0506551,-0.66671324,-0.2224453,-0.20651437
5BR%WP_071425025_1_NADH_flavin_oxidoreductase__Tidjanibacter_massiliensis_,-0.99457145,0.1613652,-0.91437703,-0.44032276,0.19862995,0.23267451,-0.65579015,-0.87181014,-0.6570452,-0.7331186,-0.71692723,-0.65094155,0.17838162,0.41485628,-0.27465683,0.564887,0.14158697,-0.29262227,0.014223759,-0.56454307,0.26853514,-0.43457398,-0.35018894,-0.03177762,-0.5386386,-0.08937973,-0.11771873,-0.23754372,-0.5674261
5BR%WP_259010233_1_NADH_flavin_oxidoreductase__Parabacteroides_distasonis_,0.9201763,1.0,-0.23945814,-0.8927132,1.0,1.0,-0.35856074,0.44926485,0.599452,-0.09669284,1.0,-0.7748811,1.0,-0.9770793,-0.5155483,-0.7996545,1.0,1.0,-0.02178845,0.42066887,1.0,-0.42923385,-1.0,-0.732109,1.0,0.9970519,-1.0,0.39562124,0.8893782
5BR%WP_279088787_1_NADH_flavin_oxidoreductase__Alistipes_putredinis_,-0.2238428,1.0,-1.0,-1.0,1.0,1.0,-1.0,-1.0,-1.0,-1.0,-1.0,-1.0,1.0,0.04612897,-1.0,-0.7972412,1.0,0.27329966,-0.694753,-0.589587,1.0,-1.0,-1.0,-0.36167547,0.4726625,-0.45311478,-1.0,-1.0,-1.0
5BR%WP_295936477_1_NADH_flavin_oxidoreductase__uncultured_Alistipes_sp__,-1.0,1.0,-1.0,-1.0,1.0,1.0,-1.0,-1.0,-1.0,-1.0,-1.0,-1.0,1.0,-0.42756945,-1.0,-0.31762892,1.0,0.8851468,-1.0,-1.0,1.0,-1.0,-1.0,-1.0,0.4993533,-0.0033409894,-1.0,-1.0,-1.0
5BR%WP_300285921_1_NADH_flavin_oxidoreductase__uncultured_Alistipes_sp__,1.0,-1.0,1.0,1.0,-1.0,-1.0,1.0,1.0,1.0,1.0,1.0,1.0,-1.0,-0.32575148,1.0,-0.46567798,-1.0,-0.52961683,0.5328426,1.0,-1.0,1.0,1.0,0.7953925,0.16576096,-0.08458071,0.7510846,0.6247065,1.0
5BR%WP_300748828_1_NADH_flavin_oxidoreductase__uncultured_Alistipes_sp__,-0.39314944,-0.8243984,0.23928116,0.5660139,-0.7789987,-0.47680354,0.13112767,-0.123858735,0.12269831,0.06848646,-0.2817928,0.41704115,-0.82257295,0.5063764,0.57400674,0.56106514,-0.74446523,-0.72781277,0.28420025,-0.10513166,-0.7945344,-0.035746735,0.5628311,0.092370324,-0.9172083,-0.48642436,0.3311333,-0.06321745,-0.21880245
5BR%WP_302380465_1_NADH_flavin_oxidoreductase__uncultured_Alistipes_sp__,-1.0,1.0,-1.0,-1.0,1.0,1.0,-1.0,-1.0,-1.0,-1.0,-0.38830408,-1.0,1.0,-0.4092465,-1.0,0.10683426,1.0,1.0,-0.6533698,-0.7271007,1.0,-1.0,-1.0,-1.0,0.81164837,0.8851715,-1.0,-0.5180836,-0.92103857
5BR%WP_394671717_1_NADH_flavin_oxidoreductase__Muribaculum_sp__,-0.7319538,0.7640774,-0.80861884,-0.747166,0.8947032,0.77777714,-0.73425597,-0.6915908,-0.17099382,-0.8775381,0.8878146,-0.87094796,0.8687731,-0.8247794,-0.36955905,0.099580266,0.7930898,0.5310813,-0.017342629,-0.36033723,0.77583647,-0.54385376,-0.40685424,-0.63285583,0.4751258,0.8456624,-0.24185452,0.14989379,0.026616098
5BR%WP_418992344_1_NADH_flavin_oxidoreductase__Alistipes_sp__,-0.1960715,1.0,-1.0,-1.0,1.0,0.5471613,-1.0,-0.7312153,-1.0,-0.9880404,-0.7815969,-1.0,1.0,0.5013381,-1.0,0.00195853,0.7909892,-0.04517417,-0.25667894,-0.2283702,1.0,-0.8361666,-1.0,-0.02714513,-0.16330977,-0.44289544,-1.0,-0.5374146,-0.28630596
7aHSDH%GENOME007043_1033,0.046811216,-1.0,1.0,1.0,-1.0,-1.0,1.0,0.81786287,1.0,1.0,0.15622838,1.0,-1.0,0.68676645,1.0,0.67686623,-1.0,-0.8478544,0.4982421,0.4784044,-1.0,0.7228392,1.0,0.41803482,-0.9885483,-0.35929617,1.0,0.36563715,0.25625554
7aHSDH%GENOME011662_3430,0.67178196,-0.022636468,1.0,0.541985,-0.013862847,0.18132606,0.71342796,1.0,1.0,0.8435611,1.0,0.607566,0.1169511,-0.20354953,0.93704283,-0.18111996,0.35085434,0.9429632,0.46955088,0.9938207,-0.019643959,0.4169528,0.6181184,-0.5492362,1.0,1.0,0.553749,0.8799255,1.0
7aHSDH%GENOME018142_1887,1.0,-1.0,1.0,1.0,-1.0,-1.0,1.0,1.0,1.0,1.0,0.26899302,1.0,-1.0,0.7461966,1.0,0.08104146,-1.0,-0.8837401,0.857256,0.8838993,-1.0,1.0,1.0,0.88736093,-0.41441807,-0.48220283,1.0,0.34581092,0.78310764
7aHSDH%GENOME025100_397,1.0,-1.0,1.0,1.0,-1.0,-1.0,1.0,1.0,1.0,1.0,1.0,1.0,-1.0,1.0,1.0,0.19734949,-1.0,-1.0,1.0,1.0,-1.0,1.0,1.0,1.0,-0.8009923,-0.76690227,1.0,1.0,1.0
7aHSDH%GENOME067790_2714,0.4965048,-0.97651166,1.0,1.0,-0.89350134,-0.5515856,1.0,1.0,1.0,0.93820256,1.0,0.98493445,-0.9510818,0.20623937,1.0,0.23820461,-0.19529106,0.4005033,0.72586465,0.6722719,-0.6214385,0.50082153,1.0,-0.2533355,0.3180838,0.72430414,1.0,0.99365336,0.9208835
7aHSDH%GENOME070302_884,1.0,-1.0,1.0,1.0,-1.0,-1.0,1.0,1.0,1.0,1.0,1.0,1.0,-1.0,0.97889435,1.0,0.20199244,-1.0,-0.09634212,1.0,1.0,-1.0,1.0,1.0,0.6270384,-0.3135098,0.16246018,1.0,1.0,1.0
7aHSDH%GENOME086444_1757,-0.43502685,1.0,-0.42266825,-0.494699,0.9063463,0.7436924,-0.14116962,-0.34443673,0.101798706,-0.6465227,1.0,-0.790922,0.9661555,-0.35225278,0.102991216,0.20199992,1.0,0.9549389,0.16431692,0.0552969,1.0,-0.5576638,-0.18260516,-0.8934804,0.7729833,1.0,0.1663925,0.5488924,0.10131099
7aHSDH%GENOME103762_694,-1.0,1.0,-1.0,-1.0,1.0,1.0,-1.0,-1.0,-1.0,-1.0,-0.28320262,-1.0,1.0,-1.0,-1.0,-0.61321646,1.0,1.0,-0.8124387,-0.8370544,1.0,-1.0,-1.0,-1.0,1.0,1.0,-1.0,-0.63415354,-0.37201747
7aHSDH%GENOME122758_282,1.0,-1.0,1.0,1.0,-1.0,-1.0,1.0,1.0,1.0,1.0,1.0,1.0,-1.0,1.0,1.0,0.4325811,-1.0,-1.0,1.0,1.0,-1.0,1.0,1.0,1.0,-1.0,-0.7891497,1.0,1.0,1.0
7aHSDH%GENOME150027_3593,1.0,-1.0,1.0,1.0,-1.0,-1.0,1.0,1.0,1.0,1.0,1.0,1.0,-1.0,1.0,1.0,0.79615265,-1.0,-1.0,1.0,1.0,-1.0,1.0,1.0,1.0,-1.0,-0.584786,1.0,1.0,1.0
7aHSDH%GENOME215422_1346,1.0,-1.0,1.0,1.0,-1.0,-1.0,1.0,1.0,1.0,1.0,0.49556538,1.0,-1.0,1.0,1.0,0.5501353,-1.0,-1.0,1.0,1.0,-1.0,1.0,1.0,1.0,-1.0,-1.0,1.0,0.43230876,0.8083761
7aHSDH%HAY2965420_1_SDR_family_oxidoreductase__Escherichia_coli_,1.0,-1.0,1.0,1.0,-1.0,-1.0,1.0,1.0,1.0,1.0,1.0,1.0,-1.0,1.0,1.0,0.57491684,-1.0,-1.0,1.0,1.0,-1.0,1.0,1.0,1.0,-0.9543514,-0.42980847,1.0,1.0,1.0
7aHSDH%MBE5948790_1_SDR_family_oxidoreductase__Lachnospiraceae_bacterium_,0.02546004,-1.0,0.5628627,0.7068278,-1.0,-0.6888791,0.39724684,0.19464341,-0.11924843,0.7160542,-1.0,0.8666772,-1.0,1.0,0.37270713,0.24436782,-1.0,-0.86850685,0.11349437,-0.21244168,-1.0,0.7574018,0.6151691,1.0,-1.0,-1.0,0.5130908,-0.41337743,-0.56443787
7aHSDH%MBHC130__Clostridiales_bacterium_1_7_47FAA_,0.5061581,-1.0,1.0,1.0,-1.0,-1.0,1.0,1.0,1.0,1.0,1.0,1.0,-1.0,0.3016163,1.0,0.48839903,-1.0,-0.78870744,0.94920206,0.82471424,-1.0,1.0,1.0,0.50507885,-0.5926882,-0.098440744,1.0,0.83745176,0.93032897
7aHSDH%MCI7810995_1_SDR_family_oxidoreductase__Clostridiales_bacterium_,-1.0,1.0,-1.0,-1.0,1.0,0.8986019,-1.0,-1.0,-1.0,-1.0,-1.0,-1.0,1.0,-0.632356,-1.0,0.3591921,1.0,0.012412955,-1.0,-1.0,1.0,-1.0,-1.0,-0.436659,-0.7963561,-0.6632452,-1.0,-1.0,-1.0
7aHSDH%MCI9468093_1_SDR_family_oxidoreductase__Oscillospiraceae_bacterium_,-1.0,0.6338446,-1.0,-1.0,0.7056923,0.18616952,-1.0,-1.0,-1.0,-1.0,-1.0,-1.0,0.6058169,-0.38733357,-1.0,0.28522488,0.30268204,-0.08055171,-1.0,-1.0,0.6512356,-0.9933371,-0.76764023,-0.042279206,-0.68408304,-0.5403365,-0.6178174,-0.89996654,-1.0
7aHSDH%MEO8122524_1_7-alpha-hydroxysteroid_dehydrogenase__Burkholderiales_bacterium_,1.0,-1.0,1.0,1.0,-1.0,-1.0,1.0,1.0,1.0,1.0,1.0,1.0,-1.0,1.0,1.0,0.4831094,-1.0,-1.0,1.0,1.0,-1.0,1.0,1.0,1.0,-1.0,-0.7101612,1.0,1.0,1.0
7aHSDH%WP_025075670_1_7alpha-hydroxysteroid_dehydrogenase__Bacteroides_faecichinchillae_,-1.0,-0.10806444,-1.0,-0.2535089,0.10280845,-0.16052939,-0.445386,-0.6387748,-0.8578756,-0.58013,-0.5448381,-0.48721197,-0.0056170835,-0.4604402,-0.30785534,0.5088791,-0.33191314,-0.09809296,-0.7145526,-0.61633056,-0.04403023,-0.8008209,-0.6334159,-0.09389491,-0.9258533,-0.3325284,-0.9199511,-0.19738646,-0.58755195
7aHSDH%WP_071121323_1_7alpha-hydroxysteroid_dehydrogenase__Romboutsia_timonensis_,-0.79404014,1.0,-1.0,-1.0,1.0,0.9092694,-1.0,-1.0,-1.0,-1.0,-0.5753762,-1.0,1.0,-0.1882172,-1.0,-0.040380236,0.87410045,-0.39690822,-0.23363939,-0.6650827,1.0,-0.7043473,-0.6706711,-0.37017155,0.16417837,-0.0824545,-0.3933197,-0.829594,-0.79581565
7aHSDH%WP_262434703_1_7alpha-hydroxysteroid_dehydrogenase__Jilunia_laotingensis_,0.59428847,-1.0,1.0,1.0,-1.0,-0.8262929,1.0,1.0,1.0,1.0,1.0,1.0,-1.0,-0.27449375,1.0,0.23657463,-1.0,0.10294426,0.5763763,0.48158893,-1.0,0.7055264,0.889457,0.054399706,-0.082068555,0.5628115,0.82522124,0.92949086,0.8056968
7aHSDH%WP_288686302_1_SDR_family_NAD(P)-dependent_oxidoreductase__partial__uncultured_Bacteroides_sp__,-1.0,-0.5648688,-1.0,-0.1651957,-0.20331995,-0.40184352,-0.5541123,-0.57655615,-0.81730604,-0.66268796,-0.4457543,-0.46094257,-0.39787436,-0.6578716,-0.1855415,0.8335246,-0.6490693,-0.22916348,-0.793566,-0.69073194,-0.4998672,-0.9681602,-0.45028678,-0.12796874,-1.0,-0.4519669,-0.91054624,-0.13000113,-0.36207473
7aHSDH%WP_303013929_1_7alpha-hydroxysteroid_dehydrogenase__uncultured_Bacteroides_sp__,-1.0,0.015076285,-1.0,-0.44031447,0.34470528,0.07469437,-0.65616477,-0.7028761,-0.5596715,-0.82907706,0.07292288,-0.6613714,0.22525895,-1.0,-0.20011972,0.5107055,-0.11849048,0.14822075,-0.6594192,-0.5784336,0.016105363,-1.0,-0.38350815,-0.67539036,-0.566119,0.21007714,-0.83511287,0.09963228,-0.23009174
7aHSDH%WP_342232791_1_7alpha-hydroxysteroid_dehydrogenase__Pseudoflavonifractor_phocaeensis_,-0.19868639,-0.99317193,0.45326293,0.7081845,-0.7801792,-0.45656762,0.3261401,0.41063523,0.5152308,0.3116873,0.38562912,0.51273906,-0.9060596,0.08813641,0.85972893,0.5437161,-0.37377718,-0.0957074,0.39187896,0.3264821,-0.8883636,0.05627497,1.0,0.0602791,-0.29659945,-0.010376953,0.77997684,0.37833485,0.38060907
7bHSDH%GENOME075272_507,-1.0,1.0,-1.0,-1.0,1.0,0.841741,-1.0,-1.0,-1.0,-1.0,-1.0,-1.0,1.0,-0.4935434,-1.0,0.09942478,1.0,0.15821016,-1.0,-1.0,1.0,-1.0,-1.0,-0.28603262,-0.43362874,-0.3451215,-1.0,-0.8808896,-1.0
7bHSDH%GENOME213756_525,-1.0,1.0,-1.0,-1.0,1.0,0.80964285,-1.0,-1.0,-1.0,-1.0,-1.0,-1.0,1.0,-0.01826012,-1.0,-4.17208e-06,0.96595395,-0.06967323,-0.6208236,-0.8191461,1.0,-1.0,-1.0,-0.55448365,-0.24309048,-0.35439005,-1.0,-0.66127837,-0.8107374
BSH1%UPI0001652BA3,0.42458084,-0.29480737,-0.103702664,0.20383874,-0.21321437,-0.28612733,-0.0042561847,0.47760472,0.14999269,0.12498099,0.7673548,0.15668748,-0.21753699,-0.6726189,0.19407754,-0.15181664,-0.4402783,-0.14361064,-0.34461287,0.33360752,-0.323893,-0.31613153,-0.08704739,-0.05844343,-0.045557633,-0.09557376,-0.546119,0.09820473,0.4401718
BSH1%UPI0001B1C28E,1.0,-1.0,1.0,1.0,-1.0,-1.0,1.0,1.0,1.0,1.0,1.0,1.0,-1.0,-0.20205536,1.0,-0.20186277,-1.0,-0.47777426,0.43836156,1.0,-1.0,1.0,1.0,0.75939476,-0.027699923,-0.11673619,0.5891564,0.5107093,1.0
BSH1%UPI0001DE6025,1.0,-1.0,1.0,1.0,-1.0,-1.0,1.0,1.0,1.0,1.0,1.0,1.0,-1.0,0.38931045,1.0,-0.955801,-1.0,0.26578656,1.0,1.0,-1.0,1.0,1.0,0.4209189,0.8073796,0.32737675,0.97057194,1.0,1.0
BSH1%UPI0002624191,1.0,-1.0,1.0,1.0,-1.0,-1.0,1.0,1.0,1.0,1.0,1.0,1.0,-1.0,0.45909125,1.0,0.4797473,-1.0,-0.80325484,1.0,1.0,-1.0,1.0,1.0,1.0,-0.7729712,-0.45600843,1.0,1.0,1.0
BSH1%UPI0002802AC4,-1.0,1.0,-1.0,-1.0,1.0,1.0,-1.0,-1.0,-1.0,-1.0,-1.0,-1.0,1.0,-0.028112084,-1.0,0.15649621,1.0,-0.10269009,-0.6012315,-1.0,1.0,-1.0,-1.0,-0.735379,-0.30392408,-0.21535438,-1.0,-0.94417053,-1.0
BSH1%UPI0002CB0E7D,-1.0,1.0,-1.0,-1.0,1.0,1.0,-1.0,-1.0,-1.0,-1.0,-1.0,-1.0,1.0,-0.7520674,-1.0,0.9456434,1.0,0.05798433,-1.0,-1.0,1.0,-1.0,-1.0,-0.759956,-1.0,-0.37193084,-1.0,-1.0,-1.0
BSH1%UPI0002F95F26,-1.0,0.9836063,-1.0,-1.0,1.0,0.39970753,-1.0,-1.0,-1.0,-1.0,-1.0,-1.0,0.86959535,0.19077799,-1.0,0.83806926,0.42968652,-0.6312408,-0.95446736,-1.0,1.0,-1.0,-1.0,-0.38780192,-1.0,-0.88524765,-1.0,-1.0,-1.0
BSH1%UPI000334E1FF,-1.0,0.12064481,-0.85905266,-0.36134285,0.10363414,0.15585539,-0.63371557,-1.0,-0.84391,-0.83375806,-1.0,-0.57275915,0.083475,0.46113774,-0.33781868,0.54578936,0.021291915,-0.46920115,-0.11314726,-0.6529888,0.17032965,-0.33511707,-0.32679063,0.16776316,-0.68552965,-0.36329615,-0.12968199,-0.4903252,-0.7948506
BSH1%UPI00035D264B,-0.28668946,-0.32844228,-0.060044736,0.25452894,-0.3034973,-0.40574217,0.23662153,-0.18792453,-0.25088313,-0.13475388,-0.63574815,0.087127544,-0.40379125,0.2737608,0.07947712,0.18761045,-0.2983775,-0.46597043,-0.102854565,-0.2297897,-0.22945966,-0.20680124,-0.06996881,-0.16676052,-0.7015168,-0.6013975,-0.21007551,-0.23873213,-0.42125642
BSH1%UPI0003A10C39,-1.0,1.0,-1.0,-1.0,1.0,1.0,-1.0,-1.0,-1.0,-1.0,-1.0,-1.0,1.0,-0.66083515,-1.0,0.7240613,1.0,0.80356365,-1.0,-1.0,1.0,-1.0,-1.0,-1.0,-0.20442961,0.45508215,-1.0,-1.0,-1.0
BSH1%UPI00041C4F56,0.14717178,-0.8935531,0.57462966,0.90289533,-0.92132235,-0.7413322,0.7352541,0.25691947,0.1911254,0.49742368,-0.33284932,0.69319326,-1.0,1.0,0.6657931,0.44506156,-0.7255917,-0.61020154,0.26851127,0.20794049,-0.7094613,0.27640203,0.40075588,0.3423167,-0.9142641,-0.6057564,0.20583946,0.06621163,-0.18666571
BSH1%UPI00044AC395,0.5447334,-1.0,1.0,1.0,-1.0,-1.0,1.0,1.0,1.0,1.0,1.0,1.0,-1.0,0.36048895,1.0,0.6883761,-1.0,-0.7868604,0.8892722,0.70508623,-1.0,1.0,1.0,0.36150432,-1.0,-0.18301767,1.0,1.0,0.8934006
BSH1%UPI0004BCDDD9,-1.0,-0.03388852,-1.0,-0.26852658,0.2997795,-0.1371202,-0.21657076,-0.80174327,-0.3931098,-0.8034997,0.2891023,-0.70288646,0.0489508,-0.81232774,-0.04322388,0.7510543,0.055351615,0.11464745,-0.45782736,-0.67507184,0.36960962,-1.0,-0.69100416,-1.0,-0.8010158,0.39441928,-0.8005399,0.38697472,-0.43550178
BSH1%UPI0004D69CD5,0.9242363,-0.62757313,0.684175,0.49544397,-0.4834659,-0.28956208,0.4494815,1.0,0.8620837,1.0,0.9389519,0.6569172,-0.41848484,-0.18694088,0.52523303,-0.1455176,-0.4820868,0.37355235,0.05213788,0.7018377,-0.6948582,0.4805593,0.10327868,0.367458,0.3187741,0.21234916,-0.26575997,0.440666,0.89991903
BSH1%UPI0004D6A0E9,-0.96544003,1.0,-1.0,-1.0,1.0,0.63107324,-1.0,-0.99581754,-1.0,-1.0,-0.5111807,-1.0,1.0,-0.3814565,-0.94686055,0.23011523,0.8247333,0.15365826,-0.70778793,-0.45741192,1.0,-1.0,-1.0,-0.49804944,-0.117616676,-0.034920894,-1.0,-0.40948394,-0.35703078
BSH1%UPI0004F8D610,-0.39128703,1.0,-1.0,-1.0,1.0,1.0,-0.75168025,-0.707991,-0.5066519,-1.0,0.86978185,-1.0,1.0,-0.8260432,-0.9984134,-0.31838277,1.0,1.0,-0.39806756,-0.13981459,1.0,-1.0,-1.0,-1.0,1.0,1.0,-1.0,0.17051122,-0.10553286
BSH1%UPI0005DBBD01,-0.80903816,1.0,-1.0,-1.0,1.0,0.9556361,-1.0,-1.0,-1.0,-1.0,-1.0,-1.0,1.0,-0.21210405,-1.0,-0.35765556,0.8097962,-0.6012756,-1.0,-1.0,1.0,-1.0,-1.0,-0.089213796,-0.35504863,-1.0,-1.0,-1.0,-1.0
BSH1%UPI00064A1F29,1.0,-1.0,1.0,1.0,-1.0,-1.0,1.0,1.0,1.0,1.0,1.0,1.0,-1.0,0.53373843,1.0,0.1261252,-1.0,-0.8650297,1.0,1.0,-1.0,1.0,1.0,1.0,-0.39717463,-0.29157084,1.0,0.8640662,1.0
BSH1%UPI00070D1B8F,1.0,-1.0,1.0,1.0,-1.0,-1.0,1.0,1.0,1.0,1.0,1.0,1.0,-1.0,1.0,1.0,-0.10660969,-1.0,-0.9194976,1.0,1.0,-1.0,1.0,1.0,1.0,-0.49161422,-0.22223173,1.0,1.0,1.0
BSH1%UPI00073AFD00,1.0,-1.0,1.0,1.0,-1.0,-1.0,1.0,1.0,1.0,1.0,1.0,1.0,-1.0,0.9620098,1.0,0.28664473,-1.0,-1.0,1.0,1.0,-1.0,1.0,1.0,1.0,-0.92330414,-0.7032655,1.0,1.0,1.0
BSH1%UPI00076E9CCB,0.8674644,-1.0,1.0,1.0,-1.0,-1.0,1.0,1.0,1.0,1.0,0.96883345,1.0,-1.0,0.57788956,1.0,0.5257289,-1.0,-0.45434338,0.6947284,0.86355144,-1.0,1.0,1.0,0.81852067,-0.51217484,-0.17402342,0.79573786,0.75066394,1.0
BSH1%UPI0007933BD5,-0.12445243,-1.0,0.29141945,0.6229069,-0.9175089,-0.6571939,0.34297118,0.6392362,0.43923372,0.6446093,0.43394947,0.65771955,-1.0,-0.3894012,0.7068155,0.4429267,-0.90246093,-0.0003311774,-0.024052262,0.20465434,-1.0,0.14887843,0.5762837,0.22322771,-0.46187365,-0.06112389,0.11494698,0.41561723,0.49925065
BSH1%UPI000801FF16,-1.0,1.0,-1.0,-1.0,1.0,1.0,-1.0,-1.0,-1.0,-1.0,-0.1933943,-1.0,1.0,-0.98252106,-1.0,0.24145457,1.0,0.574465,-0.97002673,-1.0,1.0,-1.0,-1.0,-1.0,0.107983574,0.5130262,-1.0,-0.4703424,-0.87463653
BSH1%UPI000949473C,-0.37500212,-0.17832384,-0.45805764,-0.29906097,-0.21647286,-0.0437558,-0.48673865,-0.5872734,-0.59595215,-0.36881587,-1.0,-0.2021126,-0.17113076,0.49576843,-0.44354585,0.2441889,-0.45267117,-0.90430635,-0.08512039,-0.4661588,-0.23293342,-0.028170383,-0.2862843,0.36608306,-0.711475,-0.833818,-0.26590794,-0.6059385,-0.558978
BSH1%UPI00095B1DAC,-0.24938482,0.30437875,-0.5554242,-0.5002712,0.4723255,0.4303035,-0.6738129,-0.08527764,0.06335979,-0.3424293,0.8526133,-0.6246205,0.45798033,-0.5418957,-0.081655286,0.061361622,0.4257497,0.3117076,0.019913726,0.1281975,0.314168,-0.557588,-0.1548484,-0.38165703,0.40564984,0.5199989,-0.17487843,0.24046087,0.561308
BSH1%UPI00095C7CBB,1.0,-1.0,1.0,1.0,-1.0,-1.0,1.0,1.0,1.0,1.0,1.0,1.0,-1.0,1.0,1.0,-0.16803057,-1.0,-1.0,1.0,1.0,-1.0,1.0,1.0,1.0,-0.46660748,-0.51127476,1.0,1.0,1.0
BSH1%UPI000BCCCB22,0.8811074,1.0,-0.22132924,-1.0,1.0,0.929516,-0.7620747,0.2374922,-0.08178975,-0.04980402,-0.05816443,-0.7195168,1.0,-0.14475343,-0.89500815,-0.7851549,0.90889055,0.6180175,0.06003095,0.23143788,1.0,0.16276771,-0.59299624,0.059538692,1.0,0.365498,-0.3989225,-0.15154883,0.48318002
BSH1%UPI000BD3EFD5,1.0,-1.0,1.0,1.0,-1.0,-1.0,1.0,1.0,1.0,1.0,1.0,1.0,-1.0,0.70952034,1.0,-0.19501817,-1.0,-0.25853455,1.0,1.0,-1.0,1.0,1.0,0.7049981,-0.14498909,-0.12307785,1.0,1.0,1.0
BSH1%UPI000CD30963,-0.14805757,-1.0,0.7386376,0.80033374,-0.9290778,-0.38349387,0.4365348,0.35703424,0.5480261,0.5171269,0.08019936,0.73416644,-0.9447095,0.5116276,0.9497966,0.4869239,-0.5434449,-0.19897704,0.4162324,0.37463707,-1.0,0.4455022,0.9837491,0.26337254,-0.34836608,-0.13269167,0.7489976,0.1941155,0.00036902342
BSH1%UPI000CF9C992,1.0,-1.0,1.0,1.0,-1.0,-1.0,1.0,1.0,1.0,1.0,1.0,1.0,-1.0,1.0,1.0,-0.09788806,-1.0,-1.0,1.0,1.0,-1.0,1.0,1.0,1.0,-0.6490883,-0.67946094,1.0,0.9302314,1.0
BSH1%UPI000EF45382,1.0,-1.0,1.0,1.0,-1.0,-1.0,1.0,1.0,1.0,1.0,1.0,1.0,-1.0,1.0,1.0,-0.51393074,-1.0,-0.80290824,1.0,1.0,-1.0,1.0,1.0,1.0,0.3610758,-0.12869626,1.0,1.0,1.0
BSH2%UPI0000382136,1.0,-1.0,1.0,1.0,-1.0,-1.0,1.0,1.0,1.0,1.0,1.0,1.0,-1.0,1.0,1.0,0.7690891,-1.0,-1.0,1.0,1.0,-1.0,1.0,1.0,1.0,-1.0,-1.0,1.0,1.0,1.0
BSH2%UPI0001534663,-1.0,1.0,-1.0,-1.0,1.0,0.55154216,-1.0,-1.0,-1.0,-1.0,-1.0,-1.0,1.0,0.32794872,-1.0,0.63046336,0.53656346,-0.9602837,-1.0,-1.0,1.0,-1.0,-1.0,-0.6017984,-1.0,-1.0,-1.0,-1.0,-1.0
BSH2%UPI0001599717,-1.0,1.0,-1.0,-1.0,1.0,0.7474404,-1.0,-1.0,-1.0,-1.0,-1.0,-1.0,1.0,-0.47259247,-1.0,-0.034785196,0.3272073,-0.8381388,-0.7158467,-0.9873045,0.89353067,-0.88784885,-1.0,0.19893453,-0.32154986,-0.71756226,-0.7326784,-1.0,-0.8373119
BSH2%UPI0001971EB2,0.6962521,-0.31901246,0.36769438,0.0838951,-0.26101765,-0.324871,0.2246553,0.6445007,0.20362538,0.6867327,-0.14457339,0.26257044,-0.2809955,0.29581514,-0.12959702,-0.22455648,-0.1600263,0.10335618,0.13527013,0.2286197,-0.29093173,0.3172566,-0.16500707,0.38535038,0.03316024,-0.33807617,-0.07503344,0.1434435,0.45246464
BSH2%UPI0001C1C05D,-0.033574846,-1.0,0.5651191,0.7526132,-1.0,-0.6148777,0.68316346,0.5484603,0.91374797,0.70533556,0.4812627,0.7267283,-1.0,0.1387923,0.83285004,0.3937401,-0.6107113,-0.15077114,0.41998756,0.23218887,-1.0,0.23322196,0.72092545,-0.120772965,-0.21944857,0.11855815,0.6820296,0.6140285,0.5958157
BSH2%UPI0001CF4F1D,0.048337217,1.0,-1.0,-1.0,1.0,1.0,-1.0,-0.83985645,-1.0,-1.0,-0.25367442,-1.0,1.0,-0.715568,-1.0,-0.8913718,1.0,1.0,-0.48554993,-0.39207035,1.0,-0.4389814,-1.0,-0.45865226,1.0,0.7217705,-0.94631886,-0.500018,-0.2761195
BSH2%UPI0002814877,-0.6895811,-1.0,0.36486077,0.9930935,-1.0,-0.97578454,0.46810547,-0.40826863,-0.40729046,0.15734172,-1.0,0.91802824,-1.0,0.89105517,0.5959049,0.6462396,-1.0,-1.0,-0.11847485,-0.40566248,-1.0,0.29160526,0.62273604,0.46277428,-1.0,-1.0,0.2215655,-0.60539323,-1.0
BSH2%UPI00033AD64E,-0.17726927,1.0,-1.0,-1.0,1.0,1.0,-1.0,-0.9482037,-1.0,-1.0,-1.0,-1.0,1.0,-0.34616828,-1.0,-0.57551277,1.0,0.5470665,-0.69063824,-0.5546945,1.0,-0.91137016,-1.0,-0.3419357,0.65998405,-0.103096455,-1.0,-0.8045694,-0.35298467
BSH2%UPI00033F049A,0.38629746,1.0,-0.59687495,-0.94945544,0.8983957,0.5950121,-0.72882426,-0.4056979,-0.92145675,-0.50488365,-0.5107126,-0.7579911,0.9328925,-0.18724577,-1.0,-0.44103307,0.4592722,0.100317776,-0.37359956,-0.3281122,0.94725454,-0.1263724,-0.8420589,0.389463,0.2170533,-0.30956927,-0.49448228,-0.3944653,-0.26048297
BSH2%UPI00038B932A,-0.53842604,1.0,-1.0,-1.0,1.0,0.6892381,-0.88242763,-1.0,-1.0,-1.0,-0.67703617,-1.0,1.0,-0.44172746,-1.0,-0.17675687,0.95056456,0.19799098,-0.60758525,-0.61044043,1.0,-1.0,-1.0,-0.29399213,-0.0253597,-0.23043503,-0.8038961,-0.6151663,-0.92549884
BSH2%UPI000396CDDF,1.0,0.8229509,1.0,0.3864311,0.40528926,0.12097908,1.0,1.0,1.0,1.0,1.0,0.7783923,0.58316636,-0.2926404,-0.0640565,-1.0,0.6930346,1.0,0.7165883,1.0,0.80405986,1.0,-0.5446825,0.11177011,1.0,0.9792669,0.43035734,0.9696917,1.0
BSH2%UPI0003AD64AE,-1.0,1.0,-1.0,-1.0,1.0,1.0,-1.0,-1.0,-1.0,-1.0,-1.0,-1.0,1.0,0.051238123,-1.0,0.2251001,1.0,0.1094724,-1.0,-1.0,1.0,-1.0,-1.0,-0.56893665,-0.5818588,-0.51436985,-1.0,-1.0,-1.0
BSH2%UPI000508CF7A,0.6415603,-1.0,1.0,1.0,-1.0,-1.0,0.99749345,1.0,1.0,1.0,-0.2699124,1.0,-1.0,0.9074849,1.0,0.41453344,-1.0,-1.0,0.61886555,0.43184152,-1.0,1.0,1.0,1.0,-1.0,-1.0,1.0,0.12745643,0.5289089
BSH2%UPI00050FFCF5,-0.14513882,1.0,-1.0,-1.0,1.0,1.0,-1.0,-1.0,-1.0,-1.0,-1.0,-1.0,1.0,-0.30746198,-1.0,-0.92212015,1.0,0.29901236,-0.7110107,-0.7873098,1.0,-1.0,-1.0,-0.42593035,0.659812,-0.2833913,-1.0,-1.0,-0.7846409
BSH2%UPI0005D317A6,1.0,-1.0,1.0,1.0,-1.0,-1.0,1.0,1.0,1.0,1.0,1.0,1.0,-1.0,1.0,1.0,0.22002143,-1.0,-0.86662567,1.0,1.0,-1.0,1.0,1.0,1.0,-0.68176156,-0.18837972,1.0,1.0,1.0
BSH2%UPI0005DCCFF2,-1.0,1.0,-1.0,-1.0,1.0,1.0,-1.0,-1.0,-1.0,-1.0,-0.36428303,-1.0,1.0,-0.70837724,-0.8183436,0.68389916,1.0,0.66003263,-0.65618825,-0.9502915,1.0,-1.0,-0.8177728,-1.0,0.023970138,0.8383307,-0.9090762,-0.25149474,-1.0
BSH2%UPI0006649122,1.0,-1.0,1.0,1.0,-1.0,-1.0,1.0,1.0,1.0,1.0,1.0,1.0,-1.0,0.6149918,1.0,-0.14252052,-1.0,-1.0,1.0,1.0,-1.0,1.0,1.0,1.0,-0.75361246,-0.77571243,1.0,1.0,1.0
BSH2%UPI0006BFFEB7,-0.69657636,1.0,-0.90975815,-1.0,1.0,1.0,-1.0,-0.97003627,-1.0,-1.0,-1.0,-0.9952615,1.0,-0.5035733,-1.0,-0.19266862,0.6487814,0.054604914,-0.6725883,-0.6555955,0.8742361,-0.1483661,-0.70048183,-0.053877514,0.19401948,0.17275696,-0.54385996,-0.58194166,-0.7600562
BSH2%UPI0006C043E9,0.24110927,-1.0,1.0,1.0,-1.0,-1.0,1.0,1.0,1.0,1.0,-0.20784558,1.0,-1.0,1.0,1.0,0.9189228,-1.0,-1.0,0.88084924,0.7005807,-1.0,1.0,1.0,1.0,-1.0,-1.0,1.0,0.33186352,0.15042771
BSH2%UPI0006C0EB58,1.0,-1.0,1.0,1.0,-1.0,-1.0,1.0,1.0,1.0,1.0,0.62221146,1.0,-1.0,0.23214199,1.0,0.2007175,-1.0,-0.5407794,0.514401,0.72479457,-1.0,1.0,1.0,1.0,-0.3452281,-0.38969588,1.0,0.43604654,1.0
BSH2%UPI0006C1ADDE,1.0,-1.0,1.0,1.0,-1.0,-0.826835,1.0,1.0,1.0,1.0,1.0,1.0,-1.0,0.36199233,0.90005064,-0.3606068,-1.0,-0.3507776,0.59846455,0.91193825,-1.0,1.0,0.8957581,0.81422466,0.23580019,-0.16433252,0.8043236,0.53717756,1.0
BSH2%UPI0006C23C60,0.5426132,-0.7270361,0.797619,0.8042879,-0.87097913,-0.57901263,0.7511801,0.48107195,0.002963074,0.9031176,-1.0,0.9174054,-0.87026876,1.0,0.3852162,0.027844008,-0.8395776,-0.6614552,0.21017341,0.11543975,-0.7847869,0.57554746,0.39846966,0.66207397,-0.89592034,-0.82757384,0.29066327,-0.13696931,-0.45437285
BSH2%UPI0006C28698,0.30001783,1.0,-0.30549875,-0.97264385,0.903826,1.0,-1.0,-0.30393445,-0.48478997,-0.5129923,0.18702097,-0.6778976,1.0,-0.4450985,-0.7771741,-0.41456893,0.6645868,0.3502345,-0.17082602,-0.090026915,0.72020096,0.29321444,-0.07962311,0.42859268,0.87549406,0.3682553,0.19636236,-0.29852706,0.17692624
BSH2%UPI0006C45BC8,1.0,-1.0,1.0,1.0,-1.0,-1.0,1.0,1.0,1.0,1.0,1.0,1.0,-1.0,0.8596582,1.0,0.15991817,-1.0,-1.0,1.0,1.0,-1.0,1.0,1.0,1.0,-0.10143182,-0.23177989,1.0,1.0,1.0
BSH2%UPI0006C4A6B6,-1.0,0.46182382,-1.0,-0.5984841,0.31678203,-0.0018305258,-0.75460994,-1.0,-1.0,-1.0,-1.0,-0.98099357,0.16210034,0.7737038,-0.7644948,0.8703771,-0.14784834,-1.0,-0.71541154,-1.0,0.5739738,-1.0,-0.7740216,-0.25052938,-1.0,-1.0,-0.8983461,-1.0,-1.0
BSH2%UPI0006C52F45,0.51726943,-1.0,1.0,1.0,-1.0,-1.0,1.0,1.0,1.0,1.0,0.4492721,1.0,-1.0,1.0,1.0,0.7682019,-1.0,-1.0,1.0,0.8931019,-1.0,1.0,1.0,1.0,-1.0,-0.8160499,1.0,0.44504145,0.75827223
BSH2%UPI0006C5C844,-0.1351988,-1.0,1.0,1.0,-1.0,-0.9149771,0.61007214,0.4453722,1.0,0.61838603,0.3673835,1.0,-1.0,0.5002338,1.0,0.5808906,-1.0,-1.0,0.5170281,0.38784787,-1.0,0.82110256,1.0,0.49086368,-0.54881346,-0.25142705,1.0,0.13690467,0.40281206
BSH2%UPI0006C706B0,-1.0,0.8019406,-1.0,-1.0,0.9395373,0.6557512,-1.0,-1.0,-1.0,-1.0,-1.0,-1.0,0.82758886,-0.0021855638,-1.0,1.0,0.54526186,-0.46836576,-1.0,-1.0,0.909494,-1.0,-1.0,-0.225933,-1.0,-0.5723428,-1.0,-1.0,-1.0
BSH2%UPI0006CAB5AD,1.0,-1.0,1.0,1.0,-1.0,-0.47825724,1.0,1.0,1.0,1.0,1.0,1.0,-1.0,0.3350782,1.0,-0.7390604,-1.0,-0.53178173,1.0,1.0,-1.0,1.0,1.0,1.0,0.8019863,0.124313,1.0,0.49975133,1.0
BSH2%UPI0006CABDF6,1.0,1.0,0.6033296,-0.8031396,0.938976,0.87967646,-0.25075775,0.8675173,0.73220474,0.510622,1.0,-0.26108757,1.0,-0.45633957,-0.8094889,-1.0,0.843388,0.8322062,0.44838154,0.6012161,0.90800804,0.722581,-0.4804893,0.25224,1.0,0.5530608,-0.0033279015,0.23621345,1.0
BSH2%UPI0006CABE2C,0.75859624,1.0,0.07175115,-1.0,1.0,1.0,-0.99893683,-0.13826036,0.07569445,-0.33879215,0.33791584,-0.79615456,1.0,-0.18596373,-0.8865195,-0.93737286,1.0,0.5433343,0.39151296,0.3409959,1.0,0.45050892,-0.19611561,0.022709193,1.0,0.61453223,0.20885965,-0.22772868,0.5343406
BSH2%UPI00082051E1,1.0,-0.15991132,1.0,0.5561821,-0.3264342,0.04743727,0.7451429,1.0,1.0,1.0,0.8198642,1.0,-0.1537338,0.14640813,0.36452278,-0.88897705,-0.246409,0.36162153,0.61457044,0.9366785,-0.45889175,1.0,0.64846045,0.6177458,1.0,0.4329123,0.8311675,0.58237666,1.0
BSH2%UPI00082062C1,0.6709075,1.0,-0.36133784,-1.0,1.0,1.0,-0.82084215,-0.28295657,-0.24954519,-0.53478086,0.16688457,-0.9525498,1.0,-0.40219328,-1.0,-0.96966183,1.0,0.41267624,-0.11972979,-0.033915076,1.0,0.18792342,-1.0,-0.24028051,1.0,0.5310729,-0.7275672,-0.24421184,0.40784568
BSH2%UPI000820857A,1.0,-0.17374527,1.0,0.5230217,-0.38330182,-0.022098936,0.6514472,1.0,1.0,1.0,0.68075216,1.0,-0.21212098,0.27339017,0.18615982,-1.0,-0.31149215,0.04770105,0.59980404,0.94181883,-0.58279604,1.0,0.57004523,0.8735307,0.9731394,-0.028258247,0.5611797,0.112065315,0.94016594
BSH2%UPI000820B778,-0.674665,-0.3792717,-0.2969482,-0.11481407,-0.36834803,-0.17204903,-0.26781255,-0.5450663,-0.9027628,-0.07537265,-1.0,-0.01359195,-0.41919512,0.66759574,-0.24973567,0.26670578,-0.4030658,-0.5848951,-0.27541658,-0.5985443,-0.500806,0.17663753,-0.025885845,0.6389665,-0.89870816,-0.9961938,0.059000585,-0.71748406,-1.0
BSH2%UPI000820F666,0.88324326,0.396194,0.23990507,-0.48883307,0.29436314,0.7055611,-0.54049164,0.49060854,0.1376485,0.34494334,-0.06781865,-0.0939366,0.47239015,0.30103692,-0.24681714,-0.50718296,0.35897875,0.20373826,0.17583242,0.33511338,0.06666943,0.6825001,0.13961346,0.56861573,0.7539195,0.20902407,0.107026935,-0.12648335,0.46044907
BSH2%UPI000821232B,-0.16828194,1.0,-1.0,-1.0,1.0,1.0,-1.0,-0.97963077,-1.0,-1.0,-1.0,-1.0,1.0,-0.43748865,-1.0,-0.55429673,1.0,0.6904955,-0.5448237,-0.6201989,1.0,-0.281797,-1.0,0.21867403,1.0,0.34483403,-0.79233277,-0.69566154,-0.2972273
BSH2%UPI0008219BA0,1.0,-1.0,1.0,1.0,-1.0,-1.0,1.0,1.0,1.0,1.0,1.0,1.0,-1.0,1.0,1.0,0.1353235,-1.0,-1.0,1.0,1.0,-1.0,1.0,1.0,1.0,-0.7259227,-0.73776245,1.0,1.0,1.0
BSH2%UPI000821B1D8,0.8866784,0.50119233,0.06699824,-0.6204795,0.46075687,0.3537752,-0.47844112,0.47399318,0.096166566,0.29090565,-0.25846732,-0.23035187,0.5730312,-0.00450093,-0.58522546,-0.6494479,0.19505812,0.22742216,-0.11400061,0.29611307,0.27742204,0.24407749,-0.39159295,0.23242965,0.6467843,-0.08283853,-0.5002177,-0.0994041,0.5788422
BSH2%UPI000821B9AC,0.050625645,-1.0,0.70372444,0.80475855,-1.0,-0.4485227,0.42244798,0.361034,0.5692351,0.46838656,0.045011364,0.8074956,-1.0,0.20465627,0.88000625,0.3329593,-0.7703066,-0.4847227,0.413377,0.288971,-1.0,0.51460075,1.0,0.35839275,-0.30881566,-0.157503,1.0,0.11913538,0.29206905
BSH2%UPI000821FD65,1.0,-1.0,1.0,1.0,-1.0,-0.9078481,1.0,1.0,1.0,1.0,1.0,1.0,-1.0,0.74284947,1.0,-0.3110599,-1.0,-0.47593603,1.0,1.0,-1.0,1.0,1.0,0.8683246,0.4547464,-0.0779505,1.0,0.68463814,1.0
BSH2%UPI0008221FCC,0.2997135,-1.0,1.0,1.0,-1.0,-1.0,1.0,1.0,1.0,1.0,-0.054165684,1.0,-1.0,0.83600134,1.0,0.7906571,-1.0,-1.0,0.65306205,0.46197873,-1.0,1.0,1.0,0.7273168,-1.0,-1.0,1.0,0.5783293,0.23072903
BSH2%UPI0008222B5A,0.108592294,0.5297493,-0.40200886,-0.4828128,0.45493656,0.2524965,-0.19669415,0.01538189,-0.5009317,0.039329678,-0.9619513,-0.49752384,0.4445366,0.56308734,-0.48852816,0.0062081916,0.39328396,0.3513387,-0.13517351,-0.18553106,0.5913447,-0.20201674,-0.67166924,0.16490665,-0.20297761,-0.26093107,-0.5897652,-0.1563749,-0.457378
BSH2%UPI00082257EE,-0.3561096,1.0,-1.0,-1.0,1.0,1.0,-1.0,-1.0,-1.0,-1.0,-0.6018465,-1.0,1.0,-0.7977959,-1.0,-0.6984158,1.0,1.0,-0.66082627,-0.94028777,1.0,-0.94768465,-1.0,-0.5430759,1.0,0.44943306,-1.0,-0.5757769,-0.7651747
BSH2%UPI000822F9A5,1.0,-1.0,1.0,1.0,-1.0,-1.0,1.0,1.0,1.0,1.0,1.0,1.0,-1.0,0.5962902,1.0,0.10915555,-1.0,-0.7315037,0.96032065,1.0,-1.0,1.0,1.0,1.0,-0.50089014,-0.68007314,1.0,0.66052455,1.0
BSH2%UPI0008230885,1.0,1.0,0.24601509,-1.0,1.0,1.0,-0.8376567,0.3946605,0.65349114,0.09024128,1.0,-0.7581698,1.0,-0.53277004,-0.95026207,-1.0,1.0,1.0,0.4342472,0.53134507,1.0,0.78559387,-0.5958544,-0.09888043,1.0,1.0,-0.017611453,0.27978706,1.0
BSH2%UPI00082332C0,-1.0,1.0,-1.0,-1.0,1.0,1.0,-1.0,-1.0,-1.0,-1.0,-1.0,-1.0,1.0,-0.36721262,-1.0,-0.08766697,1.0,0.69901943,-0.78939396,-1.0,1.0,-1.0,-1.0,-0.6127915,0.17920439,-0.06257268,-1.0,-0.8816066,-1.0
BSH2%UPI0008E59C2D,0.93851507,-0.63168764,1.0,0.7075679,-0.692297,-0.3389261,0.53697646,0.79252344,0.8373008,0.87546754,0.21506245,1.0,-0.60465693,0.2283273,0.50032514,-0.35558993,-0.72970456,-0.36769998,0.3012327,0.49727532,-0.88294804,0.9444352,0.7522911,0.4457386,0.09931859,-0.22819263,0.4752379,0.11859284,0.38757896
BSH2%UPI000960BD65,-0.08988096,-1.0,1.0,1.0,-1.0,-1.0,0.93938756,0.7281991,0.71091855,1.0,-0.07051733,1.0,-1.0,0.049263343,1.0,0.47303948,-1.0,-0.6639238,0.2410608,0.33371535,-1.0,0.830898,1.0,0.59488505,-0.7547219,-0.30995116,1.0,0.27169782,0.14385557
BSH2%UPI0009611255,-1.0,-0.06698956,-1.0,-0.23700373,-0.13444419,-0.43736345,-0.5096821,-1.0,-1.0,-1.0,-1.0,-0.82130283,-0.35300612,1.0,-0.60035837,1.0,-0.51729584,-1.0,-0.82522386,-1.0,0.22421001,-1.0,-0.84818727,0.12511277,-1.0,-1.0,-0.91099006,-1.0,-1.0
BSH2%UPI000961A2BF,-1.0,1.0,-1.0,-1.0,1.0,1.0,-1.0,-1.0,-1.0,-1.0,-1.0,-1.0,1.0,-0.65199035,-1.0,-0.7369057,1.0,0.6101385,-0.7258535,-0.9279215,1.0,-1.0,-1.0,-1.0,1.0,0.39473268,-1.0,-1.0,-1.0
BSH2%UPI000965B48B,1.0,-1.0,1.0,1.0,-1.0,-1.0,1.0,1.0,1.0,1.0,1.0,1.0,-1.0,0.8790563,1.0,-0.2062159,-1.0,-0.77846324,1.0,1.0,-1.0,1.0,1.0,1.0,0.23093909,-0.11759632,1.0,1.0,1.0
BSH2%UPI0009698BA7,-1.0,1.0,-1.0,-1.0,1.0,1.0,-1.0,-1.0,-1.0,-1.0,-1.0,-1.0,1.0,-0.010635096,-1.0,0.09779459,1.0,-0.36224258,-1.0,-1.0,1.0,-1.0,-1.0,-0.4692893,-0.8398422,-0.78860855,-1.0,-1.0,-1.0
BSH2%UPI000B38AD3B,-0.27983868,0.036860544,0.26382264,0.07889578,0.025611028,0.3595725,-0.0134811895,-0.20662403,0.5981314,-0.22862533,1.0,0.025886966,0.10617425,0.115391806,0.47159782,0.30816495,0.4104563,0.2704569,0.6422698,0.08133791,0.07274647,0.39741892,0.53521067,-0.16544288,0.58105385,0.8350802,0.8283786,0.25268742,0.20813549
BSH2%UPI000B431D75,-1.0,-0.42351827,-0.5653409,0.11167858,-0.20116873,0.0216436,-0.14188085,-0.7070305,0.040255956,-0.6075934,0.44015473,-0.19181898,-0.24124992,-0.37168974,0.7488386,0.85899276,0.056044307,0.16106555,0.00050072354,-0.36751515,-0.21998246,-0.5389147,0.55380225,-0.75635135,-0.24660017,0.6474682,0.4248143,0.26889095,-0.41585705
BSH2%UPI000D1261F9,0.9982161,-1.0,1.0,1.0,-1.0,-1.0,1.0,1.0,1.0,1.0,0.841314,1.0,-1.0,0.59919804,1.0,0.28356588,-1.0,-0.45425355,0.69165546,0.7136311,-1.0,1.0,1.0,0.5197143,-0.73223966,-0.3414923,1.0,0.8705703,0.786068
BSH2%UPI000D58F0CE,-0.89487886,-0.7495797,-0.2356448,0.3346147,-0.690883,-0.48232323,0.0032165572,-0.5514716,-0.3322484,-0.15216663,-0.8652731,0.20410284,-0.73737377,0.53389204,0.27542546,0.64870197,-0.7014774,-0.76584935,-0.027490467,-0.4299947,-0.6379619,-0.0878451,0.3020669,0.20743494,-1.0,-0.5403667,0.2768164,-0.19347696,-0.6164692
BSH2%UPI000D6581CE,1.0,-0.23303328,1.0,0.5477275,-0.2638295,-0.034693725,0.68546045,1.0,1.0,1.0,0.8650184,1.0,-0.13910177,-0.024081862,0.34900343,-1.0,-0.32505468,0.29731154,0.42173734,0.93801975,-0.56147605,1.0,0.40301752,0.2979657,1.0,0.36398616,0.17689927,0.3898373,1.0
BSH2%UPI000D7A6AEA,0.6525156,-1.0,1.0,1.0,-1.0,-1.0,1.0,0.9634773,1.0,1.0,-0.018469412,1.0,-1.0,0.9921477,1.0,0.04696593,-1.0,-0.9582526,0.7986953,0.5738347,-1.0,1.0,1.0,0.3502737,-0.80878216,-0.6666396,0.90237063,0.34862378,0.0703313
BSH2%UPI000D7ABA35,-1.0,0.73984104,-1.0,-0.9359032,0.68107533,0.31091714,-1.0,-1.0,-1.0,-1.0,-1.0,-1.0,0.5921448,0.5709586,-1.0,0.52625334,0.3318682,-0.37600404,-0.59207046,-1.0,0.7817422,-0.8882474,-0.8535868,-0.026254715,-1.0,-0.78323907,-0.8709908,-0.94478536,-1.0
BSH2%UPI000D7ADB68,-1.0,0.027608393,-1.0,-0.21238549,-0.05489015,-0.50236756,-0.6174569,-1.0,-1.0,-1.0,-1.0,-0.9229499,-0.33418822,0.8715436,-0.5274538,1.0,-0.5359116,-1.0,-1.0,-1.0,0.28455126,-1.0,-0.6673577,-0.20292056,-1.0,-1.0,-0.9710145,-1.0,-1.0
BSH2%UPI000D7AF0AB,-0.06495891,0.130679,-0.09080325,-0.096293025,0.021031853,0.040323682,-0.103558205,-0.29360852,-0.48624027,-0.15984894,-0.9587987,-0.07259692,0.040706575,0.3138968,-0.2788106,-0.13841105,-0.033687714,-0.44475752,-0.1598286,-0.07533618,0.013660166,-0.025735168,-0.08041267,0.2271934,-0.3135871,-0.5639605,-0.16075222,-0.44305277,-0.42323446
BSH2%UPI000DF74F5E,-0.19541444,1.0,-0.74784887,-1.0,1.0,0.83597535,-1.0,-0.65576553,-0.4829765,-0.9784541,0.13526757,-1.0,1.0,-0.57099116,-0.7824973,-0.31736076,0.9543667,0.3019688,-0.06819555,-0.1882712,1.0,-0.37058938,-0.32377407,-0.30072966,0.8654667,0.3584752,-0.2585639,-0.35087222,0.04974702
BSH2%UPI000DF7AEC4,1.0,-1.0,1.0,1.0,-1.0,-1.0,1.0,1.0,1.0,1.0,1.0,1.0,-1.0,0.9812289,1.0,-0.3714174,-1.0,-0.867636,1.0,1.0,-1.0,1.0,1.0,1.0,-0.01240532,-0.54652053,1.0,0.79070365,1.0
BSH2%UPI000DF86417,0.7647389,-0.33366013,0.8661763,0.21582478,-0.4373051,-0.024122683,0.19842331,0.42660707,0.5758461,0.71571,-0.5829016,0.6654249,-0.3648776,0.66312885,0.033810675,-0.48664078,-0.4701193,-0.50243527,0.6035424,0.33501732,-0.6768147,0.9109756,0.5112155,0.44242364,0.07687387,-0.49708545,0.14135751,-0.30857816,0.0015565752
BSH2%UPI000E40484B,0.54026437,0.48571628,0.1697554,-0.15770179,0.2570043,0.33427572,-0.09949247,-0.011673256,-0.21343078,-0.19335903,0.30290514,-0.09149979,0.26609716,-0.0073369644,-0.24413234,-0.32235417,0.28552258,-0.019241069,-0.056839637,0.020482106,0.34862024,0.3769478,0.10304109,0.35721996,0.35967875,0.0073037297,0.15164717,-0.30793402,0.015359461
BSH2%UPI000E42566B,-0.624737,1.0,-1.0,-1.0,1.0,1.0,-1.0,-1.0,-1.0,-1.0,-1.0,-1.0,1.0,-0.2302593,-1.0,-0.3537975,0.7100819,-0.3461564,-0.86753905,-0.8528752,1.0,-0.9054646,-1.0,0.02053086,-0.0821816,-0.5887482,-1.0,-1.0,-0.7224062
BSH2%UPI000E4418E2,0.7446957,1.0,0.15375525,-0.75176877,1.0,0.9432315,-0.28402892,0.12367112,0.08790838,-0.13700184,0.45844495,-0.4514124,1.0,-0.48975366,-0.71597636,-0.86399966,1.0,0.78233933,0.06124525,0.19337024,0.99452674,0.34789175,-0.35263833,-0.12947942,1.0,0.66876954,0.038072806,0.030037813,0.29763034
BSH2%UPI000E466DA6,1.0,-1.0,1.0,1.0,-1.0,-1.0,1.0,1.0,1.0,1.0,0.2631186,1.0,-1.0,1.0,1.0,-0.07375524,-1.0,-1.0,1.0,1.0,-1.0,1.0,1.0,1.0,-0.6443253,-0.8641731,1.0,0.45362246,0.8160154
BSH2%UPI000E4BF981,1.0,1.0,0.4327904,-0.40320113,1.0,0.74776596,0.23253351,0.5365667,0.499711,0.2552169,1.0,-0.24002603,1.0,-0.40701082,-0.54111075,-0.87713414,0.994542,0.9733586,0.20943192,0.38919824,1.0,0.4351368,-0.7866628,-0.08165598,1.0,0.90728563,-0.056419846,0.55674094,0.85300905
BSH2%UPI000E4E4D64,1.0,-1.0,1.0,0.98403454,-1.0,-0.5399551,0.5882144,1.0,1.0,1.0,0.7846812,1.0,-1.0,0.5926272,0.83778185,-0.32543576,-1.0,-0.2931634,0.87365776,0.9973365,-1.0,1.0,1.0,0.990357,0.3768413,-0.26562566,0.9226191,0.38978973,1.0
BSH2%UPI000E53BC4B,1.0,-1.0,1.0,1.0,-1.0,-1.0,1.0,1.0,1.0,1.0,1.0,1.0,-1.0,0.7666925,1.0,0.15588777,-1.0,-1.0,1.0,1.0,-1.0,1.0,1.0,1.0,-1.0,-1.0,1.0,0.92377967,0.9115142
BSH2%UPI000E53DAEE,1.0,-1.0,1.0,1.0,-1.0,-1.0,1.0,1.0,1.0,1.0,1.0,1.0,-1.0,1.0,1.0,-0.34740856,-1.0,-0.7033355,1.0,1.0,-1.0,1.0,1.0,1.0,-0.18927017,-0.108981065,1.0,1.0,1.0
BSH2%UPI000E7D8CB5,-1.0,1.0,-1.0,-1.0,1.0,1.0,-1.0,-1.0,-1.0,-1.0,-1.0,-1.0,1.0,0.33653694,-1.0,0.12546958,1.0,-0.010626322,-0.98434514,-1.0,1.0,-1.0,-1.0,-0.03970956,-0.38455483,-0.64462405,-1.0,-1.0,-1.0
BSH2%UPI000E80FD85,0.4883814,-1.0,1.0,1.0,-1.0,-1.0,0.97735757,0.8294089,0.8577376,1.0,-0.3459777,1.0,-1.0,0.7985203,1.0,0.1633836,-1.0,-0.9163339,0.29995552,0.42678803,-1.0,1.0,1.0,0.87441,-0.8270009,-0.81636894,0.7423036,-0.015965957,0.16134857
BSH2%UPI000E8B2418,0.63588965,1.0,-0.09074956,-0.76503426,1.0,0.62999845,-0.16625166,0.041252356,0.0652206,-0.17246331,0.24403673,-0.57347,1.0,-0.43526682,-0.73710215,-0.9187358,0.88722473,0.5342347,0.00838872,0.22499527,1.0,-0.2560245,-0.80172443,-0.52451295,0.96902287,0.3180442,-0.667346,-0.02770514,0.20605381
BSH2%UPI000E8E16B0,-1.0,1.0,-1.0,-1.0,1.0,0.58457327,-1.0,-1.0,-1.0,-1.0,-1.0,-1.0,1.0,0.21857749,-1.0,0.38992506,0.86084706,-0.6460406,-0.80263066,-1.0,1.0,-1.0,-1.0,-0.9771542,-1.0,-0.80638367,-1.0,-1.0,-1.0
BSH2%UPI000E91045C,-0.615656,0.69748783,-0.65134376,-0.6461351,0.5327513,0.52405816,-0.65853024,-0.91632164,-0.65560746,-0.82453215,-0.84221506,-0.68576914,0.65604746,0.46040523,-0.50343835,0.14141762,0.4823531,-0.30977517,0.007787823,-0.40757743,0.6678997,-0.28991818,-0.43225875,-0.03482622,-0.12728034,-0.20656441,-0.24416387,-0.5327558,-0.81089914
BSH2%UPI000EC98B2C,-0.6054776,1.0,-1.0,-1.0,1.0,0.8735064,-1.0,-1.0,-1.0,-1.0,-1.0,-1.0,1.0,-0.442662,-1.0,-0.24310906,1.0,0.3768565,-0.5938028,-1.0,1.0,-0.987168,-1.0,-0.16974969,0.055529673,-0.31456763,-1.0,-0.69179446,-0.780412
BSH2%UPI000ECC9F84,-1.0,0.68523943,-1.0,-1.0,0.75237733,0.14977255,-1.0,-1.0,-1.0,-1.0,-1.0,-1.0,0.6507799,-0.37896755,-1.0,0.5402182,0.21182872,-0.37957513,-1.0,-1.0,0.7366425,-1.0,-0.88936144,-0.020421298,-1.0,-0.74225235,-0.72710234,-1.0,-1.0
BSH2%UPI000EE4CDBB,-1.0,-0.07871784,-1.0,-0.20743966,-0.02736479,-0.14269848,-0.57028204,-1.0,-1.0,-0.88213676,-1.0,-0.55169374,-0.12950917,0.514148,-0.25699857,0.7886329,-0.124377675,-0.48241833,-0.35377058,-0.7665138,0.08825281,-0.56606364,-0.1690078,0.10113436,-1.0,-0.4299099,-0.08642843,-0.44806352,-1.0
BSH3%UPI000156F498,1.0,-1.0,1.0,1.0,-1.0,-1.0,1.0,1.0,1.0,1.0,1.0,1.0,-1.0,0.7911615,1.0,-0.889392,-1.0,0.14875351,1.0,1.0,-1.0,1.0,1.0,0.9349262,0.78237355,0.15543307,1.0,1.0,1.0
BSH3%UPI00016547A5,-1.0,1.0,-1.0,-1.0,1.0,1.0,-1.0,-1.0,-1.0,-1.0,-1.0,-1.0,1.0,-1.0,-1.0,-0.2845334,1.0,1.0,-1.0,-1.0,1.0,-1.0,-1.0,-1.0,0.66307247,0.28540805,-1.0,-1.0,-1.0
BSH3%UPI00017EF3F1,-0.94620264,1.0,-1.0,-1.0,1.0,0.5915963,-1.0,-1.0,-1.0,-1.0,-0.44567198,-1.0,1.0,-0.85646474,-1.0,-0.008453739,0.5077961,-0.15752253,-0.9510566,-0.7967884,1.0,-1.0,-1.0,-0.49060416,-0.3461748,-0.24873182,-1.0,-0.763454,-0.98598725
BSH3%UPI0001A5F983,1.0,-1.0,1.0,1.0,-1.0,-1.0,1.0,1.0,1.0,1.0,0.9463423,1.0,-1.0,1.0,1.0,0.4469727,-1.0,-1.0,1.0,0.8980476,-1.0,1.0,1.0,1.0,-0.852392,-0.54185635,1.0,0.7595241,0.92688715
BSH3%UPI0002132A6C,1.0,-1.0,1.0,1.0,-1.0,-1.0,1.0,1.0,1.0,1.0,1.0,1.0,-1.0,0.6289548,1.0,0.2446277,-1.0,-0.61324245,1.0,1.0,-1.0,1.0,1.0,0.67292494,-0.23743805,0.21164338,1.0,1.0,1.0
BSH3%UPI000238BE2F,1.0,-0.8793823,1.0,1.0,-0.96442676,-0.6021467,1.0,1.0,1.0,1.0,0.69690555,1.0,-0.91756505,0.23571314,0.7063452,-0.4748473,-0.810239,-0.42986724,0.5369522,0.59425676,-0.98853624,1.0,0.7815492,0.44658417,0.17702691,-0.20180196,0.7235212,0.33430627,0.6682809
BSH3%UPI00033CE23D,-0.8452026,1.0,-1.0,-1.0,1.0,1.0,-1.0,-1.0,-1.0,-1.0,-1.0,-1.0,1.0,-0.03639941,-1.0,-0.21289645,1.0,0.1156498,-0.53252107,-0.71710265,1.0,-1.0,-1.0,-0.40625602,0.05746849,-0.16309914,-1.0,-0.80913603,-0.95177525
BSH3%UPI00035F5DCE,0.92662597,-1.0,1.0,1.0,-1.0,-1.0,1.0,1.0,1.0,1.0,0.89352334,1.0,-1.0,0.92138225,1.0,0.53027445,-1.0,-0.65540606,0.9053939,0.98868686,-1.0,1.0,1.0,0.7208094,-0.65121716,-0.36032113,1.0,0.81723917,1.0
BSH3%UPI0004DA32C0,1.0,-1.0,1.0,1.0,-1.0,-0.80832356,1.0,1.0,1.0,1.0,1.0,1.0,-1.0,-0.4751037,1.0,-0.42676505,-1.0,-0.2592074,0.2831091,1.0,-1.0,0.8396297,0.79209393,0.4319815,0.19322486,0.010624885,0.22534785,0.50483805,1.0
BSH3%UPI0005420AB0,-1.0,0.61198235,-1.0,-0.785036,0.58660233,0.497041,-0.94877034,-1.0,-0.99698514,-1.0,-0.884607,-1.0,0.57750934,0.3031668,-0.585856,0.5893535,0.44558626,-0.28224066,-0.15477201,-0.79182726,0.72442955,-0.7318576,-0.6637606,-0.25692162,-0.52976996,-0.04914279,-0.37285778,-0.42219263,-0.91882926
BSH3%UPI00080CB216,-0.32627591,-0.39062446,-0.61958957,-0.266745,-0.10201555,-0.094265655,-0.4737502,0.00054583984,-0.18972746,-0.11454775,0.1342347,-0.32377103,-0.19847529,-0.4321771,-0.16043246,0.38788092,-0.38712057,0.089340135,-0.333131,-0.1655431,-0.41081688,-0.33811304,-0.38622323,0.13399315,-0.3825559,-0.13165615,-0.6746235,0.08483772,0.31764156
BSH3%UPI000CF406F5,-1.0,0.68177646,-1.0,-1.0,0.6857716,0.29054818,-1.0,-1.0,-1.0,-1.0,-1.0,-1.0,0.5612659,0.18253675,-0.9858162,0.5970693,0.33927718,-0.5012727,-0.85223013,-1.0,0.71328104,-1.0,-0.78546286,-0.03548505,-1.0,-0.8463676,-0.66848993,-1.0,-1.0
BSH3%UPI000E4DFA31,-1.0,1.0,-1.0,-1.0,1.0,0.9640978,-1.0,-1.0,-1.0,-1.0,-0.48832121,-1.0,1.0,-0.9638665,-1.0,0.14944468,1.0,0.4057674,-0.77369845,-0.82072824,1.0,-1.0,-1.0,-1.0,0.24596363,0.49084577,-1.0,-0.2947817,-0.6998948
BSH3%UPI000E555DC1,0.99784434,-0.8482185,1.0,0.98514414,-0.9122492,-0.6324113,0.9527891,0.9869492,0.8863072,1.0,-0.018108716,1.0,-0.82504624,0.45194992,0.58588475,-0.41240335,-0.8574047,-0.39604992,0.3545957,0.41987172,-0.9276389,0.79901624,0.3533251,0.39416933,-0.1593363,-0.43055665,0.13053435,0.0531751,0.12262841
BSH3%UPI000ED2B3A0,-1.0,1.0,-1.0,-1.0,1.0,0.6896563,-1.0,-1.0,-1.0,-1.0,-1.0,-1.0,1.0,-0.11486028,-1.0,0.17781536,0.77346176,-0.35093024,-0.70338696,-1.0,1.0,-1.0,-1.0,-0.25491792,-0.8170746,-0.72347015,-1.0,-0.96449065,-1.0
BSH3%UPI000EF23C17,1.0,-1.0,1.0,1.0,-1.0,-0.719122,1.0,1.0,1.0,1.0,1.0,1.0,-1.0,0.290437,1.0,-1.0,-1.0,0.19625874,1.0,1.0,-1.0,1.0,1.0,0.9293015,1.0,0.4133666,1.0,1.0,1.0
BSH4%UPI0001653940,-0.65256584,-1.0,0.37870592,1.0,-1.0,-1.0,0.87614375,0.22866978,0.22647671,0.4382329,-0.34254172,0.7599234,-1.0,0.4490996,1.0,0.86541134,-0.9038161,-0.4210956,0.028745018,0.0014749592,-1.0,-0.09702465,0.805718,-0.06349109,-1.0,-0.23249693,0.56233597,0.365538,-0.13131109
BSH4%UPI00033C4A83,-0.90665495,0.11704742,-0.5071563,-0.64358944,0.21371837,0.6036084,-0.945601,-0.815009,-0.028375525,-0.73256755,0.12672248,-0.52172506,0.30870977,-0.13165371,-0.036358878,0.32036152,0.2574394,-0.22950979,0.039968356,-0.21280502,-0.022631168,0.09750223,0.30900237,-0.21819688,0.4443159,0.5189289,0.305117,-0.21147726,-0.014028481
BSH4%UPI000463D8BF,-0.5527776,0.8053571,-0.114678435,-0.25608313,0.71114624,0.461591,0.024590507,-0.39363688,0.17831296,-0.6529342,1.0,-0.46987894,0.7304523,-0.757849,0.26781267,0.09282279,0.95576006,0.6594439,0.20361869,0.04479677,0.9414071,-0.50788665,0.25108495,-1.0,0.7612754,1.0,0.51403016,0.48740563,0.03845311
BSH4%UPI0006BEFACE,-1.0,1.0,-1.0,-1.0,1.0,1.0,-1.0,-1.0,-1.0,-1.0,-0.66286016,-1.0,1.0,-0.89027995,-1.0,-0.0049997647,1.0,0.88655305,-1.0,-1.0,1.0,-1.0,-1.0,-0.9312639,0.6091001,0.7484469,-1.0,-0.6938895,-1.0
BSH4%UPI000822CCAE,-1.0,1.0,-1.0,-1.0,1.0,1.0,-1.0,-1.0,-1.0,-1.0,-1.0,-1.0,1.0,-1.0,-1.0,0.14931187,1.0,1.0,-1.0,-1.0,1.0,-1.0,-1.0,-1.0,0.4249849,0.56005675,-1.0,-1.0,-1.0
BSH4%UPI000B375707,-0.3127331,-1.0,1.0,1.0,-1.0,-1.0,1.0,0.32821566,1.0,0.76221246,0.6129114,1.0,-1.0,0.56093794,1.0,0.6230315,-1.0,-0.9005597,0.909724,0.11633365,-1.0,0.6526683,1.0,0.16160254,-0.7633029,-0.25128153,1.0,0.31612292,-0.07251498
BSH4%UPI000D27EFA9,-1.0,1.0,-1.0,-1.0,1.0,1.0,-1.0,-1.0,-1.0,-1.0,-0.29071048,-1.0,1.0,-0.84153646,-1.0,-0.048786845,1.0,0.9408434,-0.4922706,-0.62750757,1.0,-1.0,-0.8931432,-0.69211656,0.9949078,0.74591607,-0.76282865,-0.61695236,-0.6409334
BSH4%UPI000E54B9B5,-0.1661446,-1.0,0.9712872,1.0,-1.0,-1.0,0.8899639,0.33834374,0.5438808,0.79610634,-0.51902544,1.0,-1.0,1.0,1.0,0.7609196,-1.0,-1.0,0.4044618,0.013359678,-1.0,0.7788452,1.0,0.75638235,-1.0,-0.94344765,0.9820547,-0.031513747,-0.06844638
BaiA%QinJ_2012__T2D-016__bin_41_fa_BDDCEIPF_01842__3alpha-hydroxy_bile_acid-CoA-ester_3-dehydrogenase_2,1.0,0.41885877,1.0,0.42394406,0.32384285,0.5728039,0.6982378,1.0,1.0,0.91319025,1.0,0.539199,0.561658,-0.24840541,0.9347995,-0.46287954,0.70175576,1.0,0.61720836,1.0,0.33474272,0.57188463,0.60532135,-0.704401,1.0,1.0,0.6314321,1.0,1.0
BaiA%SRR3992974_bin_8_EOPEKEED_01051__3-oxoacyl-_acyl-carrier-protein__reductase_FabG,1.0,-1.0,1.0,1.0,-1.0,-1.0,1.0,1.0,1.0,1.0,0.87185305,1.0,-1.0,0.8025134,1.0,-0.40293247,-1.0,-1.0,1.0,1.0,-1.0,1.0,1.0,1.0,-0.21482122,-0.5966544,1.0,0.7118538,1.0
BaiA%SRR5558193_bin_68_NNEAJJHP_00384__3alpha-hydroxy_bile_acid-CoA-ester_3-dehydrogenase_2,-1.0,-1.0,0.011877097,0.85602987,-1.0,-0.9195207,0.47207332,-0.21601519,-0.36485827,0.3303805,-1.0,0.7931009,-1.0,0.08808227,0.74868965,0.5839244,-1.0,-0.5417641,-0.30986658,-0.37170035,-1.0,0.22881435,0.8162144,0.4392005,-1.0,-0.5510789,0.7426733,-0.1408899,-0.7202037
BaiA%bai_cluster_2%midas_uncultured_Eubacterium_73696%uncultured_Eubacterium_73696|FMDW01000013_861,0.096528076,1.0,-1.0,-1.0,1.0,1.0,-1.0,-0.6495069,-0.83355427,-1.0,-0.08027561,-1.0,1.0,-0.31067452,-1.0,-0.71706015,1.0,0.93455905,-0.4522462,-0.21560898,1.0,-0.46819335,-1.0,-0.40142095,1.0,0.55543786,-0.9591996,-0.45887414,-0.14830272
BaiA%bai_cluster_3%midas_Clostridium_hylemonae_61789%Clostridium_hylemonae_61789|NZ_GG657759_1098,0.6862903,-0.11272978,1.0,0.7221728,-0.13272108,0.13434726,0.79745686,1.0,1.0,0.8938217,1.0,0.7661983,0.024771364,0.033509158,1.0,-0.16664425,0.27984196,0.8068505,0.5102171,1.0,-0.09696646,0.47036123,0.8648064,-0.59606916,1.0,1.0,0.7319102,0.86292726,1.0
BaiB%CosteaPI_2017__SID713A038-11-90-0__bin_26_fa_FGHNBBEK_00429__Bile_acid-coenzyme_A_ligase,0.83500963,-1.0,1.0,1.0,-1.0,-1.0,1.0,1.0,1.0,1.0,0.33519256,1.0,-1.0,0.8046342,1.0,0.53766614,-1.0,-0.721327,0.50546366,0.5870679,-1.0,1.0,1.0,0.95842165,-1.0,-0.8093348,1.0,1.0,0.40028158
BaiB%Obregon-TitoAJ_2015__NO11__bin_28_fa_ODBMCAMJ_01958__Bile_acid-coenzyme_A_ligase,-0.8615022,1.0,-1.0,-1.0,1.0,1.0,-1.0,-0.93189794,-0.18264279,-1.0,0.75873643,-1.0,1.0,-0.56826687,-0.65637475,0.16539697,1.0,1.0,0.15310414,-0.440716,1.0,-0.9603713,-0.6160319,-1.0,0.8541534,1.0,-0.2846745,0.20554008,-0.0022561767
BaiB%SRR2992899_bin_23_LIJELFFN_00493__Bile_acid-coenzyme_A_ligase,-1.0,-0.19426532,-1.0,-0.34312233,-0.06246459,-0.2939374,-0.5565822,-1.0,-1.0,-0.7438983,-1.0,-0.42810416,-0.1428014,0.017759994,-0.39952037,0.47940847,-0.2645822,-0.32630834,-0.6215549,-0.8572487,-0.08285355,-0.41543213,-0.23297128,0.22720727,-0.71565646,-0.5449708,-0.07754591,-0.65790087,-1.0
BaiB%WP_286151641_1_bile_acid--CoA_ligase_BaiB__Sporofaciens_musculi_,0.34902817,0.050931394,0.41495004,-0.07531889,0.093919136,0.43511465,-0.050882027,0.36303082,0.82577264,0.31137398,0.9288316,0.056541357,0.18567677,-0.07118541,0.31088138,-0.15838066,0.33863825,0.49949428,0.51336074,0.38028106,-0.022177856,0.2815635,0.378535,-0.1758769,0.7114717,0.5793606,0.31112695,0.40099797,0.6414701
BaiB%bai_cluster_10%midas_Lachnoclostridium_nov_76594%Lachnoclostridium_nov_76594|ERS138182_8080_1_84_3_3065,0.5245394,0.5434417,0.7452198,0.14767759,0.51043546,0.595391,0.29993758,0.9029344,1.0,0.5240877,1.0,0.19221571,0.6785888,-0.29774264,0.6787022,-0.28947356,0.7622027,1.0,0.30384865,0.9362776,0.48052648,0.21116397,0.45988792,-0.69500095,1.0,1.0,0.3274529,0.7967207,1.0
BaiB%bai_cluster_2%midas_uncultured_Eubacterium_73696%uncultured_Eubacterium_73696|FMDW01000013_871,-1.0,1.0,-1.0,-1.0,1.0,1.0,-1.0,-1.0,-1.0,-1.0,-1.0,-1.0,1.0,-0.6121511,-1.0,-0.5447977,1.0,1.0,-1.0,-1.0,1.0,-1.0,-1.0,-0.9107654,1.0,0.5380312,-1.0,-1.0,-1.0
BaiCD%HIT29267_1_FAD-dependent_oxidoreductase__Candidatus_Scatomorpha_stercoravium_,-1.0,1.0,-1.0,-1.0,1.0,0.8126934,-1.0,-1.0,-1.0,-1.0,-1.0,-1.0,1.0,0.14172947,-1.0,0.720548,1.0,-0.34651476,-0.6784423,-1.0,1.0,-1.0,-1.0,-0.9294968,-1.0,-0.50113755,-1.0,-0.9721845,-1.0
BaiCD%MCI8583944_1_FAD-dependent_oxidoreductase__Dorea_sp__,1.0,-1.0,1.0,1.0,-1.0,-1.0,1.0,1.0,1.0,1.0,1.0,1.0,-1.0,1.0,1.0,0.29776102,-1.0,-0.24352933,1.0,1.0,-1.0,1.0,1.0,0.555439,0.03985597,0.37368846,1.0,1.0,1.0
BaiCD%MEI3381486_1_FAD-dependent_oxidoreductase__Dorea_sp__,-1.0,1.0,-1.0,-1.0,1.0,1.0,-1.0,-1.0,-1.0,-1.0,-1.0,-1.0,1.0,-1.0,-1.0,-0.38952982,1.0,1.0,-1.0,-1.0,1.0,-1.0,-1.0,-1.0,0.9367942,0.5562933,-1.0,-1.0,-1.0
BaiCD%RaymondF_2016__P21E7__bin_22_fa_DDJCLBHB_00368__NADH_oxidase,-1.0,0.97564155,-1.0,-1.0,1.0,0.34242398,-1.0,-1.0,-1.0,-1.0,-1.0,-1.0,0.86646754,-0.17431542,-1.0,0.6213755,0.56795853,-0.4525783,-0.9513664,-1.0,1.0,-1.0,-1.0,-0.40555483,-1.0,-0.84065044,-1.0,-1.0,-1.0
BaiCD%SRR5580120_bin_52_JEIALLOE_00740__Metal_reductase,-1.0,0.99682724,-1.0,-1.0,1.0,0.84983194,-1.0,-1.0,-1.0,-1.0,-1.0,-1.0,0.9674089,-0.23458146,-1.0,0.4920655,0.595575,-0.16510636,-0.97154015,-1.0,0.88738537,-0.94901687,-1.0,-0.18002449,-0.68479025,-0.31926945,-1.0,-0.93652123,-1.0
BaiCD%XieH_2016__YSZC12003_35390__bin_5_fa_PIKIEFGP_00577__NADH_oxidase,-0.8438896,0.8670513,-0.9357596,-0.84740084,1.0,0.5265285,-0.42997736,-0.4931533,-0.38550338,-0.7347222,0.080311626,-1.0,0.9037318,-0.43677682,-0.4373891,0.27226266,1.0,0.946293,-0.10016613,-0.24165052,1.0,-1.0,-0.55997807,-0.88693637,0.38284916,0.6048298,-0.36869523,0.38547936,0.051938944
BaiCD%bai_cluster_1%midas_Clostridium_hiranonis_61655%Clostridium_hiranonis_61655|NZ_DS995354_290,0.686277,-0.45467484,1.0,1.0,-0.43186885,-0.16839877,1.0,1.0,1.0,1.0,1.0,1.0,-0.30680656,-0.08133406,1.0,-0.1731668,0.008926129,0.82777065,0.5205966,1.0,-0.40519166,0.52269435,0.9771417,-0.6201791,0.92278415,1.0,0.81703144,1.0,1.0
BaiCD%bai_cluster_10%midas_Lachnoclostridium_nov_76594%Lachnoclostridium_nov_76594|ERS138182_8080_1_84_3_3076,0.3933668,0.52912724,0.78894717,0.15923052,0.48709136,0.6211107,0.3132838,0.7952211,1.0,0.40036854,1.0,0.23058212,0.66403645,-0.53713334,0.752312,-0.28327858,0.7891952,1.0,0.31039184,0.85691226,0.42230195,0.20069852,0.64851034,-0.7811072,1.0,1.0,0.5601925,0.7574006,0.9293458
BaiE%FengQ_2015__SID531416__bin_49_fa_CEDOFBAM_00064__Bile_acid_7-alpha_dehydratase,-0.4454772,1.0,-0.956031,-1.0,1.0,1.0,-0.9957353,-0.50799876,-0.25470805,-0.93412244,0.45658073,-1.0,1.0,-0.57144624,-0.70096374,-0.18902951,1.0,1.0,-0.20828111,-0.06181822,1.0,-0.9685748,-0.90132886,-1.0,1.0,1.0,-0.68310326,0.1958175,0.088194706
BaiE%LiJ_2017__H3M515915__bin_8_fa_COLEEGFP_01274__Bile_acid_7-alpha_dehydratase,-0.7971948,-1.0,-0.18441045,0.5595746,-1.0,-0.9684032,0.28645402,-0.2137242,-0.6907448,0.39626807,-1.0,0.6427945,-1.0,0.07855056,0.26201284,0.30167452,-1.0,-0.6299913,-0.5389036,-0.45846167,-1.0,0.12394524,0.4774797,0.64351,-1.0,-0.9100394,0.4477714,-0.3439378,-0.7618101
BaiE%MCI8938768_1_nuclear_transport_factor_2_family_protein__Dorea_sp__,-1.0,0.41013715,-1.0,-0.77615947,0.51114607,0.03301394,-0.81052303,-1.0,-1.0,-1.0,-1.0,-0.9533453,0.434994,-0.43715376,-0.6334297,0.43010753,0.2648647,0.06143641,-0.82623523,-1.0,0.5260804,-1.0,-0.46924838,-0.31131616,-0.69281054,-0.35944104,-0.43236673,-0.57983005,-1.0
BaiE%bai_cluster_2%midas_uncultured_Eubacterium_73696%uncultured_Eubacterium_73696|FMDW01000013_166,0.9839658,0.60836536,0.58183414,-0.105752595,0.37517735,0.4014343,0.23994641,0.50599784,0.355663,0.2966527,0.27229798,0.094895914,0.545892,0.25159287,-0.08332373,-0.72104716,0.57849795,0.35689902,0.18405034,0.46029195,0.45093533,0.44048902,-0.11779847,-0.06650791,0.84452754,0.14781152,-0.13948406,-0.07699663,0.17132789
BaiE%fig|1950888_3_peg_203|__Bile_acid_7-alpha_dehydratase_(EC_4_2_1_106)_(BA7_alpha_dehydratase)_(Bile_acid-inducible_operon_protein_E)____Clostridiales_bacterium_UBA4701_|_1950888_3_,-1.0,0.5405879,-1.0,-1.0,0.61935735,0.12840149,-1.0,-1.0,-1.0,-1.0,-1.0,-1.0,0.55256647,-0.3884506,-0.9942927,0.27539477,0.30176923,-0.11069481,-1.0,-1.0,0.5723863,-0.9305375,-0.71347725,0.055517778,-0.6169609,-0.5957704,-0.6122375,-0.97867256,-1.0
BaiF%ERR688512_bin_36_KMFCMBJN_00514__Bile_acid-CoA_transferase,0.6454155,-0.9021029,1.0,1.0,-0.8515779,-0.31430292,1.0,1.0,1.0,1.0,1.0,1.0,-0.7291629,0.22639807,1.0,0.15018423,-0.22359113,0.6027987,0.77533996,1.0,-0.8427394,0.77285933,1.0,-0.37618706,0.7556677,1.0,1.0,1.0,1.0
BaiF%KarlssonFH_2013__S54__bin_27_fa_BBGPADBL_00031__Bile_acid-CoA_transferase,-1.0,1.0,-1.0,-1.0,1.0,0.5467098,-1.0,-1.0,-1.0,-1.0,-1.0,-1.0,1.0,0.4901579,-1.0,0.47709304,0.663887,-0.39468113,-1.0,-1.0,1.0,-1.0,-1.0,-0.22084287,-1.0,-0.79594123,-1.0,-1.0,-1.0
BaiF%LiJ_2014__MH0358__bin_56_fa_NPCPOAJM_00305__Bile_acid-CoA_transferase,-1.0,1.0,-1.0,-1.0,1.0,1.0,-1.0,-1.0,-1.0,-1.0,-1.0,-1.0,1.0,-1.0,-1.0,-0.38467875,1.0,1.0,-1.0,-1.0,1.0,-1.0,-1.0,-1.0,1.0,0.8341113,-1.0,-1.0,-1.0
BaiF%LiJ_2014__V1_FI37__bin_39_fa_IHFOFLIJ_00762__L-carnitine_CoA-transferase,-1.0,0.43274418,-1.0,-0.8727076,0.48374438,0.034327265,-0.907677,-1.0,-1.0,-1.0,-1.0,-1.0,0.3686941,-0.35810548,-0.90520155,0.32812133,0.08052476,-0.22424829,-1.0,-1.0,0.44914415,-0.9715051,-0.6396726,0.021678783,-0.9089547,-0.71692485,-0.5318219,-0.86316884,-1.0
BaiF%Obregon-TitoAJ_2015__NO11__bin_28_fa_ODBMCAMJ_01956__Bile_acid-CoA_transferase,-0.66882217,1.0,-1.0,-1.0,1.0,1.0,-1.0,-0.8754962,-0.21784277,-1.0,0.70927167,-1.0,1.0,-0.61681324,-0.68940026,-0.060468595,1.0,1.0,-0.031157093,-0.31762964,1.0,-0.88226366,-0.7234704,-0.9361758,0.9016387,0.9639094,-0.48303038,0.119591996,-0.038654342
BaiF%RaymondF_2016__P21E7__bin_22_fa_DDJCLBHB_00373__Bile_acid-CoA_transferase,-1.0,1.0,-1.0,-1.0,1.0,1.0,-1.0,-1.0,-1.0,-1.0,-1.0,-1.0,1.0,-0.35516974,-1.0,0.11131572,1.0,0.120674744,-1.0,-1.0,1.0,-1.0,-1.0,-1.0,-0.30001086,-0.20769107,-1.0,-1.0,-1.0
BaiF%SRR4783510_bin_28_GHBMCCFK_00008__L-carnitine_CoA-transferase,-1.0,1.0,-1.0,-1.0,1.0,1.0,-1.0,-1.0,-1.0,-1.0,-1.0,-1.0,1.0,-0.5814082,-1.0,0.29460835,1.0,0.060723156,-1.0,-1.0,1.0,-1.0,-1.0,-0.31090316,-0.7007062,-0.68168783,-1.0,-1.0,-1.0
BaiF%SRR5127813_bin_22_DKEDJIEF_00985__Bile_acid-CoA_transferase,0.91328675,-1.0,1.0,1.0,-1.0,-1.0,1.0,1.0,1.0,1.0,-0.08645923,1.0,-1.0,0.5974603,1.0,-0.07626818,-1.0,-0.35264552,0.5573056,0.813347,-1.0,1.0,1.0,0.9142173,-0.18472154,-0.48447174,1.0,0.4760889,0.83176106
BaiF%bai_cluster_17%midas_Proteocatella_sphenisci_59007%Proteocatella_sphenisci_59007|AUID01000012_911,-0.04353946,-0.24524839,0.7053759,0.6422003,-0.22563444,-0.16966808,0.5881851,0.38359866,0.84649104,0.29317287,0.8055248,0.47061768,-0.20469259,0.11010744,0.9479173,0.19482172,0.11166145,0.26542056,0.39742738,0.5399442,-0.13163766,-0.016140888,0.6830099,-0.63062376,0.25374535,0.672075,0.54456514,0.5020812,0.4251852
BaiF%bai_cluster_2%midas_uncultured_Eubacterium_73696%uncultured_Eubacterium_73696|FMDW01000013_892,-1.0,1.0,-1.0,-1.0,1.0,1.0,-1.0,-1.0,-1.0,-1.0,-1.0,-1.0,1.0,-0.9816927,-1.0,-0.34992424,1.0,1.0,-1.0,-1.0,1.0,-1.0,-1.0,-0.84032965,0.7403725,0.32031053,-1.0,-1.0,-1.0
BaiF%bai_cluster_3%midas_Clostridium_hylemonae_61789%Dorea_sp_89094|KQ236743_10986,0.3490043,0.29465356,0.8255042,0.39645433,0.25838023,0.4053113,0.44018936,0.7844918,1.0,0.47250402,1.0,0.38005424,0.42411223,-0.33135486,0.87073183,-0.17939156,0.5786714,0.9450818,0.32186246,0.8479107,0.2556119,0.146133,0.63703084,-0.76459706,1.0,1.0,0.533073,0.729367,0.8340305
BaiF%bai_cluster_3%midas_Clostridium_hylemonae_61789%Dorea_sp_89094|KQ236743_13110,-0.01581368,1.0,0.04161775,-0.3883893,0.989262,0.8461094,-0.05489179,0.24289198,0.30026034,-0.16617018,0.7348391,-0.44057447,1.0,-0.33952883,0.17318133,-0.22423053,1.0,1.0,-0.02493367,0.49395955,1.0,-0.29078695,-0.0688277,-0.9452785,1.0,1.0,-0.013243234,0.43810362,0.48097023
BaiF%fig|1950825_3_peg_1464|__L-carnitine_dehydratase_(EC_4_2_1_89)____Clostridiales_bacterium_UBA1701_|_1950825_3_,-1.0,1.0,-1.0,-1.0,1.0,1.0,-1.0,-1.0,-1.0,-1.0,-1.0,-1.0,1.0,-0.89471006,-1.0,0.2162644,1.0,0.68209827,-1.0,-1.0,1.0,-1.0,-1.0,-1.0,-0.09700479,0.05771811,-1.0,-1.0,-1.0
BaiG%LeChatelierE_2013__MH0251__bin_10_fa_BOBEKBFD_00006__Multidrug_resistance_protein_3,-1.0,0.18797646,-1.0,-0.6523468,0.25588796,-0.102490336,-0.67738515,-1.0,-1.0,-0.6660557,-1.0,-0.67625153,0.16396725,-0.023972135,-0.76737326,0.216711,-0.051119722,-0.18582815,-0.7947357,-0.8901782,0.2130711,-0.47108117,-0.58900124,0.26472676,-0.64950705,-0.6212387,-0.45063326,-0.66524315,-1.0
BaiG%MBE6987074_1_MFS_transporter__Oscillospiraceae_bacterium_,-0.67531836,1.0,-1.0,-1.0,0.990463,0.4650441,-1.0,-1.0,-1.0,-1.0,-1.0,-1.0,0.9829276,-0.15466216,-1.0,-0.16243736,0.2406647,-0.7371162,-0.8636815,-0.9138327,0.99350643,-0.97005117,-1.0,0.09349178,-0.5883924,-1.0,-1.0,-1.0,-0.8842075
BaiG%MBR4017991_1_MFS_transporter__Clostridia_bacterium_,1.0,-1.0,1.0,1.0,-1.0,-1.0,1.0,1.0,1.0,1.0,1.0,1.0,-1.0,1.0,1.0,0.8691042,-1.0,-1.0,1.0,1.0,-1.0,1.0,1.0,1.0,-1.0,-0.77436393,1.0,1.0,1.0
BaiG%MDY4488523_1_MFS_transporter__Candidatus_Limivicinus_sp__,-1.0,1.0,-1.0,-1.0,1.0,0.55655396,-1.0,-1.0,-1.0,-1.0,-1.0,-1.0,1.0,-0.56234246,-1.0,0.7800848,0.83388644,-0.21636267,-1.0,-1.0,1.0,-1.0,-1.0,-0.3557179,-1.0,-0.9053568,-1.0,-1.0,-1.0
BaiG%MEE1256339_1_MFS_transporter__Lachnospiraceae_bacterium_,0.8349722,-1.0,1.0,1.0,-1.0,-0.47121742,1.0,1.0,1.0,1.0,1.0,1.0,-0.8730848,0.1690304,1.0,-0.029243892,-0.38966814,0.6339506,0.65350014,1.0,-0.96263087,1.0,1.0,-0.26450503,0.77137154,1.0,1.0,1.0,1.0
BaiG%bai_cluster_10%midas_Lachnoclostridium_nov_76594%Lachnoclostridium_nov_76594|ERS138182_8080_1_84_3_3097,0.60634047,0.86317796,0.6019001,-0.105057076,0.8001425,0.84421086,0.20015785,0.8824614,1.0,0.41196543,1.0,-0.06644548,1.0,-0.3220996,0.5120056,-0.40498248,1.0,1.0,0.321668,0.91058946,0.83338726,0.1186632,0.20057961,-0.85606843,1.0,1.0,0.17500213,0.8015639,1.0
BaiH%LiJ_2014__MH0370__bin_37_fa_CDDPILMH_00099__NADH_oxidase,-1.0,1.0,-1.0,-1.0,1.0,0.9763988,-0.9364022,-1.0,-0.5387001,-1.0,0.14065348,-1.0,1.0,-0.4440388,-0.49726704,0.25998026,1.0,0.3715272,-0.08384736,-0.60393304,1.0,-1.0,-0.5490505,-1.0,0.20358196,0.67364526,-0.40999258,-0.122485064,-0.66472065
BaiH%MEE0204071_1_FAD-dependent_oxidoreductase__Oscillospiraceae_bacterium_,-1.0,1.0,-1.0,-1.0,1.0,0.6257113,-0.7793066,-1.0,-1.0,-1.0,-0.88525546,-1.0,1.0,-0.602037,-0.92722,0.088905975,1.0,0.56438434,-0.64827275,-0.72182804,1.0,-1.0,-0.9131411,-0.73601335,0.12227166,0.30913383,-0.55036825,-0.18722984,-0.75440645
BaiH%MFR3389927_1_7-beta-dihydroxy-3-oxo-5-beta-cholanoyl-CoA_4-oxidoreductase_BaiH___Clostridium__scindens_,0.5522496,0.41540104,0.95645905,0.2990888,0.39163628,0.55670774,0.5214569,0.9497894,1.0,0.610172,1.0,0.3166483,0.5648032,-0.24467142,0.88065684,-0.24016824,0.75787896,1.0,0.47588965,1.0,0.40930173,0.2551808,0.57509685,-0.86855125,1.0,1.0,0.5060206,0.9266638,1.0
BaiH%Obregon-TitoAJ_2015__NO11__bin_28_fa_ODBMCAMJ_01962__NADH_oxidase,-1.0,1.0,-1.0,-1.0,1.0,1.0,-1.0,-1.0,-1.0,-1.0,-1.0,-1.0,1.0,-1.0,-1.0,-0.19590223,1.0,1.0,-1.0,-1.0,1.0,-1.0,-1.0,-1.0,1.0,1.0,-1.0,-1.0,-1.0
BaiH%bai_cluster_1%midas_Clostridium_hiranonis_61655%Clostridium_hiranonis_61655|NZ_DS995354_308,0.9135889,-0.66923296,1.0,1.0,-0.6202408,-0.13605183,1.0,1.0,1.0,1.0,1.0,1.0,-0.48925585,-0.31162924,1.0,-0.18774071,0.058696948,0.8820902,1.0,1.0,-0.57127625,0.7991398,1.0,-0.71246904,1.0,1.0,1.0,1.0,1.0
BaiH%bai_cluster_11%midas_Romboutsia_sp_25236%Romboutsia_sp_25236|FJTZ01000011_310,0.72878265,-0.12070934,0.98665947,0.32411358,-0.09766469,0.17059146,0.5088218,0.9488154,1.0,0.69683653,1.0,0.39397442,-0.010811109,-0.103523925,0.695801,-0.16651869,0.31124732,0.6483022,0.66034484,0.75004095,-0.07181918,0.40135816,0.5975184,-0.3462635,0.9135457,0.9374216,0.6937449,0.7567089,1.0
BaiH%bai_cluster_17%midas_Proteocatella_sphenisci_59007%Proteocatella_sphenisci_59007|AUID01000012_928,1.0,-1.0,1.0,1.0,-1.0,-1.0,1.0,1.0,1.0,1.0,0.9893035,1.0,-1.0,0.33185777,1.0,-0.43407544,-1.0,-0.40847456,0.79522806,1.0,-1.0,1.0,1.0,0.84608877,0.14104852,-0.33966848,1.0,0.77296686,1.0
BaiH%bai_cluster_2%midas_uncultured_Eubacterium_73696%uncultured_Eubacterium_73696|FMDW01000013_836,-0.33811435,1.0,-1.0,-1.0,1.0,1.0,-1.0,-1.0,-1.0,-1.0,-0.23773701,-1.0,1.0,-1.0,-1.0,-1.0,1.0,1.0,-0.79456735,-0.45760933,1.0,-0.9521506,-1.0,-0.9118519,1.0,0.8145415,-1.0,-0.6048749,-0.48986965
BaiH%bai_cluster_3%midas_Clostridium_hylemonae_61789%Clostridium_hylemonae_61789|NZ_GG657759_22762,-0.09241892,1.0,-0.10309534,-0.47971165,1.0,1.0,-0.056172945,0.0822542,0.4460032,-0.30211556,1.0,-0.7028705,1.0,-0.3736353,0.11796579,-0.11680263,1.0,1.0,0.23260137,0.26449907,1.0,-0.51300836,-0.27029368,-1.0,1.0,1.0,0.03938135,0.5921204,0.44267607
BaiI%LiJ_2014__MH0370__bin_37_fa_CDDPILMH_01838__hypothetical_protein,-1.0,0.3062726,-1.0,-0.53371966,0.29202932,0.07671326,-0.7561821,-1.0,-1.0,-1.0,-1.0,-0.8974038,0.24231848,0.41037443,-0.4158501,0.82371336,0.12928715,-0.60261047,-0.31243464,-1.0,0.4706347,-1.0,-0.5368236,-0.49084792,-1.0,-0.50372237,-0.45486185,-0.6033226,-1.0
BaiI%LiJ_2014__V1_FI04__bin_94_fa_MJMNNJHI_00331__hypothetical_protein,-1.0,-0.41424698,-0.80678713,-0.0874199,-0.32189524,-0.45275107,-0.33787173,-0.8871093,-1.0,-0.48262972,-1.0,-0.16321379,-0.42803717,0.3036837,-0.29160655,0.5363295,-0.5190695,-0.51982456,-0.47729585,-0.7452523,-0.34291732,-0.25388318,-0.090425074,0.41787443,-0.98232394,-0.7119846,0.030158503,-0.53920406,-0.9337401
BaiI%QinJ_2012__CON-070__bin_41_fa_AAAKDJOM_00400__hypothetical_protein,-1.0,1.0,-1.0,-1.0,1.0,0.6876511,-1.0,-1.0,-1.0,-1.0,-1.0,-1.0,1.0,-0.53114676,-1.0,0.23679145,0.8458292,-0.04547285,-1.0,-1.0,1.0,-1.0,-1.0,-0.1163417,-0.60132194,-0.622785,-1.0,-1.0,-1.0
BaiI%WP_279004450_1_nuclear_transport_factor_2_family_protein__partial___Clostridium__scindens_,1.0,-0.43917707,1.0,1.0,-0.47891673,0.013526531,1.0,1.0,1.0,1.0,1.0,1.0,-0.27363455,0.15937561,1.0,-0.39562008,0.13084853,1.0,0.9611627,1.0,-0.49006742,1.0,1.0,-0.33407003,1.0,1.0,1.0,1.0,1.0
BaiI%bai_cluster_2%midas_uncultured_Eubacterium_73696%uncultured_Eubacterium_73696|FMDW01000003_2059,0.7003044,0.3792505,0.51868045,0.18337597,0.1557373,0.30364096,0.4029022,0.3880077,0.39095864,0.45000905,0.3491898,0.23402525,0.30448946,0.39276147,0.09823351,-0.45717528,0.36811453,0.39432645,0.18570311,0.2985544,0.30075282,0.56630635,-0.06237107,0.12029051,0.61474943,0.3266933,0.111645795,0.06077791,0.0778522
