Family,3oxoDCA,3oxoLCA,7oxoDCA,Ala_DCA,Asn_CA,Asp_CA,Asp_DCA,CA,CDCA,DCA,GDCA,GLCA,Gln_CA,Glu_CA,Glu_CDCA,Glu_DCA,LCA,Phe_CA,Phe_CDCA,Phe_DCA,TCDCA,TDCA,TLCA,Thr_CA,Thr_DCA,Trp_CA,Tyr_CA,isoCA_aMCA,isoLCA
12aHSDH%GENOME015584_936,1.0,0.15852223,0.68073124,-0.5213131,-0.03466703,-1.0,-1.0,0.21028115,1.0,0.81652576,-0.6848047,0.43419474,0.2920622,-0.38587117,0.75938964,0.0041708034,-0.21726276,-0.015528873,0.42315212,-1.0,-0.85921663,-1.0,-1.0,1.0,-0.11973759,-1.0,1.0,1.0,0.62524784
12aHSDH%GENOME044629_647,-0.09602163,1.0,-0.22921349,0.43360493,-0.039640166,-0.5293953,-0.6263462,-0.06794495,-0.3114623,1.0,1.0,1.0,-0.47739583,-1.0,-1.0,-1.0,0.5534029,-0.7253852,-0.27015913,0.10324934,0.97479427,1.0,1.0,-1.0,-0.6380892,0.5752531,-0.9970811,0.19610313,-0.91545
12aHSDH%GENOME055489_1547,0.420165,-0.07534368,-0.66192645,0.62749666,-0.74421716,-0.3037207,0.8110475,-0.3835376,-0.39428225,0.7572332,0.38096094,-0.16042256,-0.29845312,-0.83665556,-0.6239189,0.42738461,0.39958522,-0.51978123,-1.0,0.3510226,-0.7169477,0.31715968,-0.7844104,-0.40117627,1.0,-0.014972519,-0.17508665,-0.05320848,0.0009476797
12aHSDH%GENOME077010_272,0.7417409,0.8960895,-0.9451557,1.0,-1.0,-1.0,-0.2141988,-1.0,-0.18587221,1.0,1.0,1.0,-1.0,-1.0,-1.0,0.8048342,1.0,-1.0,-1.0,-0.80880433,-1.0,-1.0,-0.70940953,-1.0,1.0,0.28673348,-0.48600104,0.4431985,1.0
12aHSDH%GENOME126416_2228,-0.63064075,-0.10117189,-0.5558155,-0.079231,-0.06761139,0.45678192,0.7552342,-0.2475227,-1.0,-1.0,0.1553734,-0.7749598,0.27213722,0.89447916,0.22832097,0.15036672,-0.103484206,0.4179841,1.0,0.92556787,1.0,1.0,1.0,-0.56505,-0.16510935,-0.3200085,0.32313022,-0.9418054,-0.13743727
12aHSDH%GENOME136792_1072,0.79320115,0.42203286,-0.95531607,0.7089717,-1.0,-1.0,1.0,-1.0,-1.0,0.8743542,0.7294813,0.98141843,-0.45782316,-1.0,-1.0,1.0,1.0,-0.838532,-0.7139439,1.0,-0.4124653,0.0705282,0.18141288,-0.9706508,0.6925242,-0.35129082,-0.63997805,-0.49940756,1.0
12aHSDH%GENOME187328_883,0.6744671,0.55552816,-0.12877825,0.03889231,0.22613183,0.15044224,0.39792627,-0.3192624,-0.7133368,-0.6015231,-0.911383,0.20031746,0.6922491,0.20140341,0.4950416,0.58876294,-0.43341556,0.2443332,-0.41871896,0.12605347,-0.8700188,-0.36643144,-0.97328657,0.55626184,0.05415043,0.15023343,0.30868587,0.2533146,-0.3702997
12aHSDH%GENOME211747_1057,-0.48327708,0.43367425,1.0,-1.0,0.692178,0.55936635,-0.9743005,1.0,1.0,-0.5233671,-0.89501244,-0.27949598,1.0,0.7235761,0.60290146,-0.809167,-0.7465875,0.99052435,1.0,-0.58675885,0.41057402,-0.46347037,0.22823538,1.0,-0.6028183,0.22926907,0.47296613,0.7793205,-1.0
12aHSDH%GENOME225739_454,-1.0,-1.0,0.7705129,-0.8232838,0.38804698,0.25339994,-0.95108604,1.0,1.0,-1.0,-0.6247019,-1.0,-0.15415406,0.84525204,1.0,-1.0,-1.0,0.6630669,0.32555065,-1.0,1.0,0.9504163,1.0,0.6238876,-1.0,0.37334314,0.87227494,0.17241856,-1.0
12aHSDH%MBE7001463_1_SDR_family_oxidoreductase__Oscillospiraceae_bacterium_,0.13339336,1.0,0.37688965,-0.3620725,0.5401459,-0.27454996,-0.7724816,0.13925618,0.24188386,0.03587096,-0.015847597,0.9509643,0.40236026,-0.15882656,0.10000033,-0.333955,0.44566926,-0.29288128,0.85903716,-0.31300628,0.4153284,-0.23374784,1.0,0.4721926,-0.9116299,-1.0,-0.6507569,0.19157246,0.6607303
12aHSDH%MBP3571641_1_SDR_family_oxidoreductase__Clostridia_bacterium_,-0.4256858,0.08243778,0.80712336,-0.4485888,0.7613295,1.0,-0.7190911,0.63871825,0.77500445,-0.6374038,-0.9453947,-0.25301698,0.93270755,1.0,1.0,-0.39687115,-1.0,0.8522343,0.09389099,-0.97392064,-0.76747733,-1.0,-1.0,0.9560876,-0.38105327,0.9528896,1.0,0.77614176,-0.48153883
12aHSDH%MBQ2887473_1_SDR_family_oxidoreductase__Bacillota_bacterium_,-0.52139205,-0.8398501,0.266115,0.29619342,0.09548498,0.30322647,0.09061036,0.1613504,0.50276715,-0.2273574,-0.11169378,-0.54501796,-0.99139994,0.281685,0.052182216,-0.32813022,-0.31414026,0.35570624,-0.45185843,-0.33371708,0.15666449,0.22036275,-0.04190426,-0.15682934,0.37915897,1.0,0.5357241,-0.05829129,-1.0
12aHSDH%MBQ4339583_1_SDR_family_oxidoreductase__Bacillota_bacterium_,0.8601954,0.8316568,0.2896817,0.9317466,0.00082514243,-0.5137204,-0.06548745,-0.15058064,-0.08980897,1.0,1.0,1.0,-0.62586904,-0.92481446,-0.8335464,0.1443631,1.0,-1.0,-1.0,-0.5887651,0.15202777,0.55203444,0.6014767,-0.8583321,0.19030125,-1.0,-0.61115867,0.40429926,0.40085497
12aHSDH%MBQ4566268_1_SDR_family_oxidoreductase__Oscillospiraceae_bacterium_,-1.0,-1.0,1.0,-0.5712225,0.6962429,0.9680516,-0.69776607,1.0,1.0,-1.0,-1.0,-1.0,1.0,1.0,0.70973164,-1.0,-1.0,1.0,1.0,0.09800765,0.61436146,0.41879714,-0.46243992,1.0,-0.29372412,1.0,1.0,0.21202876,-1.0
12aHSDH%MBR0327374_1_SDR_family_oxidoreductase__Clostridia_bacterium_,0.5504711,0.5183147,1.0,-0.71654296,1.0,0.84498817,-0.44958445,1.0,0.6383846,-0.6106813,-1.0,-0.16993901,0.62453127,0.79179823,-0.24551104,0.68714833,-0.31044695,1.0,1.0,1.0,0.09275279,-0.17115122,-0.40231654,1.0,0.22920048,-0.76477313,1.0,1.0,-1.0
12aHSDH%MBR6816818_1_SDR_family_oxidoreductase__Clostridia_bacterium_,-0.08876838,0.56446666,0.7795023,-0.6661677,0.9428736,0.58955204,0.4340067,0.36259803,-0.816099,-0.40205395,-1.0,-0.3854704,1.0,0.0063187857,-0.44713265,0.21606989,-0.34051788,1.0,0.75788355,1.0,-0.07750515,0.26950628,-0.2063899,0.373248,-0.5037113,1.0,1.0,-0.001604496,-0.7841194
12aHSDH%MBR6823493_1_SDR_family_oxidoreductase__Bacillota_bacterium_,-0.56213146,-0.33947283,0.7158903,-0.38931572,0.35415718,0.80096227,-0.25385404,0.46660423,0.050576597,-0.6551461,-1.0,-0.70648235,0.9553629,1.0,0.47579938,-0.03680586,-0.9124863,1.0,1.0,0.8226497,-0.33176222,-0.76516193,-0.87124616,0.97442937,0.014362467,1.0,1.0,0.12658179,-1.0
12aHSDH%MBR7146259_1_SDR_family_oxidoreductase__Oscillospiraceae_bacterium_,0.092276976,0.78834087,-1.0,0.29699996,-1.0,-1.0,0.77969176,-1.0,-0.633444,0.6766238,1.0,0.9124415,-1.0,-1.0,-1.0,0.81692094,1.0,-1.0,-0.25601682,1.0,0.023159826,0.506878,0.8719197,-1.0,1.0,-0.5696944,-1.0,-0.46576914,1.0
12aHSDH%MCH5186073_1_SDR_family_oxidoreductase__Oscillospiraceae_bacterium_,-0.84806263,-0.40063238,-0.21980505,-0.26773217,-0.34515223,0.36063695,0.2594687,0.32691026,0.20858882,-0.095780745,0.4753723,-0.28398654,-0.369266,0.17226899,-0.46311265,-0.5461755,-0.07053902,0.11278341,0.20252797,0.43537995,0.95003927,1.0,1.0,-0.5068195,-0.2667954,0.07725642,-0.14340936,-0.62005603,-0.2740071
12aHSDH%MEE0965876_1_SDR_family_oxidoreductase__Bacilli_bacterium_,-0.52525973,-0.21466081,0.83107656,-1.0,1.0,0.74925226,-0.44371524,0.6851096,0.42066753,-1.0,-1.0,-0.6889075,1.0,1.0,1.0,-0.41546175,-0.7701065,0.95599395,1.0,-0.05474057,0.56303006,0.09214329,0.72310114,1.0,-1.0,-0.1721159,0.30721423,0.22866899,-0.6282185
12aHSDH%NCB62655_1_SDR_family_oxidoreductase__Clostridia_bacterium_,0.14127451,-0.8544533,0.28181985,0.034319505,0.44254997,0.45053995,-0.15533878,-0.09253361,0.14448725,0.21969408,-0.25989857,-0.35038996,0.20368691,0.6753791,0.8668087,0.51687217,-0.24565725,0.6267088,-0.042161923,-0.3308343,-1.0,-1.0,-1.0,0.42913735,0.45672736,0.59163547,1.0,0.3321845,0.5762945
12aHSDH%WP_055231566_1_SDR_family_NAD(P)-dependent_oxidoreductase__Anaerostipes_hadrus_,0.97342277,-0.049613994,-0.35585833,0.75331384,-0.75676435,-0.87347406,0.1941917,-0.5507011,-0.42028853,0.9597813,0.66087294,0.4816829,-0.02338829,-0.60337347,-0.05710769,0.9364362,0.3660371,-0.70662665,-0.7238514,-0.037617564,-0.78245944,-0.6906511,-0.96148056,-0.14986143,0.78947985,-0.78944093,0.08670429,0.50029695,0.8216997
12aHSDH%WP_103229430_1_SDR_family_NAD(P)-dependent_oxidoreductase__Clostridium_sp__chh4-2_,1.0,0.95221573,0.38647,0.33373445,0.59081197,-0.46328917,-1.0,-0.15562874,0.30322132,0.51468337,-0.5798646,0.9607634,0.20128614,-0.028459933,0.5800474,0.50015175,0.47052473,-0.9810624,-0.6325094,-0.93120235,-1.0,-0.65266293,-0.07164548,0.26594338,-0.2709302,-1.0,-0.19830416,1.0,1.0
12aHSDH%WP_130435990_1_SDR_family_NAD(P)-dependent_oxidoreductase__Cuneatibacter_caecimuris_,-0.37121478,0.41306135,-1.0,0.6642507,-1.0,0.0815205,0.6877301,-0.77984256,-0.54206425,0.19082469,0.72996026,0.7523876,-1.0,-0.3027792,-0.77031726,0.06633742,0.5224054,-0.81855106,-0.1943189,0.993023,0.16273198,0.34795317,0.51638484,-1.0,0.1650734,0.32187206,-1.0,-1.0,0.2849047
12aHSDH%WP_160708750_1_SDR_family_NAD(P)-dependent_oxidoreductase__Enterorhabdus_sp__P55_,-0.20907527,-1.0,1.0,-1.0,1.0,0.82337344,-1.0,1.0,1.0,-0.6441952,-1.0,-1.0,1.0,0.32435295,0.57062936,-1.0,-1.0,1.0,0.6406991,-1.0,-0.23478219,-0.9987143,-1.0,1.0,-0.40609738,1.0,1.0,1.0,-1.0
12aHSDH%WP_161844252_1_SDR_family_NAD(P)-dependent_oxidoreductase__Pseudoflavonifractor_sp__524-17_,-0.23047344,-0.89609486,-0.4763634,-0.07023142,-0.3613872,0.9473319,0.55458367,-0.21672457,-0.19532318,-0.42574477,-0.27594483,-0.28887138,0.34171844,0.9724446,0.5487779,0.5273969,-0.4025971,0.09527752,-0.009892249,0.18253064,-0.30989817,-0.3496256,-0.5516069,0.25209564,0.4754396,0.1412888,0.06223152,-0.25682783,-0.15619265
12aHSDH%WP_249318265_1_SDR_family_NAD(P)-dependent_oxidoreductase__Yeguia_hominis_,0.57147336,0.43233612,-0.012189548,-0.7310273,0.47416225,-0.4250112,-0.14435679,-0.32075164,-0.45699444,0.16285895,-0.66482985,-0.19269477,0.36469743,0.09788985,0.38705543,0.47207046,0.31138155,0.19389765,0.47346506,0.11162142,-0.53197634,-0.59260666,-0.3819113,0.48503295,0.08103948,0.2590555,0.17990132,0.47699165,0.45614904
12aHSDH%WP_251178417_1_SDR_family_NAD(P)-dependent_oxidoreductase__Adlercreutzia_agrestimuris_,0.01845798,-0.09683625,-0.58371526,1.0,-0.8158152,-0.59588414,-0.17053181,-0.288681,-0.36569294,0.0917123,1.0,0.8853333,-0.79653287,-0.93045264,-1.0,-0.2046589,0.3067834,-0.25931236,-0.55517673,0.20911886,0.56962985,1.0,0.29663616,-1.0,0.5353536,0.0212986,-0.10212113,-1.0,0.24773084
12bHSDH%GENOME225741_180,-0.26230988,-1.0,1.0,-0.5719314,0.8087445,0.83392805,-0.2623869,0.7158228,0.50569624,-1.0,-1.0,-1.0,1.0,1.0,1.0,-0.2368245,-1.0,0.9715539,0.4770582,-0.5496027,-0.35927147,-0.4976399,-0.62291443,1.0,-0.25229475,0.24871401,1.0,0.9236899,-1.0
12bHSDH%MDD6456291_1_SDR_family_NAD(P)-dependent_oxidoreductase__Lachnospiraceae_bacterium_,0.3033802,0.5547211,-0.37560242,0.9288703,-1.0,-1.0,-0.5854498,-0.42948666,0.13117291,0.507805,1.0,1.0,-1.0,-0.787861,-0.5904329,-0.21738963,0.7138416,-0.9362812,-0.5074223,-0.15571049,0.45677438,0.3866655,0.474946,-1.0,0.17840122,0.039153285,-0.6306344,-0.2773294,0.47265133
3aHSDH%3aHSDH%HJB56827_1_3-oxoacyl-ACP_reductase_FabG__Candidatus_Flavonifractor_intestinipullorum_,-0.3518614,1.0,-0.31621858,0.9490125,-0.6581105,-0.5662947,-0.31084877,-0.16700739,-0.041011494,0.1095755,0.7830397,0.91987973,-1.0,-0.76231533,-1.0,-0.7757053,0.60893995,-0.50086504,0.18825647,0.4362256,0.75531876,0.7938535,1.0,-0.917835,-0.46072602,0.034735233,-0.82617587,-1.0,0.17752443
3aHSDH%3aHSDH%MBO5160353_1_3-oxoacyl-ACP_reductase_FabG__Lachnospiraceae_bacterium_,0.46368963,1.0,-1.0,1.0,-1.0,-1.0,0.9654334,-1.0,-1.0,1.0,1.0,1.0,-0.92683613,-1.0,-1.0,0.67830944,1.0,-1.0,-0.90758693,1.0,-1.0,-0.08569607,-0.53623384,-1.0,0.9426143,0.4224637,-1.0,-1.0,1.0
3aHSDH%3aHSDH%MBQ7891058_1_3-oxoacyl-ACP_reductase_FabG__Erysipelotrichaceae_bacterium_,-0.3238712,1.0,-1.0,1.0,-1.0,-1.0,1.0,-1.0,-1.0,1.0,1.0,1.0,-1.0,-1.0,-1.0,1.0,1.0,-1.0,-1.0,1.0,0.15675953,1.0,1.0,-1.0,1.0,-0.0038144586,-1.0,-1.0,1.0
3aHSDH%3aHSDH%MCI8514525_1_3-oxoacyl-ACP_reductase_FabG__Lachnospiraceae_bacterium_,1.0,1.0,-0.9906946,1.0,-0.21119581,-0.08134364,1.0,-1.0,-1.0,1.0,0.3388577,0.70760405,0.087541595,-0.88357025,-0.39247707,1.0,1.0,-1.0,-1.0,0.53742784,-1.0,-0.10080295,-0.3135549,-0.8621213,0.81009555,-1.0,-1.0,0.16335218,1.0
3aHSDH%3aHSDH%MCM1345206_1_3-oxoacyl-ACP_reductase_FabG__Muribaculaceae_bacterium_,0.7328537,0.6833578,0.4916602,-0.17251112,0.7941406,0.051316857,0.7126097,-0.80916834,-1.0,0.7110777,-0.3115916,-0.57513225,1.0,-0.1693423,0.81274366,1.0,0.5104068,-0.65294284,-0.86755264,-1.0,-1.0,-1.0,-1.0,1.0,0.1572203,-1.0,0.042739674,0.7517153,1.0
3aHSDH%3aHSDH%WP_062304377_1_SDR_family_NAD(P)-dependent_oxidoreductase__Sellimonas_intestinalis_,-1.0,-0.5832856,1.0,-0.58840114,0.6223343,0.94892716,0.022108821,1.0,1.0,-0.47153664,-0.46235734,-1.0,0.5350285,0.984349,0.69194883,-0.4355469,-0.711593,0.5247888,-0.37167194,-0.9002889,0.20333686,0.101117566,-0.36199597,0.74701166,-0.21644598,0.40503037,0.7598348,0.3753854,-1.0
3aHSDH%3aHSDH%WP_117582908_1_MULTISPECIES__SDR_family_NAD(P)-dependent_oxidoreductase__unclassified_Collinsella_,0.85911477,1.0,0.18532683,-0.32282194,-0.24707094,0.068973586,0.027558258,0.44090018,0.29432425,-0.21763575,-1.0,-0.98121613,0.38916403,-0.15276277,0.70720214,0.05650644,0.0052022096,0.24898808,0.32199246,0.80052716,-0.46892777,-0.2899192,-0.30979484,0.8913117,-0.02431269,-0.2798248,-0.10825835,0.40874702,-0.58048296
3aHSDH%3aHSDH%WP_215683787_1_glucose_1-dehydrogenase__Dorea_formicigenerans_,0.18231751,-0.07712832,0.014904736,-0.22065763,0.49584165,-0.15044434,0.07603687,-0.091976814,0.19449018,0.37653565,-0.6137355,-0.63867813,0.02941916,0.37789667,0.3271768,0.16330831,0.42715177,0.5139872,0.45981997,0.5693683,-0.36687526,0.61713284,0.66927594,0.18192628,0.19551928,-0.28732908,0.41316995,0.72104234,0.22369099
3aHSDH%3aHSDH%WP_226969791_1_SDR_family_oxidoreductase___Ruminococcus__lactaris_,0.60664606,-0.13211092,0.008983225,-0.370758,-0.5440875,-0.4739769,-0.039222535,-0.48073494,0.17173265,0.26785362,-0.24258175,0.32364267,-1.0,-0.3305016,-0.68012947,1.0,0.323121,0.31728673,0.19332376,0.5610691,-0.84291196,-1.0,-1.0,-0.084143035,1.0,0.6623411,-0.059804767,0.19225317,1.0
3aHSDH%3aHSDH%WP_270387972_1_SDR_family_NAD(P)-dependent_oxidoreductase__Blautia_hansenii_,-1.0,-0.28961992,-0.2652833,0.280401,0.09478344,0.7811398,0.26408884,0.093067035,-0.07852909,-0.59472966,0.48756906,-0.18013814,-0.045466132,0.50612444,0.0074660107,-0.5687917,-0.4756641,-0.020030985,-0.46776906,-0.32366326,0.4741269,1.0,0.5617742,-0.6808484,-0.49392018,0.9189174,-0.14799306,-0.5809394,-0.6274172
3aHSDH%CAG5237306_1_short_chain_dehydrogenase__Streptococcus_pneumoniae_,-0.32348502,-0.52035826,1.0,-1.0,1.0,0.9428734,-1.0,1.0,1.0,-0.8401954,-1.0,-1.0,1.0,1.0,1.0,-1.0,-1.0,1.0,1.0,-1.0,-0.38299152,-1.0,-0.6638838,1.0,-1.0,0.7514392,1.0,1.0,-1.0
3aHSDH%GENOME060426_131,1.0,-0.55242586,-0.39515093,1.0,-1.0,-0.5256064,0.7780681,-0.9128908,-0.9036521,0.8844963,0.07176905,0.36384842,0.045826174,-0.48136356,0.06490858,0.88763523,0.7243529,-0.6400297,-0.5553882,0.68329364,-1.0,-1.0,-0.90573126,-0.32871744,0.6972288,0.46423772,-0.279328,0.35284713,0.4235844
3aHSDH%GENOME084620_3418,-0.10437612,-1.0,-1.0,1.0,-0.88689166,-0.09920074,1.0,-1.0,-0.5865881,1.0,1.0,-0.4364008,-1.0,-0.25223535,-0.32776064,0.97395897,0.8381276,-1.0,-1.0,-0.020231986,-0.5736266,1.0,-0.42607355,-1.0,1.0,-0.056781087,0.033180095,-1.0,0.09333559
3aHSDH%GENOME084674_3322,1.0,0.52262473,-1.0,1.0,-1.0,-1.0,1.0,-1.0,-1.0,1.0,1.0,1.0,-1.0,-1.0,-1.0,1.0,1.0,-1.0,-1.0,0.5622569,-1.0,-0.42457604,-0.8046481,-1.0,1.0,-0.33907473,-0.7806616,-0.5997213,1.0
3aHSDH%MBQ9141038_1_SDR_family_oxidoreductase__Lachnospiraceae_bacterium_,0.3520214,-0.9592926,0.5354998,-0.3380323,0.7063934,0.035040032,0.16832705,0.15971328,-0.27896634,-0.6336741,-1.0,-0.77442926,1.0,0.2945791,0.4768781,0.63365453,-0.26735452,0.9385578,0.5726635,0.2864763,-0.55255884,0.022413868,-0.22030546,0.6614255,0.542025,0.6841688,0.70938396,0.8833145,-0.65538466
3aHSDH%MCI6633699_1_3-oxoacyl-ACP_reductase_FabG__Clostridiales_bacterium_,-1.0,-0.81190324,0.60097694,-0.61344206,0.98535126,1.0,-1.0,1.0,1.0,-1.0,-0.87030673,-0.79635686,0.29934427,1.0,1.0,-1.0,-1.0,1.0,1.0,-0.582598,1.0,1.0,0.9817904,0.6292378,-1.0,0.092537254,1.0,-0.14594144,-1.0
3aHSDH%MCI6899085_1_SDR_family_oxidoreductase__Mycoplasmatota_bacterium_,0.077681854,0.43697447,0.07129168,-0.23760335,0.115385935,0.46169335,-0.6346698,0.44857678,0.25954604,-0.69283235,-0.05222442,1.0,-0.091731705,0.33788937,-0.505656,0.39784408,-0.282379,-0.04712753,0.39879173,0.22064105,0.42672408,0.30118653,0.865166,-0.43717173,-0.2975078,-0.435214,-0.47025397,0.3838093,-0.09947214
3aHSDH%MCI8568452_1_3-oxoacyl-ACP_reductase_FabG__Bacilli_bacterium_,-0.20145829,-0.17305003,1.0,-1.0,0.6379668,-0.3749613,-1.0,1.0,1.0,-1.0,-1.0,-1.0,0.49841532,0.48874423,0.80483973,-0.6144339,-1.0,1.0,1.0,-0.97346365,0.28934106,-0.7371336,-0.71645284,0.93653345,-0.9384522,0.85595816,1.0,0.8022556,-0.04582545
3aHSDH%MCI8931631_1_SDR_family_oxidoreductase__Lachnospiraceae_bacterium_,-0.75241226,-0.1086762,-0.9717719,0.49234676,-1.0,-0.2823957,0.25875044,-0.014564011,-0.32955402,-0.7063567,0.90804917,-0.80841655,-1.0,-0.027052477,0.21527624,-0.89479584,-0.7242911,-0.2006674,-0.13961679,0.36450112,1.0,1.0,1.0,-1.0,-0.5126607,0.3266993,0.78595585,-1.0,-0.92575324
3aHSDH%MCM1266841_1_3-oxoacyl-ACP_reductase_FabG__Bacteroidales_bacterium_,-0.28400356,0.0068770726,0.77364624,-0.20569462,0.91577333,0.8311885,-0.79893726,0.3825151,0.5070321,-1.0,-0.39333338,-0.12452866,0.22670114,0.48877433,0.3938298,-0.70835733,-0.6788678,0.18793201,-0.42212963,-1.0,0.11432154,-0.18599318,-0.6717358,0.23212339,-0.65202135,0.5740594,-0.16186012,0.52281886,-0.58579594
3aHSDH%MCR4878926_1_SDR_family_NAD(P)-dependent_oxidoreductase__Bacteroidales_bacterium_,-0.9224392,0.003962749,1.0,-1.0,1.0,1.0,0.5690016,1.0,-0.5557067,-1.0,-1.0,-1.0,1.0,1.0,1.0,0.6392075,-1.0,1.0,1.0,1.0,1.0,1.0,0.6682929,1.0,-1.0,0.33402336,1.0,-0.28413162,-1.0
3aHSDH%MDE7008868_1_3-oxoacyl-ACP_reductase_FabG__Lachnospiraceae_bacterium_,-1.0,-1.0,-0.7034624,0.2852798,-0.8392522,1.0,1.0,0.497308,-1.0,-0.9594934,1.0,-1.0,-0.44445962,1.0,0.82825214,0.1937326,-0.8563601,0.23722954,0.26286745,1.0,1.0,1.0,0.18630208,-1.0,-0.5886969,0.76094127,1.0,-1.0,-0.8110058
3aHSDH%MDE7282987_1_SDR_family_oxidoreductase__Lachnospiraceae_bacterium_,0.2638458,-1.0,0.72532916,-0.38326746,0.6313187,0.06901982,0.3382794,0.3359318,-0.14651425,-0.32002652,-0.5767882,-1.0,0.901606,0.53562224,0.72192734,0.4967916,-0.06043197,0.67886734,0.20956263,0.08087901,-0.13537264,0.5467385,0.17566821,0.2392208,0.16563189,0.23621324,0.73042005,0.900262,-0.32922915
3aHSDH%MDE7415347_1_SDR_family_oxidoreductase__Lachnospiraceae_bacterium_,0.97560996,1.0,-1.0,1.0,-1.0,-1.0,1.0,-1.0,-1.0,1.0,1.0,1.0,-1.0,-1.0,-1.0,1.0,1.0,-1.0,-1.0,1.0,-1.0,0.5484934,0.19899125,-1.0,1.0,-1.0,-1.0,-1.0,1.0
3aHSDH%NBI02399_1_3-oxoacyl-ACP_reductase_FabG__Lachnospiraceae_bacterium_,1.0,-0.2736126,0.032200925,1.0,0.61624277,-0.26051033,0.16814005,-0.9401443,-0.6072896,0.17893721,-0.5245405,1.0,0.02954057,-0.44662854,-0.2373315,1.0,0.37619224,-0.577806,-1.0,-0.16280629,-1.0,-1.0,-1.0,0.11805171,0.8008282,-0.52736956,-0.32300067,1.0,0.67896754
3aHSDH%WP_020436139_1_MULTISPECIES__SDR_family_NAD(P)-dependent_oxidoreductase__Mediterraneibacter_,-0.4168694,-0.40477106,0.7481231,-1.0,0.43558335,1.0,-0.84916663,0.63161504,0.7272886,-0.35822195,-0.7941432,-0.32935393,0.6971008,1.0,1.0,-0.31504688,-1.0,1.0,1.0,-0.56750214,0.064579956,-1.0,-0.7970971,0.9715409,-1.0,1.0,1.0,0.28321388,-0.077888526
3aHSDH%WP_044950032_1_SDR_family_NAD(P)-dependent_oxidoreductase__Mediterraneibacter_gnavus_,1.0,-0.614026,1.0,-0.5472949,1.0,-0.13889596,-1.0,0.54729426,0.9252219,-0.7088506,-1.0,0.17010029,1.0,0.50412315,0.9831482,0.20680505,-1.0,0.77315414,0.08932146,-1.0,-1.0,-1.0,-1.0,1.0,-0.41534278,-0.44621179,1.0,1.0,0.2505388
3aHSDH%WP_087213392_1_MULTISPECIES__SDR_family_NAD(P)-dependent_oxidoreductase__Sellimonas_,-1.0,-0.64377487,0.40052235,-1.0,0.270931,0.6413356,-0.011233939,1.0,0.607598,-1.0,0.043470856,-0.3812758,0.45486346,0.89652926,-0.48049808,-0.7244686,-1.0,1.0,1.0,0.4036539,1.0,1.0,1.0,-0.10357379,-0.57261306,1.0,-0.08466178,-1.0,-1.0
3aHSDH%WP_104968339_1_3-oxoacyl-ACP_reductase__Streptococcus_pluranimalium_,-0.97368455,-1.0,0.35810727,-0.46217167,0.14853759,0.60433817,0.07464233,0.7356005,1.0,-0.26168084,0.27160555,-0.97894734,0.12958577,0.69335854,0.5724081,-0.031196438,-1.0,0.35874885,-0.08644436,-0.7505072,0.38493928,-0.1046299,-0.0074739,0.017305907,0.061576363,0.06858943,0.70467806,0.004536686,-0.29679286
3aHSDH%WP_109137584_1_SDR_family_oxidoreductase__Bifidobacterium_catulorum_,0.30660558,0.8026815,-1.0,0.80641145,-1.0,-0.6885226,0.7128121,-1.0,-1.0,0.5781244,0.9702448,1.0,-0.9666186,-0.42492178,-0.47658545,0.710327,1.0,-0.7254098,-0.13297716,0.78099954,-0.38152206,-0.11368404,-0.08358292,-1.0,0.35357118,0.7551815,-0.66030115,-1.0,1.0
3aHSDH%WP_161845208_1_SDR_family_NAD(P)-dependent_oxidoreductase__Pseudoflavonifractor_sp__524-17_,-1.0,-1.0,1.0,-1.0,1.0,1.0,-0.93923426,1.0,1.0,-1.0,-1.0,-1.0,1.0,1.0,1.0,-1.0,-1.0,1.0,0.92542017,-1.0,0.39469013,-0.7635516,0.18239401,1.0,-1.0,1.0,1.0,0.8467576,-0.9056349
3aHSDH%WP_182279434_1_SDR_family_NAD(P)-dependent_oxidoreductase__Collinsella_intestinalis_,0.19751932,0.57163346,0.910972,-0.80186874,0.5467136,0.16795824,-0.9522281,1.0,1.0,-0.2150689,-0.83262706,-0.5472555,0.54129326,-0.045750722,0.81329185,-1.0,-0.35820377,0.20816824,0.7031054,-0.6545401,0.34726122,-0.4628838,0.15644462,1.0,-0.9292146,-0.45239693,-0.021558883,0.7148825,-0.76051885
3aHSDH%WP_191282235_1_SDR_family_oxidoreductase__Pseudolysinimonas_yzui_,-0.93573195,1.0,0.77789223,-0.22962353,-0.7040511,0.40154642,-0.13373813,0.722723,-0.048812274,-1.0,0.3144791,-0.3869555,-0.16902211,0.12771489,0.82423717,-0.32326072,-0.47056675,-0.19236287,-0.3156227,-0.25877273,1.0,0.4570897,0.6275205,0.27416015,-1.0,0.46209157,-0.66651917,-0.912133,-0.7481955
3aHSDH%WP_205009953_1_3-oxoacyl-ACP_reductase__Streptococcus_loxodontisalivarius_,-1.0,-0.57313955,-0.43973234,0.21069698,-1.0,-1.0,-0.1879407,-0.14922762,0.9882338,0.5663466,1.0,-0.5757084,-1.0,-0.95149183,-1.0,-1.0,0.11379986,-1.0,-1.0,-1.0,0.6526017,0.64919233,0.72583455,-1.0,-0.14293988,1.0,0.45836014,-0.4268407,0.8157356
3aHSDH%WP_231385278_1_SDR_family_NAD(P)-dependent_oxidoreductase__Candidatus_Stoquefichus_massiliensis_,-0.81447905,-0.6921872,0.7696958,-0.550058,0.5630212,0.19058454,-0.1496771,0.76962066,0.34183773,-1.0,-0.43713126,-0.5509372,0.502262,0.6897598,0.24382137,-0.15874253,-0.86373067,1.0,0.36176157,-0.26837355,0.8501308,1.0,0.715525,0.35210523,-0.22038943,0.5120197,0.9187815,0.2450932,-1.0
3aHSDH%WP_270208025_1_SDR_family_oxidoreductase__Eggerthella_lenta_,0.03670496,0.13440832,-1.0,1.0,-1.0,-0.5033049,1.0,-1.0,-1.0,0.7109965,1.0,1.0,-1.0,-0.82785225,-1.0,0.8905209,1.0,-0.9714472,-1.0,1.0,-0.57800555,0.20177881,-0.5411299,-1.0,1.0,1.0,-0.7641243,-1.0,1.0
3aHSDH%WP_289544896_1_SDR_family_NAD(P)-dependent_oxidoreductase__Enorma_phocaeensis_,-1.0,-1.0,1.0,-1.0,1.0,0.9239583,-0.36922482,1.0,1.0,-0.8351275,-0.5014171,-1.0,1.0,1.0,1.0,-0.9298587,-1.0,1.0,0.32140157,-1.0,0.6647735,0.30511552,-0.24862093,1.0,-0.8575399,0.34550232,0.92024857,0.5310958,-1.0
3aHSDH%WP_427737837_1_SDR_family_NAD(P)-dependent_oxidoreductase__Bariatricus_sp__SGI_154_,0.19647816,-0.548854,-0.8045142,0.38692772,-0.7858236,0.103492,0.7847387,-0.5739959,-0.7394656,0.7904656,1.0,-0.14444223,-0.3177209,-0.04513887,-0.041563798,-0.0033323965,0.09711892,-1.0,-0.9964863,-0.67619747,-0.043077003,0.1940266,-0.63114077,-0.66978306,0.3772755,-0.49732843,-0.5768257,-0.5977961,0.5754082
3bHSDH%GENOME124823_1686,1.0,-0.91922367,1.0,-1.0,1.0,1.0,-1.0,1.0,1.0,-1.0,-1.0,-1.0,1.0,1.0,1.0,-1.0,-1.0,1.0,1.0,-1.0,-0.11375707,-1.0,-1.0,1.0,-1.0,1.0,1.0,1.0,-1.0
3bHSDH%WP_100933575_1_SDR_family_NAD(P)-dependent_oxidoreductase___Clostridium__innocuum_,0.8493927,0.3029657,0.747213,-0.08917419,0.40776247,-0.97143936,-1.0,0.2693915,0.34768152,-0.30017763,-0.7069148,0.5701574,0.64041054,-0.30789903,0.11042621,-0.11064604,-0.28418943,0.16559418,-0.23412265,-0.94337857,-0.48681694,-0.23628972,-0.3220362,0.63090134,-0.15767154,-0.47491616,0.6993918,1.0,-0.22209251
3bHSDH%WP_186937525_1_glucose_1-dehydrogenase__Eggerthella_hominis_,1.0,1.0,-1.0,1.0,-1.0,-0.87344986,1.0,-1.0,-1.0,1.0,0.83819216,1.0,-1.0,-0.48701692,-0.14928705,1.0,1.0,-1.0,-1.0,0.7158295,-1.0,-0.41670844,-0.1257518,-0.9532243,1.0,-0.77059424,-0.87968445,-0.22580944,1.0
5AR%GENOME006039_2690,0.6666458,-1.0,1.0,-1.0,1.0,0.97052795,-1.0,1.0,0.9125784,-0.5158769,-1.0,-0.81582177,1.0,1.0,1.0,0.46829364,-1.0,1.0,1.0,-0.1557029,-0.03872617,-0.4438728,-0.91620094,1.0,-0.43536705,-0.74333555,1.0,1.0,-0.8258758
5AR%GENOME012336_2253,-1.0,1.0,-1.0,1.0,-1.0,-0.5151273,-0.10612956,-0.77777493,-0.93133634,-0.706554,1.0,0.59546936,-1.0,0.18711755,-0.23360804,-0.6899586,0.30738562,-0.5816251,0.40244374,0.4363882,1.0,1.0,1.0,-1.0,-0.8081984,1.0,-0.21427613,-1.0,0.47134238
5AR%GENOME078645_81,0.005051917,1.0,-0.7602765,1.0,-1.0,-0.9206739,0.16016486,-0.70261675,-0.7216995,0.15945944,0.7283296,1.0,-0.7388642,-0.9024636,-1.0,0.1104334,0.7755094,-0.579906,-0.2003841,0.6104686,0.16515876,0.12458924,0.24702962,-1.0,0.077205054,0.3771327,-0.58842117,-1.0,0.7141026
5AR%GENOME084343_2181,0.95013475,-0.45055303,-1.0,1.0,-1.0,-0.6343184,1.0,-1.0,-0.9532361,1.0,1.0,0.23583257,-1.0,-0.47299507,-0.015604828,1.0,0.94935834,-1.0,-1.0,-0.40683427,-0.6100186,0.19873185,-0.5536125,-1.0,1.0,-1.0,-0.5234577,-0.5102781,1.0
5AR%GENOME086572_2986,-1.0,0.22244464,-0.78075933,0.4180025,-1.0,0.5630157,-0.14952463,0.23286736,-0.20890073,0.044742778,1.0,0.452222,-0.7981396,-0.4183393,-1.0,-1.0,-0.11125508,-0.43192092,0.52554005,1.0,1.0,1.0,1.0,-1.0,-0.38891223,1.0,-1.0,-1.0,-0.6583915
5AR%GENOME107567_81,-0.45219058,0.4448144,0.2443749,-0.26108223,-0.6646223,-0.7425069,-0.9328117,0.34834614,0.99754435,-0.31483644,0.25160474,0.04465286,-1.0,-0.036581762,0.33264545,-0.587321,0.008745144,-0.38529164,0.025261018,-1.0,0.8149061,-0.17422855,0.20230037,-0.221364,-0.5600571,0.49380857,0.0054388735,-0.03292563,0.1963452
5AR%GENOME140582_2251,1.0,0.14082174,0.987716,0.12934394,0.36096594,-0.08602929,-0.47897112,0.02937683,0.1028461,1.0,-0.35093603,0.26857573,0.4009297,-0.47009894,0.49847254,0.08217429,0.42845827,-0.16560061,0.2595363,-0.1738935,-1.0,-1.0,-0.5498815,0.8537349,0.07066679,-1.0,-0.36158204,1.0,0.34888697
5AR%GENOME142018_414,0.1593344,1.0,-1.0,1.0,-1.0,-0.9512759,1.0,-1.0,-0.62814164,0.75234294,0.98083943,0.6358712,-1.0,-1.0,-1.0,-0.026046384,1.0,-1.0,-1.0,0.69211066,-0.53625226,0.6084546,0.9081571,-1.0,0.39443636,-0.19880159,-1.0,-0.5686824,0.71997565
5AR%GENOME170052_106,0.4183297,1.0,-0.18048431,-0.5591576,0.28890544,-0.5362157,-0.5114345,-0.32681614,0.27094504,-0.48645625,-0.74289864,0.62440246,-0.30395284,0.30988288,0.6993518,-0.027280588,0.026837487,-0.47459093,-0.11565633,-1.0,-0.079705335,-0.48955053,-0.047094017,0.5950258,-0.40415013,-0.8849525,-0.01703727,0.29604745,0.3830027
5AR%GENOME179594_130,-1.0,1.0,-0.64557374,0.3832387,-0.65865546,0.11477052,-1.0,0.31684226,0.9152381,0.5467508,1.0,1.0,-1.0,-0.75098765,-1.0,-1.0,0.29565418,-0.81199956,0.4942783,-0.62855583,1.0,0.46381906,1.0,-1.0,-1.0,0.36867592,-1.0,-1.0,0.87878585
5AR%GENOME179896_434,-1.0,-0.699641,-0.09908033,-0.97836745,-0.06986585,0.54346514,-1.0,0.599514,0.87590146,-0.39373192,0.9161561,-1.0,-0.07356277,-0.05672336,0.6495609,-1.0,-1.0,-0.062451,0.5154791,-1.0,1.0,-0.036699362,0.40579432,-0.5454598,-1.0,1.0,-0.03961723,-0.30216762,-0.5063198
5AR%HIU55603_1_DUF1295_domain-containing_protein__Candidatus_Gallibacteroides_avistercoris_,-1.0,1.0,-1.0,-0.57029027,-0.9476152,1.0,-0.72102123,0.8553995,0.6440616,-1.0,0.8033895,0.9004267,-0.5591418,0.8431501,-1.0,-1.0,-0.60877544,-0.10583472,1.0,1.0,1.0,1.0,1.0,-1.0,-1.0,1.0,-1.0,-1.0,-1.0
5AR%MBD5276024_1_DUF1295_domain-containing_protein__Bacteroides_sp__,0.26551875,0.029560717,0.154287,-0.1537712,0.0031976784,-1.0,0.1496101,0.26579532,0.4385011,1.0,0.86356455,-0.018937062,-0.27833864,-1.0,-0.57798034,-0.3734067,0.52877146,-0.88254035,-0.81057656,-0.28657985,-0.05701511,0.07652446,0.3871835,-0.38878697,0.24671544,-0.2006647,-1.0,0.52057153,-0.12527661
5AR%MBP3601379_1_DUF1295_domain-containing_protein__Alistipes_sp__,0.39867467,0.9632742,-0.8199045,0.71695536,-0.78636,-0.39320308,0.20907989,-0.33301902,-0.23132725,0.5653428,0.9256248,1.0,-1.0,-1.0,-1.0,0.01618342,1.0,-1.0,-0.51674086,0.46554726,0.5004454,0.6128359,0.95715576,-1.0,0.5216252,-0.686027,-1.0,-0.94134754,0.12896967
5AR%MBR4740186_1_DUF1295_domain-containing_protein__Bacteroidales_bacterium_,-0.042854898,0.35565728,-1.0,1.0,-1.0,-0.5446812,1.0,-1.0,-1.0,0.74627304,1.0,1.0,-1.0,-1.0,-1.0,0.55035436,0.87694514,-1.0,-1.0,0.5441319,-0.049617693,0.50692225,-0.04667492,-1.0,0.5958586,0.50911087,-1.0,-1.0,0.5686008
5AR%MCH5217706_1_DUF1295_domain-containing_protein__Muribaculaceae_bacterium_,0.6386455,0.588471,-1.0,1.0,-1.0,-0.9681124,1.0,-1.0,-1.0,0.89390683,1.0,1.0,-0.7468511,-1.0,-0.9108039,0.9833944,1.0,-1.0,-0.9266413,0.72999775,-0.2963143,0.12299946,-0.13817634,-1.0,0.8187183,-0.45054004,-0.9207005,-0.67862004,0.9227589
5AR%MCR5660240_1_DUF1295_domain-containing_protein__Bacteroidales_bacterium_,-1.0,0.70378286,0.22415848,-1.0,0.7972149,1.0,-0.91121787,1.0,1.0,-1.0,-0.52343905,-0.59804904,0.6606284,1.0,0.08595877,-1.0,-1.0,1.0,1.0,0.9963137,1.0,1.0,1.0,0.10508243,-1.0,1.0,-0.01908354,-0.9622668,-1.0
5AR%WP_005657188_1_DUF1295_domain-containing_protein__Bacteroides_stercoris_,-0.011690786,-0.7214504,-1.0,1.0,-0.63503146,-0.0031731217,0.99781346,-1.0,-1.0,-0.30264562,0.59761184,0.5540643,-0.35608065,0.11647654,-0.31146792,0.81276786,0.52541155,-0.6657105,-0.541599,0.23380359,-0.3321722,0.19450383,-0.48042494,-0.7976023,0.81517684,0.4864676,-0.61605704,-0.6783005,0.33106557
5AR%WP_300108487_1_DUF1295_domain-containing_protein__uncultured_Alistipes_sp__,0.7850585,1.0,-1.0,1.0,-1.0,-1.0,0.68119186,-1.0,-1.0,0.66204596,0.85698843,1.0,-0.53197443,-1.0,-1.0,0.8608424,1.0,-1.0,-0.5400681,0.54781497,-0.19958927,-0.04950239,0.13415816,-0.84087276,0.5947512,-0.6479868,-1.0,-1.0,1.0
5AR%WP_302729833_1_DUF1295_domain-containing_protein__Bacteroides_sp__ET489_,-0.011916905,0.9185835,0.62348676,-1.0,0.6430379,-0.5906289,-1.0,0.7524617,1.0,-0.19376092,-0.8567407,-0.14522527,0.6135116,-0.14725055,0.44773498,-1.0,-0.47543895,0.62326396,0.77127546,-0.551387,0.26363042,-0.10465506,0.07771259,0.98522705,-0.81693536,-0.096281014,0.19501051,0.6585721,-0.58503723
5AR%WP_346709278_1_DUF1295_domain-containing_protein__Phocaeicola_salanitronis_,-0.31230417,-1.0,0.6916448,-0.57523924,1.0,1.0,-0.31988594,0.9946803,0.032885995,-0.92119986,-1.0,-0.433411,1.0,1.0,0.9582633,0.28871137,-1.0,1.0,1.0,0.78518146,0.8983146,0.9338349,-0.058887236,0.91820806,-0.5407413,-0.07734097,1.0,0.01149467,-0.9427163
5AR%WP_418203978_1_DUF1295_domain-containing_protein__Bacteroides_sp__,-1.0,-0.691094,0.13905047,-0.35712817,0.48134068,0.67135656,0.27820468,0.28431424,0.84949625,0.006651038,-0.042249817,-0.477082,0.70414716,0.10134796,-0.46023208,-0.84183776,-0.123889536,-0.08323405,0.11000764,-0.8588445,-0.0067554973,-0.2263965,0.72267216,0.14633507,-0.34628335,-0.24334176,-0.35157478,-0.09190199,0.13539113
5BR%CAK7070565_1_MAG__NADPH_dehydrogenase__Parabacteroides_sp__,-0.46189004,0.96663773,-0.7693412,-0.104346976,-0.36005703,-0.36324576,0.015404325,-0.44546065,-0.4891758,-0.32540148,0.5121275,0.36145324,-0.47848085,-0.112140164,-0.34642246,0.08668175,0.1561085,-0.13592137,0.31321767,-0.05887176,0.6550298,0.4586567,0.36441386,-0.6279045,-0.14879176,0.21958563,-0.02529284,-1.0,0.54814386
5BR%GENOME006024_4796,-1.0,-0.17485246,0.037551865,0.60899806,-0.31983557,-0.1708708,1.0,-0.57249624,-0.23968095,0.5819198,0.74737585,-1.0,0.734532,-0.08768322,0.7633187,0.9806779,1.0,-1.0,-1.0,-1.0,-0.6378315,-0.34978187,1.0,0.63065505,0.70328915,-1.0,-1.0,-0.32207498,0.03139861
5BR%GENOME141824_1849,-1.0,-0.14738216,0.4156134,-0.120954044,-0.8402142,1.0,-0.04890823,1.0,0.82226163,-0.8183454,0.7013808,-0.31675243,-0.6179734,0.89925927,-0.08979758,-0.7493536,-0.5446259,-0.31486472,-0.24371941,-0.74547523,1.0,0.7627402,0.5887291,-0.87471735,-0.26366898,0.7684733,-0.44068247,-0.90873754,-1.0
5BR%HIX74022_1_NADH_flavin_oxidoreductase__Candidatus_Parabacteroides_intestinipullorum_,1.0,-1.0,0.9096446,0.27489007,0.9680265,-0.3228684,0.35945988,-0.26304206,-0.6579925,1.0,-1.0,-0.014029436,0.8789174,0.33411202,0.9310818,1.0,0.16300519,1.0,-0.21644086,0.6863694,-1.0,-1.0,-1.0,1.0,1.0,-1.0,1.0,1.0,0.79864776
5BR%MBO4402754_1_NADH_flavin_oxidoreductase__Bacteroidales_bacterium_,-0.40045083,0.18012765,0.8146165,-0.75855714,0.9989287,1.0,0.33176678,0.58625686,0.38264075,-0.34058473,-0.5761972,-0.7931374,1.0,0.97422034,1.0,-0.20243661,-0.88411546,0.45946106,-0.31153467,-1.0,-0.23658521,-0.31767124,-0.14465436,0.6826878,-0.83701885,-0.08718002,0.7689828,0.14400959,-0.39818132
5BR%MBO7234306_1_NADH_flavin_oxidoreductase__Paludibacteraceae_bacterium_,-1.0,0.84500325,-1.0,1.0,-1.0,-0.36920077,-0.013435004,-0.5230595,-0.57171524,-0.32389414,1.0,1.0,-1.0,-0.6064379,-0.95737725,-0.90804005,0.40015113,-0.933321,-0.17695574,0.1729982,1.0,1.0,1.0,-1.0,-0.6239525,0.63944626,-0.98358417,-1.0,0.06494023
5BR%MBO8446450_1_NADH_flavin_oxidoreductase__Candidatus_Enterocola_intestinipullorum_,-1.0,-0.46184584,0.20492844,-0.14046483,0.61195815,-0.12816559,0.6937662,-0.039993037,0.9512345,-0.08038349,-0.22643815,-0.94962764,0.48880732,-0.36751017,-0.6553591,-0.45731434,0.30788818,-0.15614302,-0.45322385,-0.95786047,-0.6251745,-0.24449266,0.81257945,-0.0525911,0.3042438,0.20558788,-0.43892232,0.11687426,0.10191129
5BR%MBQ8101082_1_NADH_flavin_oxidoreductase__Paludibacteraceae_bacterium_,0.4975714,0.73659605,0.15082756,-0.30440888,0.35695958,0.42736548,0.19173726,0.09031424,0.081521824,0.2958084,-0.69772124,-0.4463505,0.6343305,-0.08116317,0.38431054,-0.12942728,-0.12685317,0.079865485,-0.535476,-0.10147742,-0.8052982,-0.094807096,-0.4313772,0.41334265,-0.14536421,-0.085637406,0.14944622,0.6605014,-0.28830984
5BR%MCD8287651_1_NADH_flavin_oxidoreductase__Porphyromonadaceae_bacterium_,-0.050305907,0.5171734,0.25422564,-0.96734756,0.58860415,0.9254658,-0.5545415,0.110174775,0.20825818,-1.0,-1.0,-0.52060914,0.77495456,1.0,1.0,-0.37141463,-0.9122043,0.37616095,0.51943994,-0.9577512,-0.020257475,-0.95439583,-0.88267803,0.8106026,-1.0,0.5260782,0.3041272,0.19669774,0.030148242
5BR%MCF0197806_1_NADH_flavin_oxidoreductase__Bacteroidaceae_bacterium_,-0.7057423,0.32067838,1.0,-1.0,0.7009641,0.44502923,-0.7816109,1.0,1.0,-0.5046547,-0.54765004,-0.7739703,0.7182476,1.0,0.91494757,-0.48525572,-0.6298671,0.88904774,1.0,-0.7608601,0.90221167,-0.080077015,0.2971241,1.0,-0.86841387,-0.5471585,0.78619754,0.83375096,-0.57755613
5BR%MCH5231198_1_NADH_flavin_oxidoreductase__Muribaculaceae_bacterium_,1.0,1.0,0.80910015,0.671521,0.089478254,-0.35259253,-0.61752677,0.20718098,0.46879968,1.0,0.633993,0.67009467,-0.41121247,-1.0,0.10643263,-0.030738879,1.0,-1.0,-1.0,-1.0,-0.533489,-0.44309974,0.18894356,0.15397534,0.0049810614,-1.0,-1.0,1.0,0.5305888
5BR%MCQ2066925_1_NADH_flavin_oxidoreductase__Bacteroidaceae_bacterium_,1.0,-0.10837793,-0.7134035,0.49590588,-0.4052863,-0.020636322,0.8680049,-0.8606508,-0.73450214,0.94644374,0.4909826,-0.056430362,-0.22993349,0.081493184,0.36111334,1.0,0.5626109,-1.0,-1.0,-0.5946082,-1.0,-0.65911007,-1.0,-0.3637697,1.0,-1.0,-0.2064836,-0.19498174,1.0
5BR%MCQ2271787_1_NADH_flavin_oxidoreductase__Bacteroidales_bacterium_,0.38950568,-1.0,1.0,-0.7546056,1.0,0.19469334,-0.1657305,0.5690108,1.0,-0.29785195,-1.0,-1.0,1.0,0.8141849,1.0,0.4911708,-0.874919,1.0,0.76355577,-1.0,-1.0,-1.0,-0.8179265,1.0,0.12514678,-1.0,1.0,1.0,0.117861986
5BR%MDD5892138_1_NADH_flavin_oxidoreductase__Bacteroidales_bacterium_,0.3777048,0.556183,-0.58892184,0.04700894,-0.52857333,-0.9192809,0.7554941,-0.26135644,-0.86992264,0.32073575,0.53001654,0.13578925,0.12876955,-0.85367227,-0.83271974,0.6659859,0.8023166,-0.21188731,-0.031690028,1.0,0.46970084,1.0,0.60749185,-0.45272025,0.5859431,-0.56253165,-0.62902516,-0.5325041,0.3050661
5BR%MDD5962634_1_NADH_flavin_oxidoreductase__bacterium_,-0.666705,-1.0,0.3917837,0.25208142,0.2664347,0.47563154,-0.39933553,0.81592816,0.9065236,0.21872827,0.30302557,-0.4420991,-0.34231132,0.8199765,0.6013847,-0.19493356,-0.15985183,0.5041476,0.5373537,-0.23941131,0.86314774,1.0,0.90237796,0.10456316,0.3497623,-0.16374163,0.5157825,0.16638815,-1.0
5BR%MEI7492181_1_NADH_flavin_oxidoreductase__Bacteroidota_bacterium_,-0.66620487,-0.15770826,0.9584969,-1.0,1.0,1.0,-1.0,1.0,1.0,-1.0,-1.0,-0.031616177,1.0,1.0,1.0,-1.0,-1.0,1.0,1.0,-0.7624121,1.0,-0.48189622,-0.3094521,1.0,-1.0,1.0,0.22913282,-0.016092317,-1.0
5BR%MEZ3591839_1_NADH_flavin_oxidoreductase__Muribaculaceae_bacterium_,1.0,1.0,-1.0,1.0,-1.0,-1.0,0.9635798,-1.0,-1.0,1.0,1.0,1.0,-1.0,-1.0,-1.0,1.0,1.0,-1.0,-1.0,1.0,-1.0,-0.64754,-0.9289513,-1.0,1.0,-0.4392378,-0.8864039,-0.6364707,1.0
5BR%WP_008142631_1_NADH_flavin_oxidoreductase__Phocaeicola_coprophilus_,-0.51769817,-1.0,-0.388059,0.8439443,-0.31088734,0.05508497,1.0,-0.37699783,-0.3747198,0.089355424,0.41670942,-0.9653247,0.6583461,0.66054654,0.19972113,1.0,-0.38141838,0.2807021,-0.41960043,-0.227405,-0.6430119,-0.12686759,-1.0,0.10495061,1.0,-0.328743,1.0,-0.62160313,0.35325405
5BR%WP_182654491_1_NADH_flavin_oxidoreductase__Alistipes_indistinctus_,-0.29072985,0.09091147,1.0,-0.90065867,1.0,0.24061956,0.26262572,1.0,1.0,-0.44452313,-1.0,-1.0,0.71668845,-0.376303,0.39223325,0.0943185,-0.1450182,0.3909562,-1.0,-1.0,-0.68441254,-0.498238,0.72897756,1.0,-0.1545963,-0.68937385,0.35210508,1.0,-0.6993809
5BR%WP_250710077_1_NADH_flavin_oxidoreductase__Bacteroides_fragilis_,-1.0,-0.4249024,0.105240725,-0.52473056,-0.6475533,1.0,0.6182761,0.9178424,1.0,-0.4289194,1.0,-1.0,-0.62709826,0.19246697,-1.0,-1.0,-0.71969026,-0.43683538,-0.90858823,-0.931303,1.0,0.48752713,1.0,-1.0,-0.8563416,1.0,0.112597935,-1.0,-0.4608695
5BR%WP_259010233_1_NADH_flavin_oxidoreductase__Parabacteroides_distasonis_,-1.0,-0.1998368,-1.0,-0.21991308,-1.0,0.7859211,-0.30077255,-0.024727173,0.4493519,0.23839957,1.0,0.9073445,-1.0,-0.4476001,-1.0,-1.0,0.08680283,-1.0,0.1160059,-0.5811649,1.0,-0.15791662,0.82925415,-1.0,-0.8389353,1.0,-1.0,-1.0,0.72030354
5BR%WP_279088787_1_NADH_flavin_oxidoreductase__Alistipes_putredinis_,0.31831008,0.4303078,-0.73291975,0.49150774,-0.46227446,-0.8967814,0.7982143,-0.7309048,-0.87929773,0.464099,0.7816448,0.6589348,0.0039012607,-0.6468149,-0.6103881,0.8831592,0.647336,-0.80973285,-0.5666738,-0.09415685,-0.0049549923,0.10209298,-0.13725255,-0.51010424,0.59764034,-0.9123773,-0.46354145,-0.847367,0.72243786
5BR%WP_295936477_1_NADH_flavin_oxidoreductase__uncultured_Alistipes_sp__,0.44132787,1.0,-0.8329727,1.0,-1.0,-1.0,0.39284793,-0.9640322,-1.0,0.43734273,0.6464458,1.0,-0.87421674,-1.0,-1.0,0.3110085,1.0,-0.5668855,-0.26201466,1.0,-0.29454002,-0.1428662,-0.0016229213,-1.0,0.2903194,0.44532362,-0.931467,-1.0,0.8855411
5BR%WP_300285921_1_NADH_flavin_oxidoreductase__uncultured_Alistipes_sp__,-0.41525596,0.15275902,0.5483755,-0.6555143,0.60932106,1.0,-0.1711408,1.0,0.10447601,-0.565529,-0.78254956,0.42391443,0.5952753,0.85108304,-0.44951177,0.42704245,-0.33756253,1.0,1.0,1.0,1.0,0.96006006,0.58731043,0.5328668,-0.54989445,-0.35993755,0.58375275,-0.5336321,-0.43040386
5BR%WP_302380465_1_NADH_flavin_oxidoreductase__uncultured_Alistipes_sp__,-0.887654,1.0,-1.0,0.75232124,-1.0,-1.0,0.017615665,-0.6380369,-0.6322117,-0.1562038,1.0,0.62889904,-1.0,-0.27195957,-0.49066785,-0.35824555,0.67880726,-0.8072349,0.3408595,0.2924968,1.0,1.0,1.0,-1.0,-0.38709503,0.15634869,-0.39935103,-1.0,0.6630401
5BR%WP_394671717_1_NADH_flavin_oxidoreductase__Muribaculum_sp__,-0.07556799,-0.95023245,1.0,-0.44946444,1.0,-0.60206705,-0.35037863,0.6605872,1.0,0.8342668,-0.8225394,-0.69774336,1.0,-0.43016243,0.28450015,-0.59383756,-0.15847726,0.17371643,-0.71547663,-1.0,-1.0,-1.0,0.47329354,1.0,-0.38106245,-0.96819,1.0,1.0,-0.20145193
5BR%WP_418992344_1_NADH_flavin_oxidoreductase__Alistipes_sp__,0.3143774,1.0,-0.6716017,0.09225567,-0.3678668,-0.4479048,0.4225286,-0.69870013,-0.7094109,0.117175624,0.32937565,0.47240704,-0.26999924,-0.15132637,-0.18381433,0.8499096,0.50623643,-0.4197289,-0.27544528,-0.116504915,0.017873893,-0.15501067,-0.22472174,-0.4319693,0.14765684,-0.49208984,-0.20733768,-0.88014466,1.0
7aHSDH%EOW9602512_1_SDR_family_NAD(P)-dependent_oxidoreductase__Escherichia_coli_,-1.0,-0.14758453,1.0,-1.0,0.91120696,1.0,-1.0,1.0,1.0,-1.0,-1.0,-1.0,1.0,1.0,1.0,-1.0,-1.0,1.0,1.0,-0.11550215,1.0,1.0,0.32655,1.0,-1.0,1.0,1.0,-1.0,-1.0
7aHSDH%GENOME011662_3430,-0.19853058,-0.87278754,-0.041788243,0.5104245,-0.09501078,-0.005233128,0.6874742,-0.036452774,-0.1765858,0.5877107,0.8541226,-0.11185921,-0.04940529,-0.20643614,-0.27428135,0.23051345,0.3499428,-0.613686,-0.60236883,-0.0346158,0.10961188,0.56426257,0.28530413,-0.27786815,0.64389485,-0.8157055,-0.42362127,-0.015744615,-0.40104622
7aHSDH%GENOME067790_2714,-0.16412438,-1.0,0.28425473,-0.35271677,0.6171753,-0.19286892,0.369596,-0.07596585,-0.13840859,-0.7457231,-1.0,-0.22004479,0.74440026,0.1724291,-0.21220946,0.6226253,-0.70658374,1.0,0.008030784,0.4996939,-0.8054431,-0.43677709,-0.9292539,0.8166816,0.78939414,0.4833184,0.9960895,0.68509877,-0.5127589
7aHSDH%GENOME070302_884,0.4632432,-0.18929021,0.57990193,-0.15051176,0.4140648,-1.0,0.09821774,0.2796554,-0.39039496,-0.2827764,-0.33350518,0.04246494,0.73672384,-0.2226528,-0.32884932,0.8390675,0.15468611,0.6022134,0.263677,0.40719113,0.15209644,0.93039286,0.84193903,0.51384073,0.71044946,-0.97703636,0.51712704,0.7958466,-0.548612
7aHSDH%GENOME086444_1757,0.050253484,-0.1936662,-0.42072406,0.086582705,-0.45725614,-1.0,-0.061615724,-0.39207038,-0.3395206,0.36988977,0.7424205,0.59029335,-0.6812409,-0.66196966,-0.2581569,-0.24755122,0.4945314,-0.6188625,-0.15036704,-0.32578334,0.40942702,0.34569752,0.29468066,-0.3951005,0.14040014,0.36486295,-0.4624267,-0.2519552,-0.03139485
7aHSDH%GENOME103762_694,0.55303305,0.89335585,-0.14535683,-0.38461554,0.11915114,-0.34328714,0.5015259,-0.29474315,-0.6325603,0.4614338,0.005906698,-0.07735144,0.5341841,-0.35001546,-0.42278585,0.46386632,0.6901663,-0.32285914,-0.2667008,0.14945827,-0.4289683,-0.008772588,-0.021105483,0.017471401,0.34627467,-0.32574674,-0.28980324,0.19369777,0.722468
7aHSDH%GENOME150027_3593,0.25829488,0.38092107,1.0,-1.0,1.0,0.33517936,-1.0,0.97558105,1.0,-0.7613799,-1.0,0.045282632,1.0,0.6034658,1.0,-1.0,-1.0,1.0,0.25720215,-1.0,-0.56564605,-1.0,-0.7721434,1.0,-1.0,1.0,1.0,1.0,-0.30432633
7aHSDH%GENOME215422_1346,-1.0,-0.760327,1.0,-1.0,0.74820024,0.4534762,-1.0,1.0,1.0,-1.0,-1.0,-1.0,0.9804891,0.8852018,0.90163857,-1.0,-1.0,1.0,1.0,-1.0,0.8300254,-0.65628356,-0.0039007515,1.0,-1.0,1.0,1.0,0.83921736,-0.6645282
7aHSDH%HAY2965420_1_SDR_family_oxidoreductase__Escherichia_coli_,-1.0,-0.6459697,0.99289715,-1.0,0.8851928,1.0,-0.7965547,1.0,0.49267432,-1.0,-1.0,-1.0,1.0,1.0,1.0,-1.0,-1.0,1.0,1.0,0.21898934,1.0,1.0,0.36001435,1.0,-1.0,1.0,1.0,-1.0,-1.0
7aHSDH%HEX5818085_1_7-alpha-hydroxysteroid_dehydrogenase__Gemmatimonadales_bacterium_,-0.06691234,0.35940838,-0.7588772,0.5488446,-0.7279519,0.039681733,0.8069183,-0.5888971,-0.71801406,0.3886624,0.9710562,0.57647526,-0.47947264,-0.4897377,-0.71032137,0.15995945,0.64597917,-0.9778371,-0.4632995,0.32632852,0.2165391,0.49750754,0.7209285,-0.80432194,0.22858682,-0.7999165,-1.0,-0.6953433,0.5289228
7aHSDH%MBHC130__Clostridiales_bacterium_1_7_47FAA_,-0.002921303,0.12648563,0.39912578,-0.36461145,0.44101867,0.23349886,-1.0,0.38219437,0.55291975,-0.17334537,-0.35634828,0.12930723,0.19424938,0.37838262,0.22308725,-0.48898435,-0.50506324,0.6361815,0.6964748,-0.5028633,-0.13210423,-0.248977,-0.07376409,0.26140466,-0.2654502,0.41163406,0.5328457,0.64172655,-0.0012234686
7aHSDH%MCI7810995_1_SDR_family_oxidoreductase__Clostridiales_bacterium_,-0.3793055,-0.18220352,-0.5930827,-0.101701625,-0.09649034,-0.3770068,0.3125212,-0.21969154,0.3075519,0.27463418,0.19937034,-0.122037224,-0.20232405,-0.19652338,-0.3287106,-0.09637271,0.41371858,-0.67052877,-0.07435874,0.10142214,0.2554915,0.39494565,0.6975347,-0.2710391,-0.015654802,-0.9415007,-0.50085664,-0.12136057,0.5691061
7aHSDH%MEO8122524_1_7-alpha-hydroxysteroid_dehydrogenase__Burkholderiales_bacterium_,-1.0,0.6124942,1.0,-1.0,1.0,1.0,-1.0,1.0,0.94694126,-1.0,-1.0,-1.0,1.0,1.0,1.0,-1.0,-1.0,1.0,1.0,1.0,1.0,0.7958079,0.17842956,1.0,-1.0,1.0,1.0,-0.9505658,-1.0
7aHSDH%WP_003507641_1_7alpha-hydroxysteroid_dehydrogenase___Clostridium__symbiosum_,0.19803427,-0.6210581,1.0,0.3848509,1.0,-0.15917426,0.0036859862,0.79762304,-0.29924113,-0.63393784,-0.9493957,-0.0984248,0.106975704,0.6941289,-0.10562309,0.8391698,-0.3628713,1.0,0.7796477,1.0,1.0,1.0,0.7419872,0.7250431,0.03188004,-0.8968334,1.0,0.11071784,-1.0
7aHSDH%WP_025075670_1_7alpha-hydroxysteroid_dehydrogenase__Bacteroides_faecichinchillae_,-1.0,1.0,-1.0,0.42753193,-1.0,-0.36213458,-0.2861745,0.12887178,0.28286535,-0.11518443,1.0,0.74001247,-1.0,-1.0,-1.0,-1.0,0.6914293,-1.0,0.13940269,0.61934364,1.0,1.0,1.0,-1.0,-0.13148825,0.3048868,-1.0,-1.0,-0.26860783
7aHSDH%WP_071121323_1_7alpha-hydroxysteroid_dehydrogenase__Romboutsia_timonensis_,-0.88658947,-1.0,1.0,-1.0,1.0,1.0,-0.7299014,1.0,1.0,-0.26472756,-1.0,-1.0,1.0,1.0,1.0,-0.8973963,-1.0,1.0,0.13553084,-1.0,-0.37558222,-1.0,-1.0,1.0,-0.3616473,0.9168646,1.0,1.0,-1.0
7aHSDH%WP_262434703_1_7alpha-hydroxysteroid_dehydrogenase__Jilunia_laotingensis_,-0.17153709,0.67319673,0.99929076,-0.49670282,0.9391646,0.69901454,-0.621227,0.5979477,1.0,0.4696797,-0.8195367,-0.23721841,0.7453457,-0.10212266,-0.030830687,-1.0,-0.06094053,-0.0884659,0.09311849,-1.0,-0.5579262,-0.70499897,0.9871636,0.43030044,-1.0,-0.25084275,-0.11149568,1.0,-0.32692593
7aHSDH%WP_288686302_1_SDR_family_NAD(P)-dependent_oxidoreductase__partial__uncultured_Bacteroides_sp__,0.051502652,-0.96273184,-0.31963873,0.6266599,-0.3014898,-0.20178317,0.31602776,-0.25313768,-0.3161648,0.62195677,0.86305046,-0.5608088,-0.254336,-0.17550056,0.25920445,-0.3827537,-0.0020606439,-0.48462087,-0.57870406,-0.26096708,-0.081068374,0.83950055,0.23325434,-0.68397266,0.37760627,0.27086142,-0.09300714,0.08225534,-0.3810417
7aHSDH%WP_303013929_1_7alpha-hydroxysteroid_dehydrogenase__uncultured_Bacteroides_sp__,0.030662755,-0.05022902,-0.21126425,0.36920884,-0.23872955,-0.25256702,-0.26792562,0.27435556,0.26055947,0.079412475,0.6896456,-0.65813714,-1.0,-0.018325865,0.7058532,-0.9408634,-0.14963724,-0.6454291,-0.2989089,-0.2954032,0.993937,1.0,1.0,-0.6976931,-0.31463116,-0.53509843,-0.1939243,-0.12547573,-0.71313983
7bHSDH%GENOME075272_507,0.75749004,0.6912618,0.52458584,-0.57454044,0.6028737,0.16657597,-0.7757518,0.656281,1.0,-0.19976665,-1.0,-0.4348618,0.09080397,0.5034228,1.0,-0.20823807,-0.57188433,0.28280511,0.06668818,-0.85869265,-0.011511664,-0.046910647,0.32829,1.0,-0.68421525,-1.0,0.8842028,0.7275648,0.057965755
7bHSDH%WP_394860677_1_7beta-hydroxysteroid_dehydrogenase__Mediterraneibacter_gnavus_,-0.50182414,-0.9337916,0.79575455,-0.8131396,0.654712,-0.27739,-0.09576595,0.7011582,0.4024892,-1.0,-0.970053,-0.07262751,0.40964818,0.4192824,0.013652454,0.22742814,-0.9589252,1.0,0.33821344,-0.0913962,0.52516425,0.78947,0.37832543,0.71163833,0.030112347,0.18744412,0.95122474,0.6407854,-1.0
BSH1%UPI0001652BA3,0.90263706,0.6157639,-0.6159515,0.4344548,0.25178498,-0.40194824,0.1569939,-0.31429312,-0.468207,0.7976885,0.11873877,0.55820715,0.16336723,-0.78776693,-0.7019018,0.45028114,0.9048691,-0.5923501,-0.3120085,0.9090989,-0.084174484,0.5539887,0.42401615,-0.51402026,0.06869551,-0.98259485,-0.8758699,0.09477201,0.70624095
BSH1%UPI0001B1C28E,-1.0,-1.0,-0.1432649,-0.61661166,0.28584298,1.0,-0.5752339,1.0,1.0,-1.0,1.0,-0.77541035,-0.47644064,1.0,0.00066057855,-1.0,-1.0,1.0,1.0,0.5049122,1.0,1.0,1.0,-1.0,-1.0,0.67771274,0.6089884,-1.0,-1.0
BSH1%UPI0001DE6025,-0.8069774,0.53001827,0.8582219,-1.0,1.0,0.92170626,-1.0,1.0,1.0,-0.8208741,-0.8359427,0.058510423,0.92829996,0.3301482,0.92937464,-1.0,-1.0,1.0,1.0,-0.9399075,0.93453056,-0.21870023,0.67318,1.0,-1.0,1.0,0.2506112,0.52911013,-1.0
BSH1%UPI0002624191,0.4981071,0.33739343,-0.7321481,1.0,-0.85058796,-0.9056073,0.1241129,-0.97382647,-0.90524644,0.20478463,0.45833328,0.65828365,-1.0,-0.6376153,-0.012510023,-0.1537139,0.44547224,-0.62302476,-0.42410728,0.29483977,-0.31006646,0.45199636,0.1721026,-0.6191446,0.32820067,0.35398847,-0.423643,-0.17715675,-0.023611374
BSH1%UPI0002CB0E7D,0.6602919,-0.45906147,-0.31036323,0.74152434,-0.17862509,-0.8035365,0.2572262,-0.43543243,-0.7262796,0.32448184,0.3678065,-0.3968074,-0.5612753,-0.2742262,0.1957978,0.31095186,0.38649917,-0.33462325,-0.27401555,0.36246532,-0.030723697,1.0,0.27279294,-0.40398452,0.82956856,-0.58075994,0.045666747,0.20085484,-0.257184
BSH1%UPI00033F0DE9,0.231431,-0.75447327,-0.8504479,1.0,-0.68002135,-0.10703529,1.0,-0.9894147,-1.0,0.46223938,0.52436745,0.3562702,-0.40979072,-0.09837741,-0.36712602,0.88143,0.8653137,-0.785491,-0.39789167,0.6727642,-0.66650224,0.018200122,-0.22643743,-0.5383251,1.0,-0.28801084,-0.68163294,-0.6167538,0.5405473
BSH1%UPI0003A10C39,0.059608422,1.0,-1.0,1.0,-1.0,-1.0,-0.2764386,-0.84913653,-0.63168323,0.41028965,1.0,1.0,-1.0,-1.0,-1.0,-0.2250978,1.0,-1.0,-0.0055688974,0.8442736,1.0,1.0,1.0,-1.0,-0.13116652,-0.44017774,-1.0,-1.0,0.94018906
BSH1%UPI00044AC395,-1.0,-0.07567334,0.17540321,0.08678339,-0.30173194,0.29008752,0.78447604,0.14408231,0.07609304,0.36491868,1.0,-0.35569453,-0.93112123,-0.5714692,-1.0,-0.14570804,0.295748,-0.19313328,-0.89774317,0.34819,0.647723,0.5444599,1.0,-1.0,-0.41234416,0.8970867,0.14163867,-0.49294388,0.17274247
BSH1%UPI0004BCDDD9,-0.46554562,1.0,0.71925044,0.11996692,0.13062447,-0.216738,0.1445031,0.046771314,0.67619044,0.33701473,0.08191659,0.3469366,-0.46728402,-0.96657985,-1.0,-0.017946284,0.6565141,-0.6923708,-1.0,-0.36155757,-0.71114373,-1.0,0.59421945,-0.4700905,-0.2670787,-0.1044704,-0.4769382,0.75547576,0.57037586
BSH1%UPI0004D69CD5,1.0,-0.21505877,0.21105725,0.9489577,0.21535872,-0.5792687,0.014164346,-0.3740211,-0.22231515,0.7986543,0.015788684,0.24198227,-0.43800002,-0.43234363,0.44887924,0.5486183,0.51309747,-0.8786503,-1.0,-0.7709177,-0.82383144,0.22972445,-0.1770943,0.14355966,1.0,-1.0,-0.21161506,1.0,-0.41280997
BSH1%UPI0004D6A0E9,1.0,1.0,0.42611822,-0.19854477,0.5114552,-0.65295714,0.12947181,-0.2356615,-0.24201621,1.0,-0.26015756,-0.07912701,0.18600957,-0.94288373,0.18156138,0.7917953,1.0,-0.9649442,-1.0,-0.23099416,-1.0,-0.06947548,0.29243702,-0.14749067,0.21024849,-1.0,-0.67446667,1.0,1.0
BSH1%UPI0004F8D610,-0.35554147,1.0,-0.8202244,-0.22136912,-0.86760193,-0.57834023,-0.45755297,-0.20785645,0.074280895,-0.37928832,0.81858736,-0.04927416,-1.0,-0.15251191,0.35924783,-1.0,0.08517182,-0.84567744,0.12203144,-0.3461153,1.0,1.0,1.0,-1.0,-0.883925,0.065305725,-0.5970379,-1.0,0.17675206
BSH1%UPI0005DBBD01,-0.46546307,-1.0,0.76967067,-0.94815737,0.5320573,1.0,0.44046378,0.8116792,1.0,0.14931864,-0.5325149,-0.70022947,1.0,0.9535279,0.74333346,0.13853753,-0.38588187,0.21366775,-0.021401353,-0.64521646,-0.24397476,-0.8053092,-0.26242658,1.0,0.39526966,-0.48342043,0.13009888,0.657371,-1.0
BSH1%UPI00070D1B8F,-1.0,-0.2587536,-0.8586785,-0.010531807,-0.86806726,1.0,0.04703547,0.14301345,-0.053360723,-1.0,0.766502,0.22335269,-0.4521948,0.71007156,-0.6422785,-0.9860357,-0.4369694,-0.10013968,0.7848805,0.32387698,1.0,0.5588692,0.7846557,-1.0,-0.70676327,1.0,-1.0,-1.0,-0.4818236
BSH1%UPI00073AFD00,1.0,0.55268604,-0.3759279,1.0,-1.0,-1.0,0.4987564,-1.0,-1.0,1.0,0.8443301,1.0,-0.87153834,-1.0,-0.24640982,1.0,1.0,-1.0,-0.9389178,0.39202794,-1.0,-0.6971135,-0.46227634,-0.5681182,1.0,-1.0,-0.26823467,0.8617079,1.0
BSH1%UPI00076E9CCB,1.0,-0.50383806,-0.15986173,1.0,-0.17270625,-0.810246,0.79519176,-1.0,-1.0,1.0,0.34535122,0.28050688,0.102998875,-0.79103845,-0.18613584,1.0,1.0,-0.8870613,-1.0,-0.01555965,-1.0,-0.55804044,-0.73775494,-0.30576387,1.0,-1.0,-0.51873624,0.8186147,0.9439063
BSH1%UPI0007933BD5,1.0,0.9996959,1.0,-0.08325548,0.4110207,-0.68317866,-1.0,0.21669626,0.80872506,1.0,-1.0,-0.11985071,-0.9746757,-0.43481946,1.0,0.106435165,0.40926203,-0.6003084,-1.0,-0.9443157,-1.0,-0.942658,-0.24813525,0.6613747,-0.010541692,-1.0,0.13633838,1.0,0.24976717
BSH1%UPI000801FF16,-0.71427363,0.42973498,0.1129135,0.16700743,-0.002098884,-0.6837156,0.13071035,-0.050813064,0.93672514,0.7662471,0.5036177,-0.26963484,-0.059490193,-1.0,-1.0,-0.57988435,0.84458464,-1.0,-0.81637144,-0.7724627,-0.48790073,-0.5653021,1.0,-0.52666026,-0.13352136,-0.4641307,-0.91141945,0.36377215,0.86048704
BSH1%UPI00093BFB8C,0.24045242,-0.63588554,0.10899756,0.430994,0.3017216,0.6969542,0.7916827,-0.38582805,-1.0,-1.0,-1.0,-0.091045685,0.508708,1.0,0.28783864,1.0,-0.2755724,1.0,0.23257412,0.71514255,-0.23936865,0.09320693,-1.0,0.5316248,0.48538104,0.40319195,0.821308,-0.21952714,-0.22184177
BSH1%UPI00095B1DAC,-0.22056049,0.10939747,0.01975983,1.0,-0.7011141,-1.0,1.0,-0.6107065,-0.27326107,1.0,1.0,0.0169045,-1.0,-1.0,-1.0,0.7279095,1.0,-1.0,-1.0,0.1737126,-0.20545357,0.59590816,1.0,-1.0,0.6977506,-0.55896664,-0.79796004,0.11509648,0.9872561
BSH1%UPI00095C7CBB,1.0,1.0,1.0,0.101818755,0.1856973,-0.7981098,-1.0,0.73482937,1.0,0.056190494,-0.46779904,0.5906004,-0.5689441,-1.0,-0.18334231,-1.0,0.45880768,-0.5109219,0.3848442,-0.69741976,0.016821923,-0.13844326,0.949449,0.34763327,-0.9509342,-0.58756894,-1.0,1.0,-0.17565425
BSH1%UPI000A00C8F6,-1.0,-0.17417672,-0.3177079,-0.6773516,0.2458382,1.0,-0.17133611,0.54721105,0.21490586,-0.8742838,0.25045845,-0.7387998,0.44607818,1.0,0.38415048,-1.0,-1.0,0.55847085,1.0,-0.10927067,1.0,1.0,0.9295735,-0.3198263,-0.7201056,1.0,0.43222538,-0.97763157,-1.0
BSH1%UPI000BCCCB22,0.3313503,1.0,0.7935144,-1.0,0.8044774,-0.31419224,-1.0,0.41153684,0.79858965,0.04584692,-0.682889,0.07174858,0.35157737,0.2642743,0.32144797,-0.39521748,-0.14814094,0.7182241,1.0,-0.634718,0.058593847,-0.79819447,-0.09989054,0.91334665,-0.69364595,-0.25815177,0.35141167,0.90469915,0.24068414
BSH1%UPI000BD3EFD5,-0.33808583,-0.95945066,1.0,-1.0,1.0,1.0,-0.7623753,1.0,0.70029706,-1.0,-1.0,-1.0,1.0,1.0,1.0,0.09503275,-1.0,1.0,1.0,-0.066907264,0.9145698,-0.5932714,-0.6760796,1.0,-1.0,0.23164159,1.0,0.76866853,-0.97230834
BSH2%UPI0001599717,1.0,-0.19603445,0.18590006,-0.73093426,0.76529074,-1.0,1.0,-0.9084648,-0.65369534,0.033223893,-1.0,-0.34848306,1.0,-0.042497095,0.4417591,1.0,-0.12957908,0.5639202,-0.97209185,0.20901501,-1.0,-1.0,-1.0,1.0,1.0,-0.37189582,1.0,1.0,0.22190493
BSH2%UPI0001971EB2,-0.05910328,0.19812517,0.10188569,0.05166158,-0.16552317,-0.17684738,-0.32051224,0.13972944,0.25288346,0.10073244,0.5672499,0.47125956,-0.6940515,-0.6955074,-0.61309236,-0.55254495,0.12772925,-0.49858144,-0.43965563,-0.8139243,0.37062135,-0.018109838,-0.021521289,-0.3311539,0.06642694,0.1884143,-0.5176791,-0.15381454,-0.06980759
BSH2%UPI0001C1C05D,0.010850994,-0.09102357,1.0,-1.0,1.0,1.0,-0.21035032,1.0,0.82095903,-1.0,-1.0,-1.0,1.0,1.0,1.0,0.54884976,-1.0,1.0,1.0,0.31329334,-0.55609953,-0.49330947,-0.7046225,1.0,-0.7277877,1.0,1.0,0.99560535,-1.0
BSH2%UPI0001CF4F1D,-0.17496756,-0.9560922,-0.4391583,-0.5980885,0.47075233,0.91937095,0.8559011,0.05632954,-0.4685335,-0.18156561,0.38630104,-0.74864304,0.17998625,0.86138636,0.51802206,0.47649142,-0.17575744,0.17035209,0.19669683,0.8432444,0.82384485,1.0,0.9285251,-0.13815111,-0.049296107,-1.0,0.122944,-0.17468116,-0.3130524
BSH2%UPI000335FD2D,0.43380383,1.0,-0.2739942,0.5481635,-0.19691275,-0.35573348,-0.20191132,-0.12676911,-0.3112422,0.10166592,-0.057734072,0.5992024,-0.2764915,-0.3874307,-0.42948335,-0.12807631,0.57081085,-0.08801065,0.3047926,1.0,0.16089417,0.64029455,0.9927729,-0.24066542,-0.21252759,-0.61594135,-0.3313833,-0.46221036,0.24873458
BSH2%UPI00033F049A,0.6374876,-0.6698022,-1.0,1.0,-0.9432829,-1.0,0.6071449,-1.0,-0.6949045,1.0,1.0,1.0,-1.0,-1.0,-1.0,0.69875956,1.0,-1.0,-1.0,0.28962016,-1.0,-0.34570134,-0.95874715,-0.926535,1.0,-0.01922105,-0.562793,-0.12346587,1.0
BSH2%UPI00038B932A,0.5623602,-0.04450667,0.849449,-0.27928755,0.6953676,-0.12777717,-1.0,0.5138497,0.32544294,-0.3301432,-0.5192386,0.04080146,0.75051,0.6964784,0.9512956,-0.17838216,-0.45815375,0.50284237,1.0,-0.8317286,0.20139638,-0.21112204,-0.2065172,1.0,-0.080429375,-0.16680726,0.41619295,0.7592053,-0.539738
BSH2%UPI000396CDDF,1.0,0.25930437,-0.89080894,0.7397805,-0.21561326,-1.0,0.13612635,-1.0,-0.31773815,1.0,-0.10780506,1.0,-0.45246905,-1.0,-1.0,1.0,1.0,-1.0,-1.0,-0.016551677,-1.0,-1.0,-1.0,-0.42765293,1.0,-1.0,-0.66024274,1.0,1.0
BSH2%UPI00050FFCF5,-0.4577222,-0.2374309,-0.20546958,-0.63130456,-0.16802815,-0.016147442,-0.29561743,0.19384912,0.3182349,-0.47582424,-0.33933565,-0.94174856,0.4518752,-0.0822041,0.34812215,-0.5629395,-0.9610303,0.5593494,0.11864269,-0.44991308,-0.11298654,-0.21167643,-0.90272176,0.301431,-0.20694296,0.9754535,0.8641536,-0.06370664,-0.101790056
BSH2%UPI0005DCCFF2,1.0,0.5660762,-1.0,1.0,-1.0,-1.0,1.0,-1.0,-1.0,1.0,1.0,1.0,-1.0,-1.0,-1.0,1.0,1.0,-1.0,-1.0,1.0,-1.0,-0.45867676,-0.7820314,-1.0,1.0,-0.18390165,-1.0,-0.95177245,1.0
BSH2%UPI0006649122,-1.0,-0.13905054,0.7968838,-0.34205115,-0.00474033,0.1490494,-0.8965582,1.0,1.0,-0.8679214,-0.05746147,-0.9427539,0.002391935,0.19683398,0.22536604,-1.0,-0.9982334,0.8367047,0.35750198,-0.72771245,1.0,1.0,1.0,-0.12842375,-1.0,0.9704006,0.7570445,-0.38256517,-1.0
BSH2%UPI0006C0EB58,1.0,0.056668565,-0.30758068,1.0,-0.96044886,-1.0,0.5719896,-1.0,-0.39475566,1.0,0.30543417,0.75229627,-1.0,-0.8612407,-0.28385538,1.0,1.0,-1.0,-1.0,0.66073173,-1.0,-0.8888996,-0.15487425,-0.8376732,1.0,-0.4974231,-0.36979398,0.9573778,1.0
BSH2%UPI0006C1ADDE,-0.83304214,0.8347436,-1.0,1.0,-1.0,0.2435328,-0.14551514,-0.9854296,-1.0,0.2391558,1.0,1.0,-1.0,-0.49386168,-1.0,-0.58462685,0.41613334,-1.0,0.4807152,1.0,1.0,0.65267193,0.988236,-1.0,-0.36103484,0.48465455,-1.0,-1.0,0.46601206
BSH2%UPI0006C28698,0.8329485,-0.3141437,-0.9212731,1.0,-1.0,-1.0,0.9164992,-1.0,-1.0,0.5359131,0.7117477,0.89106905,-1.0,-1.0,-1.0,1.0,1.0,-0.8169599,-1.0,1.0,-1.0,-0.9804331,-1.0,-1.0,1.0,0.3271898,-0.75497055,-0.33932444,1.0
BSH2%UPI0006C52F45,-1.0,-0.37969851,1.0,-1.0,1.0,0.5679681,-1.0,1.0,1.0,-1.0,-1.0,-1.0,1.0,1.0,1.0,-1.0,-1.0,1.0,1.0,-1.0,1.0,-0.13615932,0.14258268,1.0,-1.0,1.0,1.0,1.0,-1.0
BSH2%UPI0006C5C844,-1.0,-0.9237569,1.0,-1.0,0.7405317,0.68205696,-1.0,1.0,1.0,-1.0,-0.6767609,-1.0,0.7433547,0.9756162,1.0,-1.0,-1.0,1.0,0.6079535,-1.0,1.0,0.30525735,-0.2015053,0.91811633,-1.0,0.625758,1.0,0.6394401,-0.94152313
BSH2%UPI0006CAB5AD,-1.0,-1.0,-0.04899428,-1.0,0.39468879,0.8738616,-0.7291549,0.8003457,0.9998712,-0.75359017,0.17143352,-0.08920179,-0.5581147,0.18074226,-0.48130968,-0.7884159,-0.69304955,0.7677406,1.0,0.16091163,1.0,-0.15136617,0.35741585,-0.000658031,-0.15433462,1.0,-0.57327086,-0.30741537,-1.0
BSH2%UPI0006CABDF6,1.0,-0.85232824,0.6814939,-0.2874314,0.9634736,-0.53758115,0.6507867,-0.53794265,0.22712965,1.0,-0.8054786,-0.12394144,-0.15367879,0.034341056,0.20875004,1.0,0.8482347,-0.25400895,-0.9838888,-0.4249496,-1.0,-1.0,-1.0,0.9012798,1.0,-1.0,0.5035665,1.0,0.94290555
BSH2%UPI0006CABE2C,-0.6933677,-1.0,1.0,-0.8458938,0.9431194,1.0,-0.25378764,0.77811366,0.4565857,-1.0,-1.0,-1.0,1.0,1.0,1.0,-0.116299026,-1.0,1.0,1.0,-0.092802145,-0.79928017,-1.0,-1.0,1.0,0.19353713,1.0,1.0,0.5420778,-1.0
BSH2%UPI000820857A,-1.0,-1.0,0.34858206,-0.6444647,0.26019323,1.0,0.2609209,0.57946855,0.71620834,-0.68301684,-0.077797584,-1.0,0.12064112,1.0,1.0,-0.25308275,-0.9528929,0.60044783,0.08815597,-0.6563488,0.46837026,-0.23191978,-0.16881227,0.073222674,-0.54872435,0.7017865,0.55784774,-0.602857,-0.4733866
BSH2%UPI000820F666,1.0,-0.7634804,-0.21188948,0.11333645,-0.102570415,-0.20922628,1.0,-0.79397976,-1.0,0.034856673,-0.62371856,-0.51004785,0.38433507,0.5693054,0.39008018,1.0,0.5800203,-0.062233165,-0.09241995,0.90527534,-1.0,0.0982742,-0.18750605,0.07346783,1.0,-1.0,0.1437121,0.6766645,0.5657871
BSH2%UPI000821232B,-0.5599242,-1.0,1.0,-1.0,1.0,1.0,-1.0,1.0,1.0,-0.32981396,-0.7374572,-1.0,1.0,1.0,1.0,-0.9893422,-1.0,0.9148336,0.71372265,-1.0,0.53666526,-0.24498382,-0.17424889,1.0,-0.56222934,0.13863231,1.0,1.0,-1.0
BSH2%UPI000821B9AC,-1.0,-0.8200129,0.7660376,-0.4369083,0.12087838,0.88354933,-0.97161704,1.0,1.0,-1.0,-0.40529504,-0.7764145,0.8330858,0.34741065,0.12755872,-1.0,-1.0,0.82901406,0.13420138,-1.0,0.2086429,-0.75229573,-0.7082495,0.4892268,-1.0,1.0,0.8413867,0.07226129,-1.0
BSH2%UPI00082257EE,1.0,-0.4513949,-0.20173433,-0.39447623,0.9783518,-1.0,-0.04629299,-0.9461819,0.0013003483,0.7937826,-0.78893876,0.8822586,0.10721099,-1.0,-0.8848163,1.0,0.5688886,-0.44439673,-1.0,0.21845248,-1.0,-1.0,-1.0,0.20576704,1.0,-0.47988573,-0.34396878,1.0,1.0
BSH2%UPI000822F9A5,-0.18331012,-0.107475884,-0.57878107,0.48863116,-1.0,0.25946796,0.5812589,-0.34233633,-0.18092778,-0.020787299,0.24145298,-0.027678924,-0.80034083,-0.10985785,-0.15830253,0.053587366,0.00878712,-0.27527624,-0.53759176,0.44813782,-0.44762567,-0.274761,-0.29129618,-0.69507885,0.25287616,0.9082798,-0.20917106,-0.59092253,0.20418511
BSH2%UPI00082332C0,-0.1748159,0.7787043,0.31327224,-0.33624095,0.4477144,-0.059178255,-0.6147745,0.15177797,0.20145585,-0.031016836,0.099237695,0.82831943,0.35875955,0.012685904,0.112964995,-0.51890415,0.2987874,-0.16669463,0.86788917,-0.25996947,0.48508906,-0.11092174,0.9996359,0.3474923,-0.8974922,-0.6036381,-0.6564764,0.052852124,0.3426196
BSH2%UPI000965B48B,0.6322421,-0.57603717,-1.0,0.44075945,-0.7985024,-1.0,0.33400255,-1.0,-0.5513218,0.034301292,-0.25467905,0.1491939,-1.0,-0.5614861,-0.28679568,0.8860994,0.829529,-0.35223633,0.3712246,1.0,-0.49746326,0.24285747,0.4109387,-0.28165087,1.0,-0.25581446,-0.62886214,0.08803247,0.59475076
BSH2%UPI00096829BD,0.6963797,-0.5694498,0.1518234,0.042658158,0.18080476,-0.25008523,0.06234278,0.12297009,0.23359993,1.0,-0.18334106,-0.33625022,0.78429174,-0.55285996,-0.30417967,0.45487636,0.36407182,-0.29148507,-0.09116875,0.08042913,-0.78755623,-0.88778776,-0.2957779,0.41986158,0.72006524,-0.21947749,-0.17128016,0.74831694,0.12401772
BSH2%UPI0009698BA7,0.34510344,-0.07099434,0.410849,-0.45579123,0.017730538,-1.0,-0.43291172,0.06252998,0.06794373,-0.051816512,-0.33835348,-0.02919385,0.40281105,-0.44090188,0.09143225,0.3186631,0.16308402,0.55403525,0.76684576,0.5129396,-0.45925874,-0.7702671,0.09822693,0.396406,-0.0057860115,0.20334081,0.42703643,0.6054451,0.8371808
BSH2%UPI000B3674FC,1.0,1.0,-1.0,1.0,-1.0,-1.0,0.0034058518,-1.0,-0.9454254,1.0,1.0,1.0,-1.0,-1.0,-1.0,0.4395963,1.0,-1.0,-0.50919837,1.0,-0.15631437,0.050826438,0.2847479,-1.0,0.89074606,-1.0,-1.0,-0.9776613,1.0
BSH2%UPI000D6581CE,-0.09200514,-0.49405953,0.07774943,0.30133095,-0.19454153,0.4468573,0.61920273,0.13722983,-0.07883914,0.09064027,0.6428612,0.10590955,0.0048704864,0.2719733,-0.21419945,0.13399743,0.22029322,-0.5752302,-0.99349475,-0.62447155,0.47665182,0.6524343,0.30922765,-0.54821175,0.4521548,0.65001625,-0.49715284,-0.30165052,-1.0
BSH2%UPI000D7AF0AB,0.54118866,1.0,-1.0,1.0,-1.0,-0.28520796,0.83192706,-1.0,-1.0,0.85033244,0.995582,1.0,-0.9246629,-1.0,-1.0,0.36658132,1.0,-1.0,-0.48467416,1.0,-0.26697353,-0.07958851,0.33724743,-1.0,0.4539614,-0.32668975,-1.0,-1.0,1.0
BSH2%UPI000E40484B,1.0,1.0,-1.0,1.0,-1.0,-1.0,-0.4587679,-1.0,0.022160955,1.0,1.0,1.0,-0.54416597,-1.0,-0.7757059,-0.030041724,1.0,-1.0,-1.0,-1.0,-1.0,-1.0,-0.6554811,-0.56883633,0.57057774,-0.62740445,-1.0,1.0,1.0
BSH2%UPI000E42566B,1.0,1.0,-0.77446216,1.0,-1.0,-1.0,1.0,-1.0,-1.0,1.0,1.0,1.0,-1.0,-1.0,-1.0,1.0,1.0,-1.0,-1.0,1.0,-0.4043497,1.0,1.0,-1.0,1.0,-1.0,-0.44021377,-0.17222822,1.0
BSH2%UPI000E4418E2,0.76719606,-1.0,-0.39568415,0.12924069,0.36968952,0.20774007,0.34452796,-0.9130164,-0.607995,0.46316355,-0.33330485,0.08025935,-0.08947975,-0.0039337166,-0.65603095,1.0,0.09109083,0.67170566,0.21006544,0.94662863,-1.0,-1.0,-1.0,0.016053306,1.0,0.3278328,0.43925384,0.6659965,0.88382107
BSH2%UPI000E4BF981,-0.60961723,0.5539849,-0.31338084,0.5499585,-0.15834108,0.63325703,0.90188086,0.07622214,-0.56286895,-0.6282925,0.5540462,-0.28994516,-0.27838632,0.19658537,-0.25060445,0.22793213,0.08310888,-0.2912962,-0.24261257,0.92747396,0.6458189,1.0,0.6421679,-0.72656214,0.51310486,0.24406126,-0.836281,-1.0,-1.0
BSH2%UPI000E53BC4B,-0.48167348,0.10404001,-0.6877245,0.64034206,-0.53293854,-0.079848856,0.4152212,-0.4311922,-0.70271444,0.15330572,0.8703687,0.51917297,-0.43011582,-0.287125,-0.7835442,-0.351337,0.25790864,-0.04745206,-0.08182827,0.72242737,0.57748955,1.0,0.38606295,-1.0,-0.25360003,0.13708866,-0.3368298,-0.86771196,-0.061039694
BSH2%UPI000E7D8CB5,0.9039845,0.06280323,-0.880145,0.85530424,-0.65278286,-1.0,0.663604,-0.92930716,-0.6249816,0.94010305,0.25646693,0.8516797,-0.66776586,-1.0,-0.7660581,0.62833977,1.0,-0.8656045,-0.311686,1.0,-0.82862854,-0.11988394,0.29456317,-0.42662358,0.7513746,-1.0,-0.90202427,0.0051717157,1.0
BSH2%UPI000EC98B2C,-0.7022029,0.047182336,-0.79469633,0.22025971,-0.5566268,0.12851898,0.5866741,-0.61953586,-0.9180879,-0.8135705,0.5526235,0.22052422,-0.5436585,0.4451101,-0.07808073,-0.076820314,-0.18072535,0.17253251,0.5810084,0.63503546,0.8344993,0.8321159,0.15417974,-0.5524411,-0.1836819,0.37694895,0.1293611,-1.0,-0.080613114
BSH2%UPI000ECC9F84,0.21904239,0.74721205,-0.57443905,0.7182446,-1.0,-0.8382118,-0.055018514,0.020678872,0.1714763,0.5456855,0.74995315,0.75386184,-1.0,-1.0,-1.0,-0.24921219,0.80261934,-1.0,-0.043132942,0.7920035,0.71693707,0.78159887,1.0,-0.7433007,0.18963617,-0.94232225,-1.0,-0.7036269,0.39649904
BSH3%UPI000156F498,-0.22703388,0.5586572,-0.37836286,-0.056502156,-0.13976327,-0.22199276,0.2295658,-0.39923385,-0.47577545,0.10684862,0.22783786,0.5532974,-0.03684614,-0.10074464,-0.059784096,0.13299133,0.36492294,-0.03196103,0.1786774,0.39099225,0.0338082,0.038241297,0.3617257,-0.20388679,-0.25645146,0.23611592,-0.17346975,-0.46196225,0.49550357
BSH3%UPI00016547A5,0.90942305,1.0,-1.0,1.0,-1.0,-1.0,0.16189456,-1.0,-1.0,0.57108355,0.89828086,1.0,-1.0,-1.0,-1.0,0.7463878,1.0,-1.0,-0.33240655,1.0,-0.13897991,-0.12629133,0.08293016,-1.0,0.47893023,0.028798701,-1.0,-1.0,1.0
BSH3%UPI00017EF3F1,0.1489413,-1.0,1.0,-1.0,1.0,1.0,-1.0,1.0,1.0,-1.0,-1.0,-1.0,1.0,1.0,1.0,-1.0,-1.0,1.0,1.0,-1.0,1.0,-0.09712632,-1.0,1.0,-1.0,0.23102385,1.0,0.92329973,-1.0
BSH3%UPI0002132A6C,1.0,-1.0,0.5885224,-0.5700336,0.8976802,1.0,-1.0,0.63887024,-0.21452609,-0.191784,-0.97994035,-1.0,1.0,1.0,1.0,-1.0,-1.0,0.39988932,1.0,-1.0,0.28383026,-0.03175592,-1.0,1.0,-1.0,0.20908397,0.781033,0.6304468,-0.522098
BSH3%UPI000238BE2F,-0.08314362,-1.0,0.28681323,0.6247697,-0.028653614,-0.47718182,-0.41769415,0.28865635,0.11402821,-0.03751222,0.76912296,0.38404912,0.08983024,-0.7279215,-0.5865067,-0.39766416,-0.25745037,0.33822405,-0.28110018,-0.2740559,0.41263634,0.46831244,-0.19466783,-0.24662793,0.27737224,0.30775616,0.38785928,-0.15968613,-0.16044618
BSH3%UPI00035F5DCE,-0.5253114,0.016515845,-0.06419011,0.1506353,-0.4183326,-0.3942087,-0.46321052,-0.0008469296,0.6029779,-0.18559796,0.5079843,0.30872983,-0.9026397,-0.068241954,0.029767904,-0.4243837,-0.0074255336,-0.53678226,-0.31477147,-1.0,0.42863327,-0.2522596,-0.100581795,-0.41652,-0.31298622,0.42227352,-0.15408467,-0.11468772,0.1842992
BSH3%UPI0004DA32C0,-0.03625433,-0.25995502,-0.32287028,0.7475317,-0.04935022,0.330737,-0.13057469,0.37828666,0.124072656,0.7193591,0.7154249,0.9020105,-1.0,-0.079602204,-1.0,0.17048973,0.5899645,0.14117144,0.22225437,1.0,1.0,1.0,0.8989002,-0.8354535,0.33181885,-0.4556782,-0.29644066,-0.67874986,-0.26114213
BSH3%UPI00080CB216,1.0,-1.0,-0.11658045,1.0,-0.13071713,-1.0,0.07180503,-0.85079515,-0.8159954,0.782297,0.011957771,0.6370948,0.36796674,-0.63531554,0.017320624,0.84237915,0.3173247,-0.4617146,-0.8516362,-0.58716446,-1.0,-0.900333,-1.0,0.3604281,1.0,-0.036009062,0.14214747,0.8775924,-0.014933276
BSH3%UPI00092A5378,1.0,-1.0,-0.3333109,0.345934,-0.029513776,0.8244962,-0.47151625,-0.44603032,-1.0,0.45145598,0.2372581,0.036441423,0.817726,0.59930587,1.0,-1.0,-0.5322311,-0.4616797,0.44491094,-0.9809295,-0.047871526,-0.37774855,-1.0,0.32254386,-0.76621616,0.6034344,-0.04088931,-0.2834202,0.4166956
BSH3%UPI000E902C94,0.17748924,1.0,-0.40754113,0.9251246,-0.5214049,-0.69262886,0.24059615,0.007076203,-0.2228285,0.7449868,0.87280536,1.0,-0.95475405,-1.0,-1.0,-0.44955942,1.0,-0.730315,-0.10481814,1.0,0.76048285,1.0,1.0,-0.81036156,0.2025518,-0.74788296,-1.0,-0.99096775,-0.14118074
BSH3%UPI000EF23C17,-0.011741189,0.09979255,1.0,-1.0,1.0,0.31138715,-1.0,1.0,1.0,-1.0,-1.0,-1.0,1.0,0.5986467,0.8476459,-0.8493792,-1.0,1.0,1.0,-1.0,-0.4878336,-1.0,-1.0,1.0,-0.9569194,1.0,1.0,1.0,-0.5413055
BSH4%UPI0001653940,1.0,0.115663715,1.0,-0.46066314,1.0,0.2612819,-1.0,0.39867705,0.99500906,-0.0064142444,-1.0,-0.107358016,0.42024958,0.45672932,0.8039276,-0.013790789,-0.62373185,0.5192085,-0.038977426,-1.0,-1.0,-1.0,-1.0,0.98578143,-0.027272133,0.020947048,0.9991071,1.0,0.45630553
BSH4%UPI0001FAB233,0.88528734,0.11562108,0.68047047,1.0,0.94689035,-0.5536444,0.070612915,-0.1307799,-1.0,0.1367241,-0.18190336,0.7498878,-0.34095433,0.0484778,-0.46514016,1.0,0.384931,1.0,0.1717841,1.0,0.539669,1.0,0.2397639,-0.16505013,0.23688298,-0.6012262,1.0,0.10655371,-0.13553265
BSH4%UPI0006BEFACE,0.9635979,0.59620535,-1.0,0.9503408,-1.0,-1.0,0.13861726,-1.0,-0.80341905,1.0,1.0,1.0,-1.0,-1.0,-1.0,0.75008315,1.0,-1.0,-0.72923607,0.37159497,-0.4266332,-0.66416276,0.092457905,-1.0,1.0,-0.5950883,-1.0,-0.06501643,1.0
BSH4%UPI000822CCAE,0.24659425,-0.28567642,-0.27463046,-0.17426933,-0.14088066,0.007957427,1.0,-0.6898437,-0.6683478,0.3677626,0.5936419,-0.28786513,0.20685892,0.40685368,0.6669464,1.0,0.068684526,-0.725644,-0.95934665,-0.58476925,-0.80889267,-0.7022108,-1.0,-0.10949064,0.60278845,-0.8994221,-0.06954702,0.014060603,0.54060477
BSH4%UPI000E54B9B5,-0.059270605,0.6611433,-0.33262148,1.0,-0.6168681,-0.24333118,0.001296576,-0.37250477,-0.42386004,0.39986104,0.8438206,0.81921047,-0.64570487,-0.7761881,-1.0,-0.37876788,0.55386674,-0.56730163,-0.34378666,0.41593477,-0.18366607,-0.13674447,0.06292691,-0.8446443,0.117487825,0.29388732,-0.583987,-0.7109727,0.40786523
BaiA%QinJ_2012__T2D-016__bin_41_fa_BDDCEIPF_01842__3alpha-hydroxy_bile_acid-CoA-ester_3-dehydrogenase_2,0.28046197,-0.43541315,0.06865485,0.50817513,0.14764784,0.75303984,0.81601363,-0.4784115,-0.5586624,0.22670746,-0.09429355,0.106478825,0.32014987,0.375378,0.15851146,0.84612226,0.34551316,-0.31124625,-0.560751,0.29879194,-1.0,-0.9277423,-0.5902423,0.23981114,0.7662842,-0.431981,-0.27821192,0.101855,0.16489883
BaiA%SRR3992974_bin_8_EOPEKEED_01051__3-oxoacyl-_acyl-carrier-protein__reductase_FabG,-0.18955676,-1.0,1.0,-1.0,1.0,1.0,-1.0,1.0,1.0,-1.0,-1.0,-1.0,1.0,1.0,1.0,-0.7507183,-1.0,1.0,1.0,-1.0,-0.50864047,-1.0,-0.96093494,1.0,-0.5770948,-0.61731005,1.0,1.0,-1.0
BaiA%bai_cluster_3%midas_Clostridium_hylemonae_61789%Clostridium_hylemonae_61789|NZ_GG657759_1098,0.3747851,-0.6474439,-0.48099682,0.90782964,-0.09649706,0.0290925,1.0,-1.0,-1.0,0.89019436,0.67923,0.24789089,0.13728683,-0.33100075,-0.26298472,1.0,0.7723983,-1.0,-1.0,0.10557558,-1.0,-0.7613191,-0.79839706,-0.36156896,1.0,-0.75849,-0.73724717,0.15707558,0.5772479
BaiB%MDY5565236_1_bile_acid--CoA_ligase_BaiB__Candidatus_Limivicinus_sp__,-0.5670793,0.310433,-0.13963258,-0.041783296,-0.25038671,0.9245968,0.059739545,0.54414266,0.7484445,-0.057204466,0.25131688,-0.09613818,-0.56431586,0.036169734,-0.5345266,-0.55790067,-0.04881782,-0.4251273,-0.38196173,0.22307405,0.5536118,0.72989064,0.9321848,-0.64563584,-0.4793618,-0.088004865,-0.5672943,-0.35144368,0.040782914
BaiB%bai_cluster_10%midas_Lachnoclostridium_nov_76594%Lachnoclostridium_nov_76594|ERS138182_8080_1_84_3_3065,0.28410357,-0.4599984,-0.30461252,0.74910784,-0.6403323,-0.6341267,0.5450306,-0.47395563,-0.64698154,0.5958833,0.80382174,0.38494048,-0.28265285,-0.6576558,-0.5778714,0.470057,0.663363,-0.43144324,-0.371413,0.51983714,-0.19936535,0.09466758,0.0027941272,-0.41897625,0.8342861,-0.21194254,-0.33387202,-0.24286172,0.12795019
BaiB%bai_cluster_2%midas_uncultured_Eubacterium_73696%uncultured_Eubacterium_73696|FMDW01000013_871,-0.15482493,-0.61087394,-0.84165025,1.0,-1.0,-1.0,1.0,-0.19361573,-0.13024391,1.0,1.0,0.716712,-1.0,-1.0,-1.0,-0.1675021,1.0,-1.0,-1.0,0.8697485,1.0,1.0,1.0,-1.0,1.0,-0.7433296,-1.0,-1.0,-0.8770904
BaiCD%MEI3381486_1_FAD-dependent_oxidoreductase__Dorea_sp__,0.15423028,1.0,0.27966088,0.14105955,-0.45270643,-0.82813394,-0.25156435,0.34881955,0.21908262,0.6428776,0.56452453,0.35527098,-0.55965835,-1.0,-0.93912137,-0.6569044,0.88201886,-0.6846434,0.016867831,0.062428303,0.86243534,0.4866358,0.9774351,-0.38518736,-0.35103834,-0.32840547,-0.82921314,-0.4813335,-0.055922244
BaiCD%XieH_2016__YSZC12003_35390__bin_5_fa_PIKIEFGP_00577__NADH_oxidase,0.21606544,-0.09870108,0.6205013,-1.0,1.0,1.0,0.40522975,0.61010146,0.11963379,-1.0,-1.0,-1.0,1.0,1.0,1.0,0.97064984,-1.0,1.0,0.55195594,-0.24523042,-0.43600914,-0.72631705,-0.8330209,1.0,-0.35221994,0.22016995,0.896165,0.4523571,-0.65669864
BaiCD%bai_cluster_1%midas_Clostridium_hiranonis_61655%Clostridium_hiranonis_61655|NZ_DS995354_290,-0.6352854,-0.55378944,-0.27078447,0.24479304,-0.22640947,0.4028552,0.7634278,-0.18783563,-0.4056819,0.19430237,0.63753,-0.40775985,-0.042237863,0.012712197,-0.3964221,0.081371404,0.124235585,-0.0719369,-0.32001075,0.32470605,-0.029139334,0.22266798,-0.023018599,-0.57321686,0.3882132,0.83433086,-0.20783316,-0.5602206,-0.23957826
BaiCD%bai_cluster_10%midas_Lachnoclostridium_nov_76594%Lachnoclostridium_nov_76594|ERS138182_8080_1_84_3_3076,-1.0,-0.39174363,-1.0,0.7249574,-1.0,0.2771291,0.93283886,-0.5221911,-1.0,-0.10436586,1.0,-0.16664957,-0.9698087,-0.060324606,-0.7538219,-0.44333282,0.0393771,-0.27890638,0.025389358,1.0,1.0,1.0,0.77612406,-1.0,0.18893236,1.0,-0.010543858,-1.0,-0.3328087
BaiE%FengQ_2015__SID531416__bin_49_fa_CEDOFBAM_00064__Bile_acid_7-alpha_dehydratase,-0.07270374,-0.2160265,0.2962786,0.6256101,-0.30432457,0.09795856,0.19598255,0.4416503,0.6434339,0.58812684,0.5812125,-0.17298865,-0.52422035,-0.6252879,-0.8804334,-0.23251697,0.36970374,-0.60260147,-0.44377387,0.1297748,0.33568084,0.30863976,0.48985875,-0.25132063,0.536036,-0.89954144,-0.5290727,-0.10374301,-0.4865299
BaiE%bai_cluster_10%midas_Lachnoclostridium_nov_76594%Lachnoclostridium_nov_76594|ERS138182_8080_1_84_3_3079,0.25436023,0.075120725,0.006660286,0.008556751,-0.023689805,0.12731725,0.6265996,-0.24591324,-0.39331132,0.35650563,-0.08643164,-0.4163603,0.08716969,0.08939738,0.063705586,0.47435835,0.50902826,-0.3063703,0.15135847,0.70090514,-0.57335746,-0.48005864,-0.03759667,0.11477509,0.5066867,-0.2893687,-0.5431923,0.10648941,-0.130653
BaiE%fig|1950888_3_peg_203|__Bile_acid_7-alpha_dehydratase_(EC_4_2_1_106)_(BA7_alpha_dehydratase)_(Bile_acid-inducible_operon_protein_E)____Clostridiales_bacterium_UBA4701_|_1950888_3_,0.31742433,1.0,-1.0,0.8121747,-1.0,-1.0,0.5812397,-0.90123916,-0.41219586,0.76481885,0.40031844,0.6645228,-0.66767174,-0.9859901,-0.79725504,0.2619192,1.0,-1.0,-0.68176126,0.5414595,-0.43239006,-0.026566142,0.44353974,-0.86402726,0.3590385,-0.19050588,-1.0,-0.690684,1.0
BaiF%ERR688512_bin_36_KMFCMBJN_00514__Bile_acid-CoA_transferase,0.27416813,0.22488561,-0.18784188,0.24223857,-0.167196,-0.8745004,-0.18035431,-0.32051218,-0.11262477,0.4148217,0.5526496,0.39240012,-0.9328439,-0.21639857,-0.15624025,0.35365784,0.65001476,-0.34277457,-0.101671964,0.11685928,0.22327831,0.6612427,0.67745,-0.28068727,0.44359952,-0.6667603,-0.31449836,0.19808283,0.23734018
BaiF%LiJ_2014__MH0358__bin_56_fa_NPCPOAJM_00305__Bile_acid-CoA_transferase,0.88837487,1.0,-1.0,0.28485483,-1.0,-1.0,0.40968725,-1.0,-1.0,1.0,0.5468751,0.98575354,-0.61487335,-1.0,-1.0,0.858937,1.0,-0.8950604,0.63761216,1.0,-0.055284634,0.6677987,1.0,-0.67621505,0.87309545,-1.0,-0.9988236,-0.51887906,1.0
BaiF%SRR4783510_bin_28_GHBMCCFK_00008__L-carnitine_CoA-transferase,0.39960736,0.27185497,-0.7234223,0.7180254,-0.9919996,-0.72847694,0.32800156,-0.61026,-0.38260484,0.5415532,0.16454765,0.47312823,-0.59292287,-0.50571674,-0.4590599,0.5125863,0.80873454,-0.44740888,0.10885963,0.9172116,-0.4019418,-0.4301983,-0.06908093,-0.37884894,0.44582483,-0.049321212,-0.4246389,-0.82743007,1.0
BaiF%bai_cluster_17%midas_Proteocatella_sphenisci_59007%Proteocatella_sphenisci_59007|AUID01000012_911,-1.0,-0.03851931,0.3615736,-0.24131036,-0.14916745,0.44230342,-0.7329613,0.77437437,1.0,-0.65411705,-0.31811282,-0.6249363,-1.0,0.68021035,0.25975683,-0.6196418,-0.39007574,0.54583436,0.60321033,-0.24668403,0.96573883,0.4140468,0.7783836,-0.073238,-0.32599825,1.0,0.30438685,-0.45406392,-0.70946336
BaiF%bai_cluster_2%midas_uncultured_Eubacterium_73696%uncultured_Eubacterium_73696|FMDW01000013_892,0.4938501,0.924863,-1.0,0.30855584,-0.29836628,-0.911417,1.0,-1.0,-0.99690616,0.9608452,0.026617253,0.21968313,-0.058010288,-0.40889433,-0.84124213,1.0,1.0,-0.58529365,0.26703486,1.0,-0.59940886,0.032461822,0.76513386,-0.41864645,0.74357706,-0.8868503,-0.7409107,-0.60757935,1.0
BaiF%bai_cluster_3%midas_Clostridium_hylemonae_61789%Dorea_sp_89094|KQ236743_10986,0.48386645,-0.0345735,-0.8929394,1.0,-1.0,-0.5277656,0.4648556,-0.94675833,-0.73723257,0.8674842,1.0,0.94168806,-1.0,-0.89422554,-0.9711089,0.6398198,1.0,-0.9881287,-1.0,0.5843709,-0.30387428,0.02273182,-0.09236874,-1.0,1.0,0.04176733,-0.7389377,-0.84967256,0.8123607
BaiF%bai_cluster_3%midas_Clostridium_hylemonae_61789%Dorea_sp_89094|KQ236743_13110,0.94255435,0.48498997,-0.123140216,0.8877839,-0.18367796,-0.11580228,0.93405116,-1.0,-0.8146475,0.8000257,0.2249173,0.64542484,0.004713466,-0.6812779,-0.3028179,1.0,0.9854213,-1.0,-1.0,-0.088226154,-1.0,-1.0,-1.0,0.007760323,0.88004327,-0.4683458,-0.6427499,0.2621434,1.0
BaiF%fig|1950825_3_peg_1464|__L-carnitine_dehydratase_(EC_4_2_1_89)____Clostridiales_bacterium_UBA1701_|_1950825_3_,0.20327711,0.10433244,-0.43268004,0.42066652,-0.21239193,0.57499325,0.8188609,-0.49853772,-0.47920376,0.35830572,-0.07718869,0.057932746,0.123838104,0.23080397,0.09066922,0.64944714,0.67231554,-0.5021491,-0.12768759,0.48406142,-0.57552624,-0.48284495,0.17734773,-0.05269218,0.39521748,-0.3691752,-0.61368763,-0.6254158,0.63509893
BaiG%MBE6987074_1_MFS_transporter__Oscillospiraceae_bacterium_,-0.22676748,-1.0,0.65828264,-1.0,0.60072964,0.8655925,0.72561306,0.6334993,0.62354505,0.5647271,-0.08459142,-0.6521756,1.0,1.0,0.783641,0.54123807,0.082816616,-0.106616005,-0.15211418,-0.45796356,0.11453099,-0.23279645,0.39631918,0.9251169,0.30437517,-0.92958915,-0.08014948,0.6968371,-0.6964569
BaiG%MBR4017991_1_MFS_transporter__Clostridia_bacterium_,-1.0,-0.071550846,1.0,-1.0,1.0,1.0,-1.0,1.0,0.7482003,-1.0,-1.0,-1.0,1.0,1.0,1.0,-1.0,-1.0,1.0,1.0,0.38060176,1.0,-0.22259475,-0.5808839,1.0,-1.0,1.0,1.0,-0.58158094,-1.0
BaiG%MDY4488523_1_MFS_transporter__Candidatus_Limivicinus_sp__,-0.069188595,-0.54133254,-0.67588514,0.47056815,-0.4408183,-0.7687369,0.31244707,-0.29571918,0.20695956,0.5709645,0.45182,0.10454441,-0.38077316,-0.47780967,-0.3218525,0.049232226,0.58872485,-0.8460338,-0.15148887,0.23510845,0.07210002,0.28718454,0.53517026,-0.33261904,0.36849836,-0.7441716,-0.62817895,-0.2248019,0.54579425
BaiG%MEE1256339_1_MFS_transporter__Lachnospiraceae_bacterium_,-0.6022947,-1.0,0.8183936,-0.824321,0.7241435,1.0,0.9205467,0.48040453,0.25892684,-0.3444155,-0.4870257,-1.0,1.0,1.0,1.0,0.6596817,-0.6807574,0.60312855,-0.39804208,-0.61826855,-0.6600161,-0.7027177,-0.9607688,0.73119,0.40664765,0.3620736,0.8150255,0.37068576,-0.65347487
BaiH%MEE0204071_1_FAD-dependent_oxidoreductase__Oscillospiraceae_bacterium_,-0.014305083,1.0,-0.9684211,-1.0,0.41943562,0.95861506,0.30508044,-0.31923673,-0.9288483,-1.0,-1.0,-1.0,1.0,1.0,0.66753,0.603053,-0.59202844,0.7426296,1.0,1.0,0.038437944,-0.26534712,-0.43938604,0.19961219,-0.4147282,1.0,-0.48584935,-1.0,-0.047683135
BaiH%MFR3389927_1_7-beta-dihydroxy-3-oxo-5-beta-cholanoyl-CoA_4-oxidoreductase_BaiH___Clostridium__scindens_,-0.10120828,-0.6629784,-0.9876706,0.8789918,-0.66904384,0.24369925,1.0,-1.0,-0.9680778,0.49901137,1.0,0.413873,-0.5925188,-0.26363894,-0.48478973,0.56477964,0.5778208,-0.7647444,-0.74286115,0.32570305,-0.41696212,-0.047357373,-0.16337308,-1.0,0.74086875,0.33426604,-0.7000887,-0.7033736,0.41021758
BaiH%Obregon-TitoAJ_2015__NO11__bin_28_fa_ODBMCAMJ_01962__NADH_oxidase,-0.20172437,-1.0,-0.8516509,0.26265967,-0.30180997,-0.99271464,0.919269,-0.85412145,-0.68650424,0.70806485,0.5987648,-0.47210336,0.10085788,-0.6566214,-0.68527615,0.5525253,0.6542651,-0.47674787,-0.4723064,0.28882346,-0.6072685,-0.37200418,-0.5591206,-0.60207707,0.93151397,0.7094312,-0.094572894,-0.33938482,0.73254853
BaiH%bai_cluster_1%midas_Clostridium_hiranonis_61655%Clostridium_hiranonis_61655|NZ_DS995354_308,-1.0,-1.0,0.5477419,-0.41458586,0.24321373,0.8776266,-0.28559956,0.8578259,0.6300542,-0.73583525,0.10664083,-0.9246952,0.15145794,0.7784419,0.57820404,-1.0,-0.99310935,0.7289929,0.26553655,-0.56161964,0.886313,0.51045257,0.07715671,0.12531088,-0.5823045,1.0,0.5773068,-0.3107345,-1.0
BaiH%bai_cluster_17%midas_Proteocatella_sphenisci_59007%Proteocatella_sphenisci_59007|AUID01000012_928,-1.0,1.0,-0.8821661,-0.5237061,-1.0,0.59139484,-0.19046564,0.64899695,0.83577937,-0.025670696,0.96273154,0.8374672,-1.0,-0.43091887,-1.0,-1.0,0.30701968,-0.94923776,0.39971396,1.0,1.0,1.0,1.0,-1.0,-1.0,0.16446878,-1.0,-1.0,-0.65103227
BaiH%bai_cluster_2%midas_uncultured_Eubacterium_73696%uncultured_Eubacterium_73696|FMDW01000013_836,-0.3669626,0.9326102,-0.44250813,0.7344169,-1.0,-0.16592549,0.6507612,0.11145958,0.082577065,0.7466339,0.9464576,-0.17270054,-1.0,-0.8415806,-1.0,-0.25903285,0.9324014,-0.7720752,-0.4845784,0.79649746,0.65090585,0.8648078,0.88085085,-1.0,0.41130772,0.06866904,-0.7775826,-1.0,0.22733897
BaiH%bai_cluster_3%midas_Clostridium_hylemonae_61789%Clostridium_hylemonae_61789|NZ_GG657759_22762,0.22560085,0.26073688,-1.0,1.0,-1.0,-0.691377,0.63120764,-1.0,-0.9982865,0.7795383,1.0,0.87049735,-1.0,-1.0,-1.0,0.22848374,0.8530817,-1.0,-0.7529736,0.6413814,-0.22772649,0.14847124,-0.05567838,-1.0,0.69299984,0.23932433,-1.0,-0.91619295,0.7135846
BaiI%QinJ_2012__CON-070__bin_41_fa_AAAKDJOM_00400__hypothetical_protein,-0.018185295,-0.4611624,-1.0,0.79137856,-1.0,-0.6196205,0.61118406,-0.3527019,-0.2896524,0.53877467,0.7050581,0.39627203,-0.69436175,-0.35770422,-0.63397586,0.32187697,0.8040237,-0.71907854,0.23805343,1.0,0.48690227,0.8772563,1.0,-0.567011,0.6179208,-1.0,-0.9029214,-0.97678274,0.57982016
BaiI%WP_279004450_1_nuclear_transport_factor_2_family_protein__partial___Clostridium__scindens_,0.56482166,0.107231,0.5599079,0.05323249,0.3520781,-0.15891725,0.08723256,0.03641248,0.120495036,0.5746231,-0.038932305,-0.17762922,-0.13015993,-0.023948938,0.21001329,0.6268904,0.6150022,-0.42080772,-0.45866212,-0.20524031,-0.6002747,-0.4599939,0.06085268,0.4301862,0.63884073,-0.97147846,-0.24705108,0.62925214,0.25205362
