Samples,STL10022,STL10037,STL10126,STL10177,STL10180,STL10191,STL10240,STL10263,STL10279,STL10323,STL10405,STL10458,STL10504,STL10562,STL10575,STL10590,STL10603,STL10705,STL10762,STL10793,STL10811,STL10836,STL10860,STL10877,STL10884,STL10896,STL10915,STL10956,STL11021,STL11040,STL11057,STL11073,STL11080,STL11089,STL11122,STL20014,STL20112,STL20117,STL20136,STL20184,STL20185,STL20276,STL20292,STL20316,STL20378,STL20461,STL20481,STL20497,STL20522,STL20539,STL20630,STL20631,STL20644,STL20648,STL20653,STL20654,STL20672,STL40001,STL40014,STL40017,STL40040,STL40066,STL40177,STL40180,STL40229,STL40244,STL40280,STL40437,STL40455,STL40487,STL40511,STL40521,STL40535,STL40539,STL40554,STL40555,STL40571,STL40593,STL40595,STL40626,STL40635,STL40673,STL40691,STL40701,STL40716,STL40720,STL50160,STL50315,STL50425,STL50520
10-Hydroxystearic Acid,35401684,11964914,36559720,5841751,14684210,2817644,3395152,4808583,13585601,2343976,536801,22956969,44473347,39218569,21064871,17255254,13306192,1634030,12745574,30401347,29227059,482414,25001239,15184363,24845262,74585976,58244595,9712224,2317561,11744138,6760343,7312804,16175177,28772551,24039585,20373752,11972667,60618534,30368999,40876675,314068,11589273,25620103,18366703,28868209,13026201,27241108,14583435,10613941,47972048,3512270,18079550,5070770,22101224,16726988,13856427,20599530,26410063,17686745,21176775,57386704,6862335,22123172,87668345,16219680,16136268,25235177,15165909,17273079,18485591,21441306,7599235,25454634,28653988,31853352,15593110,50265793,14796031,24962437,13747829,9904859,34716083,13318205,33169676,8051976,8832342,27979360,17655274,12119193,5192903
10Z-Heptadecenoic acid,533868,818071,448641,101097,145447,20769,811713,164409,343785,421922,68961,231576,1973973,582682,490969,129794,94893,255813,287573,605651,370120,67335,411934,114854,168830,532727,284799,146864,24793,237573,455503,229987,195561,166312,246188,122203,377551,1013666,263730,435500,43450,208478,378443,328271,237203,253245,357309,172734,164993,1768520,58603,216622,182368,217284,171865,594618,279849,290533,240971,338207,2529223,157772,386760,3308572,197077,174120,450170,168001,639518,178793,232656,129484,173479,101136,469422,299997,3235409,262732,301537,77493,84644,344121,118541,236376,434647,132622,172413,216215,109014,70657
11-HDoHE,90801,158637,326008,0,0,0,983195,138070,54238,490003,0,11179,266879,174290,10745,12365,43860,176262,9993,146666,28503,82413,54585,21657,350539,49201,2083,0,149133,0,362583,204699,138450,122121,413643,0,17422,0,53878,67178,0,8410,13508,0,0,0,0,27147,0,24840,0,0,16396,16841,8944,6273,0,0,216728,0,52787,0,0,25893,0,0,73062,74533,0,0,12360,0,0,37941,0,24042,0,0,24277,6675,0,58458,10701,130851,0,0,0,48110,14669,0
11-HETE,9624,8221,23072,698,349,0,44772,14191,9146,24769,1026,1963,20547,7385,382,2740,3918,22339,1204,12005,2183,4133,2015,4695,29762,1970,1107,701,11351,1105,29891,11834,14854,6007,26358,338,344,1112,1086,1748,92,176,520,933,440,154,793,534,233,1429,948,101,83,2037,1828,1130,205,430,32335,211,2091,684,251,952,994,546,3292,6871,1033,287,694,165,376,3836,528,2027,1663,109,1897,277,961,867,1474,8670,781,179,605,3845,5401,0
"12,13-diHOME",255379,64237,49636,665450,98580,192065,84274,137350,598374,35217,47544,184996,78403,60398,57867,27124,121641,628405,779636,124647,442717,44025,61443,424269,53864,167496,227715,32032,32088,129763,28590,65352,73887,291338,130612,282030,88200,161085,279192,101100,115047,253873,159200,354249,67677,247684,120838,124358,85701,1081290,119859,336054,58651,427221,169895,278994,52971,172177,74103,159199,183547,87829,124044,96531,567361,148765,243102,66979,446979,263296,225298,49723,129627,186288,119781,42576,379776,199172,66620,103842,405508,180753,148619,76505,258540,51259,247345,123905,77376,38389
12-HETE,20503,21082,43389,2175,2196,125,58763,28983,17339,58963,4117,2936,44700,15081,553,5026,9583,30584,2485,20377,4519,7403,12512,13599,60508,5019,1281,1723,53576,3786,73520,33166,36326,8362,59655,1889,87,1722,1188,2409,545,462,1258,2916,793,718,2551,780,257,3238,1896,654,703,4804,4630,2498,4807,278,78070,315,5341,1224,799,864,3085,827,5323,13216,1272,464,1480,479,1667,9247,166,4621,4310,2133,3578,929,2085,1418,3856,26385,1656,393,652,15259,11761,254
13-HODE,181065,85973,30211,33845,55345,27770,111045,32761,99284,31415,15116,75677,58489,60640,6626,7874,22806,57121,21358,85249,129454,9708,60251,84199,63702,142883,51648,22435,56846,36950,31835,54522,42045,41648,82344,82171,23388,365714,136087,114219,10919,40283,36885,142877,76305,121567,229692,138562,14629,2114307,13730,68676,37858,74301,26266,181211,143144,61984,63296,44979,89533,173469,313783,133203,30924,13529,37951,82616,182698,16540,14296,9272,66968,21585,180639,12929,52507,51107,40486,31023,64555,241460,32532,257864,22182,61767,62191,51670,77116,43497
14-pentadecenoic acid,16334,6972,20362,2953,3893,2033,14423,6953,40134,17291,7217,9073,76640,17348,16900,5886,5290,6248,18232,62482,9244,13435,16481,2306,8139,41166,10990,4265,5072,9451,9467,4571,4597,5379,7423,2936,82174,2596,4015,26853,5698,12395,7592,9070,5809,7131,1909,7258,10293,9984,5851,4636,8030,4038,7158,3135,3843,6215,6528,11521,3204,5738,8555,5692,6507,3647,20639,5347,55157,7984,6419,5290,2903,10791,15995,20642,6308,6431,6022,2325,2559,35073,3266,6540,9977,3230,4842,4484,3661,3518
15-HETE,17181,22700,51095,5953,9607,96,64512,43137,36886,48597,4252,4434,36033,11581,245,5885,8602,35267,2642,19578,2977,6055,4357,15140,97145,5191,1539,1038,344132,2800,85538,48572,35548,12168,81560,486,131,72,830,8625,1008,351,773,6511,620,800,3070,745,211,8512,4221,354,856,4330,8161,3442,340,173,71345,80,11269,1467,375,990,3208,935,5389,13803,5775,614,1014,505,2578,11066,311,4452,6009,116,5057,740,2636,768,4988,4677,1736,1250,428,11105,9070,204
15R-15-methyl PGA2 [iSTD],173214,323139,295459,269268,197237,570378,371743,358086,256132,588641,920038,272799,396249,183001,207246,335595,390063,481003,154053,241367,128481,782923,193340,292571,274274,170934,340192,219326,751073,306447,381434,399603,279327,301549,483864,183101,158619,188854,155459,294780,556701,192253,178860,162496,164619,195647,167471,188762,159350,195516,515827,235500,321282,170053,151617,216582,202769,176561,350600,184930,230902,218897,180424,144583,242870,152411,241114,310863,156492,202458,255475,169786,157344,211499,236899,222773,211216,160271,170353,200036,283510,130842,224501,503832,245108,196294,188205,247575,486312,220210
15R-15-methyl PGF2a [iSTD],258872,467656,433975,407370,281378,259748,515123,507414,386632,857356,1417286,388247,582348,241558,267386,197684,560234,707411,210424,343975,186448,1113756,275943,225743,414306,220125,517453,275339,917990,458243,558293,604461,409372,437375,712010,228669,214658,236254,220574,442924,838162,280872,259222,193183,232873,289480,215313,261372,224651,276610,779848,347309,480764,250129,220552,325186,283842,223623,506425,280010,338046,329807,264164,223190,366920,224100,357707,485292,220064,283876,355676,246076,212234,313078,227630,331697,315427,222737,228750,292408,375905,187855,329268,746478,347374,258771,239784,313544,647185,298996
15S-15-methyl PGD2 [iSTD],82765,139692,132991,128122,90184,248907,177303,171496,122378,265332,447529,125341,184887,91491,93068,147496,175044,221747,73934,111347,61324,350900,91497,133953,127854,77782,166156,105476,252,147424,177044,192588,130292,145498,222244,89770,67439,85078,69295,134812,221296,90985,81841,75188,74879,75656,62284,95062,73788,92967,246734,114038,155459,79553,68157,104697,77409,80983,163693,89701,111969,106552,79497,69431,113758,66803,116286,152208,73183,92651,123264,79247,63479,99069,115217,103537,102135,73544,54421,91130,139268,67796,103582,232575,110259,90816,92117,111003,247492,100114
15S-15-methyl PGE1 [iSTD],51202,95776,85268,79944,55850,167570,106007,103311,74013,175905,284076,75928,114310,53266,57035,88818,109730,142776,46019,74654,36642,227998,52830,86663,78701,50541,101390,64625,261,89264,109242,114121,80380,88066,142652,52082,47096,53211,42395,85806,157502,55692,50964,41975,45283,53507,43145,59788,43481,55571,147698,67674,92147,49085,42481,62115,59982,48851,97081,53313,68911,65433,49324,43752,67434,42102,71384,93203,49079,56227,72655,50803,46731,60460,70292,63005,61373,44128,43624,55858,84418,39823,62867,142484,68684,56382,53988,70692,142290,66377
15S-15-methyl PGE2 [iSTD],169076,293531,272043,260741,181806,467736,356833,337223,255386,533120,874832,242261,368839,168725,194732,299199,356465,468658,153466,249165,121975,728295,172910,271596,272077,159280,335874,199793,456949,289678,356532,381447,255649,293777,460048,171549,156498,164377,135666,301015,514407,181165,169157,136822,152972,180195,145138,185671,143905,180341,503220,225505,308413,154856,135458,210964,193436,161768,309383,174265,223640,214897,163747,144270,232094,141159,238681,310248,163555,192085,227391,153297,141432,207937,236036,202151,197896,142925,144970,183473,275541,133198,214286,462826,233680,183537,173639,231545,481930,214924
2-Furoylglycine,70,229,94,867,1523,72,415,174,226,375,252,203,214,287,956,1185,318,206,251,137,158,530,205,68,0,231,198,252,492,198,43,161,147,85,144,911,516,477,825,0,693,1648,833,183,162,1005,650,909,947,245,611,432,1600,423,410,375,1260,554,345,141,299,575,1233,821,1017,967,165,238,606,1334,781,758,488,304,1678,225,426,220,751,688,337,788,607,878,1203,1084,791,443,146,1835
2-Hydroxy palmitic acid,98050,143892,81839,86512,79518,85460,144283,56369,50350,96529,58332,47493,75366,3957454,494303,119775,44104,66497,1280880,90047,1787801,70934,4037646,2129045,114885,2078653,138645,939790,131241,1764605,85549,584006,125028,62093,54142,114230,152968,63981,69925,181183,50779,3404779,642905,1294769,79338,31130,346124,1470005,51825,429271,42520,292730,2281512,675136,2399016,28502,1856039,112512,52899,4235036,64589,53066,2130257,156940,71397,62210,167361,271590,60063,32361,299715,46915,1893140,2116531,2748787,3632083,52018,1884115,2494113,67567,316583,736527,243299,2479708,97875,1162832,222969,2516981,230956,2783710
2-Hydroxyibuprofen,0,0,0,0,0,0,0,0,0,0,0,0,0,115007,0,0,0,0,0,0,0,0,0,0,0,0,0,330317,0,0,0,0,0,0,0,0,0,0,0,0,0,0,0,210401,0,0,0,0,0,0,0,0,0,0,0,0,0,0,0,0,0,0,0,0,0,0,0,0,0,0,0,0,0,0,2919714,10497,0,0,0,0,0,0,0,0,0,0,177716,0,0,22731
2-Hydroxymyristic acid,2248,4576,1982,2941,3245,10405,6895,2460,2320,4385,5324,8373,4803,43288,9491,2843,2927,3077,27251,4241,36886,5807,25757,19206,1751,37683,4622,12837,17516,25023,2814,5547,2098,1993,3565,6058,4293,4842,1810,3521,3984,42967,14120,23549,3255,2271,5587,27776,3844,6571,3602,6859,24274,9091,30204,1599,27187,5253,3225,54968,2296,3283,32116,3819,3029,2815,4135,3131,3808,3226,3383,2889,107790,15283,17996,22594,2871,46763,38493,2393,7183,32409,3792,25440,3973,13888,8182,31494,10077,24064
2-Hydroxyoctanoic acid,124161,194813,121215,169959,90550,272291,294026,189089,114004,284609,441190,206020,140582,68249,107061,99428,137913,210641,50571,86991,64063,412862,162105,255090,164880,43664,98041,44812,152620,76060,234774,246152,186239,149392,136067,73271,49704,76554,85847,620278,265700,52234,73709,23317,57513,60740,54301,60700,98931,131340,187021,78929,105867,99263,46126,143297,39672,81181,266149,87887,96214,47879,88683,83671,171041,71247,20338,165585,68929,106130,137208,93105,50431,173203,145824,119136,183854,166434,450529,152135,145668,37360,91118,138363,92356,46771,55212,147334,124507,0
2-Hydroxystearic Acid,984,782,979,217,502,0,0,181,270,482,96,222,979,1564,916,377,222,459,624,1976,842,519,881,584,532,3146,1540,1138,1341,706,258,590,385,628,494,0,291,2730,1168,908,256,819,753,290,1357,333,639,1131,192,961,43,305,1324,629,920,306,1193,760,350,1516,1337,330,790,3018,935,657,737,1074,1664,574,695,282,976,884,974,748,1109,429,753,316,351,1816,659,1716,753,0,274,983,0,1245
3-Hydroxydecanoic acid,502297,541772,228648,178199,63522,230890,324572,194480,218384,346985,219775,296172,178945,101152,84178,117838,185847,225663,92905,199521,109057,920260,102075,203630,257844,113820,190787,122804,252188,86263,323143,467862,146973,102868,82295,85844,70543,154581,72152,329693,341356,53195,111544,79194,137557,71714,67430,103665,56637,770906,173142,167735,69716,118821,79896,246646,72132,51686,324027,84333,159458,127389,60868,60177,107160,56713,158246,150382,153653,48704,62177,82595,60362,100688,52003,97778,175806,174402,49212,74459,133327,111207,80551,84039,255260,56162,46075,170604,1137938,0
3oxoDCA,615926,81011,59,246512,636348,100290,1491,3337,181546,8957,0,84718,3381,617831,223618,149546,195523,1484,2624732,52261,2487361,0,37487,413240,247309,593932,23177,632556,0,1158182,862712,187690,42504,17148,414224,647484,157977,1945606,399403,152525,0,809320,382890,1773081,765539,1020389,276271,751552,663836,5060933,3797,363253,118189,110271,135846,77707,595305,902334,4536,1388409,589498,1982717,553785,511872,79986,695110,133859,4246,6523,361753,127187,1700103,616209,93091,344191,768203,151993,209629,219841,414033,41564,1293742,462322,432519,23738,414083,1058379,608230,178796,65234
3-Methyladipic acid,24852,7791,41117,17258,35610,19118,6503,15133,8602,6646,34526,16093,5724,26474,29818,19591,19680,10416,19756,9532,25381,18556,56643,17369,9134,31929,15018,482027,10104,21203,9938,7367,5703,14546,8543,36252,41700,51249,25775,76141,66987,54043,27827,26896,52657,27326,49198,32701,35854,20189,15346,24782,25309,21983,24764,11983,114893,27586,7623,53087,13253,22742,25266,46240,15938,24686,19386,11664,9618,70490,10565,33623,25155,23824,47004,43707,14254,39410,47424,18733,10849,42918,27639,16015,25465,61388,27765,16195,6695,34520
3S-Hydroxyhexanoic acid,1103,583,432,1995,353,259,249,1014,488,685,340,1009,434,623,65,1672,413,383,295,1623,343,976,1479,1225,2085,351,361,64,40,327,2368,954,435,430,393,522,405,368,224,1217,765,63,238,316,214,402,771,807,158,2085,950,571,219,561,449,1118,193,509,1610,113,2676,335,89,231,220,124,479,23466,275,205,719,887,749,1677,45,412,422,1683,399,5612,478,282,236,166,582,259,434,459,1684,19
"4,7,10,13,16-Docosapentaenoic acid",4237970,4132083,11898988,402368,413308,12366,10988325,2856099,1302757,4841112,634329,1406934,3930014,3967851,7824475,4005492,1397246,4363481,1428879,5534924,4262821,641341,1776199,1106924,5333980,1625138,2195373,284884,589753,307695,5024792,4813353,5236454,2588086,3395537,5397487,589554,254082,682570,4886572,363511,279462,2380164,582596,2618230,150889,798657,573031,1401002,466071,293993,470073,572417,1171968,1432502,2080718,91103,1260035,3157190,659067,1249819,628705,238308,1153904,680416,1444822,3237267,3553507,881209,152783,1818085,789009,1235047,2780873,89460,992556,679467,191029,1531154,876728,1065660,383701,760177,487302,1442338,295178,3042088,1794989,1520982,134831
4-Hydroxystyrene,60395,2693,39110,38129,147769,50258,33273,29321,57581,8136,828,79956,44198,116603,20631,54364,36049,33433,62248,21677,124806,65,49228,255079,64383,59828,2594,41005,6134,21224,42939,25766,18896,14537,11849,95778,140454,119950,7960,11645,72330,7691,102441,210621,98560,66213,697880,30736,76083,979547,1993,351685,85862,67191,112344,31175,4308,101398,60369,14425,117558,169729,4162,5568,25510,77267,10133,16727,11650,10736,33302,251048,166525,69506,195662,131253,61268,32532,19607,290710,28598,1692,95966,21328,33556,74253,202201,72966,8952,7023
"5,6 diHETE",1456,1510,6753,493,116,0,6844,1450,1150,2274,412,297,4033,3049,80,352,1009,3143,1190,1493,655,1204,695,815,4762,1214,97,386,3030,504,6009,3965,1725,687,6864,592,0,0,152,893,0,77,289,386,147,140,105,225,112,281,0,132,33,507,406,186,0,46,7661,239,207,331,163,200,171,110,441,861,562,630,105,47,58,795,0,932,187,453,547,26,392,188,198,3556,494,86,432,641,1623,190
5-Dodecenoic acid,2331,2141,1587,393,104,0,1561,395,486,1034,0,1222,981,1602,309,186,649,1004,362,1344,1203,1266,449,174,1002,808,570,212,248,810,611,1183,886,718,954,313,298,97,244,518,738,402,947,652,696,255,244,332,202,1464,414,370,80,1061,337,339,436,196,1628,558,620,300,499,544,742,373,253,501,1629,73,572,451,120,287,0,280,793,99,121,155,494,571,464,399,268,309,329,549,481,19
5-HETE,25782,37558,92365,1282,693,0,217838,19336,125738,41370,4508,7348,52280,60255,5706,12055,8943,85748,8980,59351,6589,11138,7487,26323,69507,4816,4057,2777,65266,2902,62043,103550,31736,15635,79640,2237,609,103,1406,25084,1067,582,3662,1100,2882,329,1421,536,728,3448,2690,624,819,3688,4998,3286,1618,519,92488,896,4158,1406,486,1592,11765,1773,10025,17258,1803,435,1159,680,1351,13484,2736,7674,2340,842,6381,689,6086,705,2582,85786,1512,498,1146,14163,20061,349
7oxoDCA,2873166,1139429,6102100,664644,10636,1373645,1261771,554176,143796,258123,773,3572004,1320349,14878,25589,7597,1155673,549197,38073,965411,161805,329,37284,110650,234182,11081,3974557,160961,1224,13552,806177,175281,1624266,414471,505139,37143,787564,53981,6757074,2920575,31366,28795,133446,270328,194296,29984,3217,4545276,39145,192150,47963,74123,26914,1787785,9660,1511685,23637,1230245,278402,74046,248733,21755,13029,29652,645684,29713,6749757,938194,1349874,10886,5529396,8447654,6009,1095602,11995,23217,6693279,18007,6219,1835585,5192801,91734,1421534,39773,15989716,98490,86666,12240,1473367,6905
"9,10-DiHOME",239867,44765,51296,448316,145508,149272,48307,54001,280421,22580,23978,207621,60411,33090,44980,16524,100875,278451,472467,64564,251585,23232,36327,240676,77779,154300,188733,30966,54917,154677,25971,62804,75745,149179,110491,252740,110019,89749,258469,64931,52522,162337,90800,336011,61552,134340,189057,127948,45630,529833,49712,206381,42281,373041,125980,191322,72396,186678,80011,158144,95752,97437,119594,164307,912541,108493,1071689,49147,170357,231063,136616,51858,286214,256219,105617,45199,259933,154866,94727,83821,376097,165939,96942,62678,254530,62098,340602,122336,99264,57848
9-cis-Retinoic acid,2349,12649,3810,23868,12266,43811,25269,18383,15560,34753,39077,4221,2537,791,2895,13686,18046,29492,5891,3427,5465,15337,1864,8923,4611,536,17388,23218,62027,28985,12665,11364,6600,4923,12796,16394,4455,2264,950,2006,28453,15699,1816,3911,1501,30973,2489,14903,4678,933,6828,12201,11545,2245,3429,47373,5559,2458,12934,6725,191,24042,13760,258,6219,6376,4172,10007,10480,10539,6313,5751,2064,2243,8962,21874,774,9636,6061,6611,140221,1499,9979,5352,20458,13239,7168,7929,174785,74567
9-HETE,6183,4519,15224,437,205,0,32501,7485,5030,19493,904,833,12747,7528,177,1254,2787,8778,731,8972,1333,2161,2219,4395,15205,1761,469,643,10678,781,18662,7146,7922,2557,16833,156,0,0,208,610,164,18,424,761,394,46,341,124,133,754,553,76,144,1121,947,627,538,0,20789,87,1135,427,159,281,650,395,1529,3574,764,115,174,137,0,2057,50,978,724,36,862,88,1011,0,902,7424,410,0,47,2907,4165,136
Acesulfame,389179,19455,2,44,5615,1255,147,77,58,0,12,0,25,1286392,2595,18017,456,423640,4,29,27,50,2,6,1530447,4,11,10818,10334,1651,7,224005,27085,115042,3080,14167,0,26985,0,3148,0,2072,422879,125593,41,0,0,0,0,233,5213,109,36957,206840,156569,96830,81998,0,5,4104,4,3,25769,759,0,54960,73,1695,132628,0,66423,0,17164,10167,56,3,99764,11703,179,69029,0,0,2011,14,3,16152,6592,11014,4690,0
Adrenic acid,4232751,4666312,12191058,717686,1046972,436024,15624816,4018532,2167981,4535771,1209830,1170792,5434864,5501665,7002303,5202824,1886277,6480427,1834383,7864515,2309649,571285,1687735,2791915,8669872,1479132,1999100,564485,1351930,875821,7769098,8592871,6557011,4484825,5877444,2818544,1244258,189788,253370,3151805,376022,252510,2759682,735561,2429082,237419,2314241,465576,444933,276327,627256,546773,449613,1313820,3699675,3313581,327812,693193,2994482,348920,1323764,1249704,817741,489924,838750,2191716,1839309,3806228,1386920,249059,755536,425080,3737920,4406324,227005,1089095,584930,325582,2703973,673431,1642484,387895,1156168,571659,1843640,620071,1040636,2878520,1607552,356284
Ala_DCA,11888,115230,0,891,10240,0,0,0,1319,0,0,569,0,45146,10,2112,20503,0,184211,0,23193,236,30,3708,1817,112617,0,4482,0,10186,1087,983,11705,0,190,3313,0,7568,24044,0,63,7247,8756,46140,10631,9675,1252,11723,2201,8953,0,198,0,590,448,663,765,6634,0,35449,3697,44857,7942,27578,0,2406,0,6,0,2216,317,17298,1468,689,309,8918,7,446,1015,1057,516,14674,2114,265,11,651,22301,23813,905,0
alpha-CEHC,0,0,0,70857,80453,0,0,0,54562,0,0,115907,0,0,0,0,0,0,15652,0,20354,0,0,0,0,26589,112957,11761,0,0,0,0,0,198917,0,770305,259212,280284,368321,0,0,0,82111,472865,419830,29461,37548,37836,211724,54121,0,66282,0,41532,309277,0,0,117646,0,25269,0,47392,27928,253657,22803,446099,0,0,527146,0,0,64593,40113,0,18729,0,44749,192679,152757,85525,47964,1626265,0,0,164445,0,385408,0,0,37485
alpha-Linolenic acid,2934424,28124330,1644158,1562358,871855,43426,1998480,1388971,1560172,1189591,528847,11975960,2604025,990107,216271,276473,340403,1399719,1273991,1254484,2830795,197330,1533700,7784499,885058,17011085,2666994,619945,362191,2512642,325889,1786277,1170915,1690965,723121,712135,524112,41005091,1856234,5105316,193478,1167038,1803393,1250565,3070489,5455121,19039031,1105113,852215,2912452,269431,7413362,815997,1199692,1626844,560141,1523704,3405094,642075,1133094,9768707,1085830,2606015,10357100,838188,452924,2545877,1197900,900116,854018,2920677,362558,3142013,1444526,2272215,364054,10878440,2890210,991113,579493,1074306,2609718,1082621,958922,870637,1674751,2193278,701579,540055,573151
isoCA_aMCA,1390460,72510,3630,221042,22734,252264,40804,825107,613484,159227,0,3591206,21848,33075,32282,419,2340716,23069,21374,1710224,478587,0,46922,169614,388441,197369,4224312,31436,7534,25011,665596,72286,1598337,2285520,421859,155823,1030334,249288,2812273,2026951,0,533685,204180,210204,811596,48665,87432,3720610,194702,104352,297622,257463,482353,499569,165516,296681,13973,4438795,256822,325681,260706,28119,20786,546035,89899,174968,2101147,254362,709001,19431,7833553,4022470,128782,945475,8037,9465,7080886,10634,10385,475829,957403,1156011,1166770,57612,1644660,27480,326539,10043,324510,7451
alpha-N-Phenylacetylglutamine,39875,88549,149574,4334,489,33411,16729,37153,1097,687,988360,665,23081,1348,5320,1272,130,48575,1003,5866,2302,68916,185,3048,4632,534,4077,143,3265,685,2837,6081,8879,236,427,111,2214,0,691,1530385,29547,1677,82,1182,23035,324,74,169,15808,1752,43,35,92262,342,688,111295,44,533,143429,2056,321,435,611,1460,33524,665,532992,2304,8184,330,77476,138384,69,344,17973,288567,66825,806,0,840,318730,346,756,1300,263107,32,166,3938,67,0
Apocholic acid/12-Ketodeoxycholic acid,472921,189715,72,172522,687722,68891,0,204,119974,8405,0,28084,238,205147,160039,96631,153704,222,2476158,0,3867419,0,36738,230042,142264,314336,197,526077,0,580734,52847,70624,35428,1598,189313,259818,169732,1158381,428572,1387,0,576079,285256,1139791,479496,365910,199686,977836,151905,3023842,0,218392,201343,45182,68921,45178,414356,221179,0,1104746,328168,1735842,459501,607231,647,609833,6212,0,180,236857,8691,412581,697870,30993,226686,670816,1909,134788,210724,194011,11176,1080619,579453,517839,2543,496150,457795,393446,59586,60332
Arachidic acid,575750,1374351,697045,986840,650825,1190093,796548,1413968,1824054,1508701,519043,540977,3858847,1452466,299987,1343481,879572,634251,458426,758778,307214,2937204,1055016,1531488,898476,667540,4838243,1851026,11297,1148939,835383,3330572,827577,553431,1087903,460717,480345,931686,1053435,2139812,645196,641489,206385,391003,1721049,837036,814871,808727,273697,1241952,1161655,760117,1529527,969129,591406,1818984,1054339,448921,1369260,1880703,2852931,920462,337955,1538220,1710266,637799,1363192,938897,903325,472533,1331965,552313,492923,986052,788698,822001,2122878,1706875,1156514,961211,1375581,148523,773240,2642152,445959,977601,881745,2301383,1756644,1177002
Arachidonic acid,11251600,18443774,33398773,2863767,2131577,92977,49735384,11207490,7572341,23012565,4459395,3722272,16335504,9681574,3351852,13703613,3975535,20670778,3523059,28235292,3333635,4816296,4189973,10573375,20388314,7009667,2401256,2634112,6909104,1416615,23997787,26158901,22272047,15008293,18451169,2287009,976457,752876,1296499,5940687,1717860,1289796,4369921,1876257,1004865,850956,4415327,1538867,1940626,1592086,2046072,1578753,2895183,4947233,5292269,8030053,771572,557450,15190636,629580,3681290,2533435,995234,900468,3798041,5054309,2515094,14302901,6886425,1330334,2027670,2531260,3458419,11983529,440854,5888105,2031254,705487,4657688,1879426,6259558,1718644,4294614,1368261,2673849,3001079,1353921,12258706,4311993,529185
Asn_CA,12790,7414,4216,4870,430,29200,341,1620,4042,1447,0,10603,10468,106,959,192,11759,216,567,7522,606,0,660,3037,426,931,32689,3700,0,0,134,360,29270,10814,885,896,14169,183,30506,52198,0,2621,123,561,2055,343,142,27383,688,172,3823,115,189,3450,802,1322,591,6591,570,988,324,59,0,17403,33268,78,7564,3828,21170,1125,34778,12360,237,178,922,285,206691,1309,920,1218,9397,1159,16079,0,1612,4966,291,0,2707,185
Asn_DCA,4618,5677,0,3566,586,8478,1461,240,2703,0,1400,918,2438,0,858,0,3489,1132,9611,725,494,15124,599,8894,1823,3207,2430,2449,0,132,98,91,6782,624,0,1875,3476,15455,18126,866,1691,2290,3129,6168,1315,1335,7771,21807,1446,1589,743,261,0,3373,985,2885,3308,2911,0,3169,2017,27246,1434,34235,3198,13853,5398,311,1641,2148,5344,6290,5531,556,2141,566,4469,1225,1301,248,396,8186,6340,1457,1132,6390,3716,104,260,844
Asp_CA,29263,7237,2343,3086,3843,30792,947,3200,3571,138,3507,11527,33878,877,302,84,16604,321,4148,17912,129,2328,290,3235,1555,9043,25997,1598,0,9,724,106,21854,21315,1924,1852,24917,13292,51696,26500,3489,1459,1236,6841,254,6066,501,59389,2102,217,4335,6955,24,3385,201,4086,507,27401,120,477,1653,4161,1351,47711,24369,5494,11034,4014,22316,1129,52544,51220,115,1416,433,149,124579,375,227,3604,9230,10882,17376,689,10879,3028,6528,583,2580,172
Asp_DCA,2364,213,182,1064,3964,8946,0,0,839,0,0,0,0,304,352,14,2619,6,15634,0,2480,127,119,5743,1295,15850,0,340,0,252,0,0,418,5,266,3254,3693,26201,11964,6,738,1745,3113,31204,1764,12407,9000,10726,3022,1752,0,5549,81,2780,942,4344,785,8263,11,4932,1855,7813,6081,31611,23,25014,3,52,56,3157,0,11356,7308,78,1693,1325,4,263,1630,327,0,8541,3766,751,325,2874,3521,4840,0,50
Azelaic acid,150044,25181,143849,79595,136476,104336,33276,67286,96899,30050,45841,73465,57661,46401,188619,96506,111910,54633,145309,54788,254066,57549,256498,98499,44163,176248,213963,2519953,5546,71806,29433,25245,26755,44576,39025,202845,177893,145944,102883,371472,512146,475750,128525,118515,194883,123758,209426,125842,135379,124413,85412,108938,162971,72592,91472,59511,172434,134663,30510,267298,79905,83798,134198,233362,81739,109846,86466,63181,63291,269122,38980,115586,140875,125138,155174,145569,124006,435040,137347,72612,77467,179519,80054,38594,99676,166558,187601,92315,46567,37943
Capric acid,47054,32482,3733,3682,1087,11874,10135,3548,201200,5398,7356,11785,10836,20170,1769,2937,2987,5007,3454,6050,8122,6903,1869,6574,3807,11043,12370,10170,17557,7068,2943,4005,2500,3278,3699,3827,3152,577648,608,5010,4519,1600,9855,4556,10307,19059,4227,6993,4119,18984,4143,5939,2846,10542,4373,4034,16330,3891,20809,9122,6511,3642,8005,379,3926,2059,4100,3050,28743,2906,1769,8087,4895,2985,1956,1701,10727,12513,650,1824,6101,28762,145830,5587,2369,4756,4597,10522,9282,5012
Caprylic acid,3433,1997,114,213,181,1002,658,131,46733,189,269,160,142,2495,107,84,101,183,85,346,93,251,1693,284,105,389,415,342,112,107,141,329,91,89,133,200,200,144628,129,331,58,48,169,277,903,8740,344,409,34,1481,114,336,93,345,260,341,2768,112,392,534,323,324,419,189,235,32,168,145,2841,636,0,47,246,43,188,107,117,8067,891,96,305,5130,71972,315,56,398,210,653,443,452
carboxyibuprofen,204,559,453,299,385,1688,1440,135,202,706,2073,397,221,36841,1110,1130,213,448,558,685,519,406,93,704,301,746,143,417097,722,118,269,341,480,386,590,1799,930,642,271,1772,529,1263,276,49534,359,187,663,1015,545,344,891,230,777,35,195,243,2387,763,377,222,72,100,494,125,263,146,128,205,487,677,247,507,4450,175,878330,1777,234,389,212,109,720,1169,239,259,175,966,16053,976,1575,829
Carnosol,0,147,0,175908,1085,814,0,57,14174,0,193,1209,86,3670,22015,11692,0,18,55813,4394,9486,821,1113,8168,0,34457,1462,34616,546,28359,0,0,342,15206,0,91735,418266,47941,18294,0,0,310997,98305,1108290,42354,362386,65833,4114,2758,7659,0,493575,15270,29181,763626,1163,229000,6087,0,0,89,4188,1911,293610,240,164665,299,0,347234,968506,253655,0,532061,0,159931,743,122753,62766,76741,325609,1645,107779,265537,101362,74409,253413,667,32132,0,540991
CDCA,73244561,398178980,4443993,71325391,4359055,84109209,12228126,47667764,25123227,3741291,3278047,189436266,136393684,1995631,321277,230439,46299227,94423660,6272042,72758335,4108277,288263,7555218,71225314,2468107,2756626,95906234,4366271,5297148,1112412,24228754,40744240,133114424,118598364,1082183,5173575,18971055,4379240,84083274,56195656,170726,5255383,12225413,17439836,4920639,6691606,3707474,70940562,2226450,2015822,59706194,31508980,693846,77389821,5239721,22848098,7252233,9452529,6871382,962314,53260233,824084,1707314,1309348,51234522,1392448,80755944,6071946,93845878,661940,209243591,31812158,932561,32966091,918590,735047,112407723,5186712,8367565,8222783,54110032,8081712,68304244,3514185,40643502,6482821,4741712,3116935,10367375,550153
CA,9172809,40892087,6584129,5997235,357757,43784141,4269970,11700443,4247979,2001397,1532543,16314132,13591439,186844,226016,146949,11802730,12440794,412141,15431273,525430,247740,697398,5504693,401589,237516,19713574,255110,2068,355977,5193571,1503631,16944987,17128670,809818,252637,3293371,191944,15533829,12188921,786084,574315,2096401,1675291,611581,549726,175838,8535573,235545,214133,7626142,673483,205894,9881419,192424,3539962,253040,1697712,2776812,413084,2336772,420922,288913,412470,17228493,393719,13178740,2675033,13858569,240217,25633394,7589170,107804,4854833,259106,236089,20915625,168290,165006,3024481,17583116,885595,9762850,161392,17913830,579597,330141,171325,5054708,69069
Cinnamoylglycine,104,1877,29785,44249,1013,39249,39269,27211,9000,3140,7726,6483,15720,94051,1107,29863,215,14530,23095,14543,17583,941,22879,17214,55843,59342,2546,24346,0,9905,33555,7857,25374,958,3000,11761,2387,2527,2277,3307,54237,2913,1265,10567,3263,31555,1383,2582,1621,6253,1428,1267,1845,54363,27222,45232,3334,203622,43748,6762,1318,1580,1725,1025,198761,2873,26840,25375,51414,4810,105973,5319,1957,5403,672,7120,13368,10731,17628,34188,32347,1847,550,17446,65011,4376,4806,40402,19618,1557
cis-Erucic acid,126550,361582,343641,98639,324106,134487,804582,499450,242502,940390,135987,157652,1928574,1293602,595235,1250434,313592,408215,1199374,534174,142179,612731,907584,341779,767247,226735,402702,476155,0,362742,830993,1443151,605815,384538,953470,79340,150266,146329,185912,1010245,142484,167888,1109012,712639,317671,222075,395215,194297,106794,122303,333704,251131,729603,371199,357629,753674,1939026,117304,400063,302246,208154,705063,168848,160175,252101,122046,244986,276244,463392,263541,271665,166853,1077754,252743,233565,310774,146104,679926,628849,197078,276285,139663,587083,1044482,68877,310189,157467,572684,974427,319530
Citrulline_DCA,2721,40806,0,113,2429,523,0,0,547,0,0,0,0,2426,0,176,2374,0,2937,0,1573,73,0,1683,921,12900,0,0,0,1406,44,0,2416,0,206,0,0,5598,2962,0,0,543,1074,10220,425,1618,3682,1009,36,2067,0,1315,0,1058,496,479,335,1082,0,2983,3025,13857,2274,2251,31,1643,0,43,0,0,0,5705,1816,645,177,799,0,0,667,72,0,932,595,218,0,714,3049,4155,0,0
Dehydroepiandrosterone sulfate,27728,270523,429,416963,1248,292061,0,357826,123205,10695,15915,27610,78084,0,151,0,7651,4818,4675,0,642367,2711429,4607,155480,107004,189556,2881,0,0,42680,304774,124012,345744,297690,132642,37810,52745,483894,230341,7335,614,149,27463,0,610,3037,56901,32412,32253,166309,61832,100068,30672,67613,321808,60385,0,0,174918,45790,174922,197205,0,24965,44919,3420,135150,1129,0,3709,377077,17983,0,9141,591,1667,8905,491,1216,63149,0,716576,63718,308545,115205,0,223711,0,0,18010
3oxoLCA,551,12,33,53,2370,0,0,293,17,143,46,684,59,6886,671,2096,0,18,5253,0,4143,15,5253,0,109,130,648,138783,0,1728,192,802,0,166,27,85,314,473,1305,5,26,1888,687,593,749,5330,0,0,1310,16970,75,670,1443,238,1135,3,24569,116,6,2377,321,4154,2126,1745,945,439,803,0,128,5375,1533,514,288,59,3600,6207,913,17375,3040,248,0,738,319,1335,1680,7125,93,1157,0,5980
DCA,17752801,20989127,14447,8459596,16800278,12301893,523412,136224,11322944,542773,10653,5410445,59375,12022409,4537409,2069690,14932139,46714,33081092,2512791,16422833,29516,1416914,25304258,5480947,23601167,28986,5600748,110241,13721466,4280553,3207663,12621620,1256883,9844658,15763940,5951540,14518857,22741360,42955,7564,15313402,17520781,29649602,11933040,17219326,13160462,27321866,5997638,21969061,58959,20765716,3549110,16609270,8853367,9832793,8998652,22410158,10533,24142050,16625271,27365825,14715337,25205260,30860,16186078,167221,37060,3272006,11890677,2670708,16430222,13722121,4331887,10756638,11460596,77760,2879156,14858275,8474978,4920221,22279418,15814951,6394158,36936,13103190,20342127,16393547,3838649,933939
Docosahexaenoic acid,1956529,6611446,9656476,538321,256447,15188,13019587,1538972,903190,4862346,497631,437640,4124084,1696101,1748228,2761292,636532,3714295,595297,7462571,435973,1384776,2998625,1032375,3729346,1487725,266776,504819,469,158578,4367310,5952615,4253259,3619664,3511206,944093,704778,130477,605441,3034132,240236,301182,1563957,317377,91300,227098,433774,928002,259436,323448,283930,385100,2089687,821616,752843,875140,123920,51168,1829179,67903,840112,220184,117573,217942,388516,542092,577188,2239493,748758,184206,345898,399046,657126,1753283,150552,1286432,96164,123185,1291475,336751,428642,898475,605994,178637,247695,359425,340068,1875864,379811,116033
Dodecanedioic acid,13221,13349,13638,11657,13156,6837,11536,9469,9939,23007,37858,16900,13130,15893,7390,3669,20594,16391,19002,7597,17539,35351,15907,11374,9886,22231,13604,224816,8076,14531,20601,16359,11555,9049,16403,12076,12443,47754,10836,8410,20727,16762,14711,15528,15515,8666,18439,11497,9627,21222,23001,10792,14757,8044,12193,12160,10102,8295,10034,27902,10820,11012,16343,9882,11033,13761,10760,10785,7112,17903,9672,9989,11794,8124,7546,19830,9745,12562,7214,7803,8889,11262,13330,14922,10570,6966,9516,16169,12255,6419
Eicosadienoic acid,2117896,2530158,4408219,417995,490759,18504,4626646,1026875,931955,1369287,913455,575193,3295359,2840566,3941695,5004365,969658,2899258,1276526,4305257,662393,215151,1097635,1391637,4691195,813838,1067178,421325,673,895358,2254688,2527493,3013216,2657879,3815452,989242,890046,629737,184077,1920780,181937,216163,1320552,995253,1223358,399326,1564860,348036,248196,224017,354027,581062,294746,565565,1944783,1158157,526195,364370,1460987,334098,565708,1536092,529184,353946,592100,629782,1365322,1584643,690220,271178,719784,196674,1943880,2711603,242629,718899,509181,480731,1748509,357420,983596,479988,579690,521677,1224841,324961,725148,1121412,1463393,235068
Eicosanedioic acid,1935,2013,2126,1570,7041,980,2313,3060,1955,3039,6220,1824,2342,1685,2176,5271,2417,3141,3350,3228,4599,3963,2802,3056,2019,1964,2642,27984,0,2365,2003,3152,2129,2379,4347,1852,1370,2091,2015,2594,3161,5414,1561,4959,2312,2366,7119,1727,2260,2021,3836,1928,3142,1874,1909,1846,6770,2586,2360,2576,1799,3597,4161,2916,2011,1952,1912,2405,4148,6180,2172,1595,6494,2225,5141,3524,1945,3268,10024,2457,2201,1126,1857,3840,3733,3458,1823,3833,1924,5219
Eicosapentaenoic acid,531115,1238109,2261006,89128,67288,6696,1372147,518651,216131,1468778,208196,156128,1269901,173563,40140,825012,65409,802714,138229,835027,123504,196118,1048458,153310,314789,354127,54381,42168,194113,45481,439211,813311,697726,494407,450639,70556,28338,46758,243370,175632,55297,56101,123589,112657,52321,83696,92515,129259,88149,132763,45482,79391,565107,374179,141725,254950,37443,22049,636933,61807,131310,170594,37297,109831,241946,239583,172119,745111,187463,56615,108669,154019,87849,269635,66189,266364,128179,44801,339175,92490,204036,141692,333059,43509,127334,93131,76086,340370,240091,29128
Eicosatrienoic acid,10065633,8559832,19424999,1046865,1004386,67183,19167622,5073018,2497457,16567321,2481354,5483952,6319497,6852032,11430140,5625405,2618263,10696612,3009158,12205017,7321316,1304249,2151621,3287705,8634128,3571146,8357587,820206,1804908,1077065,6955749,8089058,10083845,7819075,8749590,9534915,1517128,1184747,1386151,11902177,720575,766692,6008603,1361260,8143824,509647,2836424,1275734,4234919,1075440,619013,1271293,806863,2653006,2952004,5111520,458752,5467103,5391754,2776479,2476489,2059379,676271,3599997,2943299,5184700,6648302,8498614,2685836,498654,5893074,2056162,4396757,5173739,229316,1568287,3256432,631122,4088053,2824451,4865059,1033262,1751748,1792343,5950715,1046415,8413879,2938255,9394185,351417
Eicosenoic acid,1397371,2617204,1508273,417595,1086230,189652,1893006,594009,783686,1078151,236717,666025,3607305,1732452,1314469,2640321,548560,1237024,823999,1635236,706399,210084,1598864,649120,1748697,1170205,1663504,908917,252477,1303872,1048530,1155991,917754,954455,1524447,476777,876084,1388850,552778,2055204,227336,242239,1094194,659820,1141671,602922,1173327,639201,319462,795027,331062,827278,363266,753962,1190210,2708982,1898148,513781,746330,680239,1565588,1708199,1162568,1710632,630267,406459,1108938,778565,538183,432083,893540,240261,1173224,896510,629348,606350,1829165,1080983,1375574,579812,472530,800753,389686,778396,506637,569331,771730,865658,774969,433897
Gln_CA,17078,17432,1138,4771,848,61008,1299,3493,4188,127,0,10597,156464,313,2146,299,11440,3139,1327,24627,3039,0,2422,5700,580,1610,38916,4407,0,190,474,0,48852,24029,779,738,35926,879,23448,29461,270,3063,456,896,3894,405,1045,29798,2281,315,2861,195,715,7526,1979,3472,633,15792,1635,1446,0,447,677,31377,24342,4657,9349,6459,26852,2197,42925,34829,152,918,2384,746,136277,2444,2642,349,10822,2011,6056,422,11175,2639,771,550,7015,2581
Glu_CDCA,14607,11970,214,10334,2824,87445,2255,5983,3446,109,0,24129,147497,103,3443,339,29468,4839,2165,17090,1998,798,2006,12790,5529,5121,95881,4340,0,675,4624,6155,18501,13212,2581,9289,38512,27567,93510,18068,8811,4118,865,8976,5860,1738,1050,278249,21153,2975,17718,34764,458,4449,2214,2477,1117,17721,810,4217,6044,668,2644,16088,113845,496,20851,6007,23981,2434,72963,161164,153,3261,4575,512,212776,4040,1806,1519,2488,4879,19717,3928,7752,7406,890,176,8215,1218
Glu_CA,56179,21571,8206,20064,3818,80004,4603,19354,15940,0,773,50329,499530,119,2819,650,56488,5549,2020,63854,1337,21210,2599,22611,6069,4233,288153,4054,0,67,2663,5656,94700,53098,7595,9190,129614,93614,241637,82073,16180,5750,764,9182,5961,4337,8165,444431,11795,3358,16894,24988,720,22351,1431,9887,1018,43379,8067,2142,8905,206,4597,129977,256481,9615,80455,21665,79744,2265,380301,284795,20629,4935,3253,228,1045739,2309,1624,22335,26564,5290,64895,6979,142517,36303,557,68,38212,4193
Glu_DCA,14085,1771,196,8283,25778,72183,0,0,6617,0,0,1963,0,5169,9356,1149,15911,128,115481,670,26114,0,4373,46431,7384,128160,428,13082,0,10020,765,2113,10525,626,3370,19950,27758,309256,103332,317,42,40004,7958,108087,23024,38445,59341,147333,44236,33226,12,34318,4440,12264,9846,11744,5037,47745,1099,33473,10057,30942,35921,266654,2911,32844,854,1235,969,18959,3531,125118,47495,5326,21739,8110,953,5938,15888,4457,111,41157,21876,19574,4856,46915,10444,11999,3804,3165
GCDCA,185042,34856513,25731,1170376,28508,308545,205772,109204,59022,12660,86364648,121095,69961,270306,11366,10984,132842,596359,352502,105656,113780,86841110,344562,130990,33782,91299,146715,86794,4137,26679,75028,450731,247201,124645,31232,110241,63811,124681,685086,94197,91156449,235571,677462,75486,97637,103696,73943,213330,139933,100430,8386,177400,44497,69366,96032,167507,97792,95761,131854,54702,176121,24203,50201,16575,178274,19438,682679,36032,183395,44615,206383,125922,72059,154374,21098,70682,563927,143257,64904,201854,143446,145209,174050,96130,97579,143800,150868,111771,233905,84280
GCA,15487,44672568,162821,330898,10198,134904,176484,96117,26993,16963,101699063,54006,161972,62038,12935,3910,17108,446588,58824,62496,17090,74767898,165414,12195,12761,14583,268431,16483,86672,104153,50313,32691,83455,16828,9515,45292,19303,42211,167468,97902,139426073,155362,449754,24226,9202,50460,28841,95749,55601,21056,14486,5985,44094,15678,18076,13245,25302,42166,95229,22751,42734,20146,17889,14671,370138,11582,20085,41544,107682,30785,83552,77702,7800,18793,7648,38833,545689,28695,44823,15718,114911,146453,29101,51647,144867,122831,122344,12258,79419,22977
GDCA,8485,10857621,0,115586,18549,52767,3029,21,11369,930,121048,3972,0,249544,876,8303,7886,321,591456,724,72414,25428831,1188,23753,5011,76117,13,11809,478,14905,3745,34020,12405,95,8814,46223,1293,138799,106602,17,109977,108641,183734,134844,45056,49785,10971,245476,48053,28320,0,9623,40342,10761,13861,2117,8544,58802,13,187422,22317,209603,35754,107802,0,11453,22,18,238,27919,168,106907,11273,1758,14290,49292,103,8767,9789,13876,5053,222945,5477,12675,77,10988,180651,58978,4936,2536
GLCA,1307,27242,0,58751,15288,0,0,187,87,10,424,629,164,53063,516,7854,915,0,307019,495,59274,0,349,632,2524,47576,671,20138,0,9189,244,8589,1600,965,142,13522,97,7350,12092,0,0,13361,22519,32547,24619,28891,1442,45241,23330,3352,0,250,2246,29,2046,0,13133,3133,236,64788,2696,91803,20095,12475,0,1562,466,0,580,12198,622,16024,2649,0,1422,13793,1189,14751,5569,377,98,68821,175,2654,0,1415,72448,20698,12,866
GUDCA,4560,2527910,0,56486,198,7372,906,2197,986,4969,89410,0,489,17212,1671,0,1738,30680,13669,569,8230,1613685,2533,87,1542,8239,0,109,216,624,2949,12286,11006,3373,0,10963,4551,23860,49358,1628,24555,47555,60002,7817,38212,19537,416,38176,1717,6960,0,7200,0,489,1823,7614,976,7229,10016,8429,3703,5179,587,4914,628,644,15431,7218,30242,1827,4129,968,535,4615,768,5671,68814,11280,461,11502,8301,19393,6251,11477,1085,5534,14953,3796,0,427
Heptylic acid,66,0,30,16,0,48,0,0,0,74,100,14,54,6659,941,30,24,89,43,0,0,61,8522,0,0,35,0,104,45,57,53,274,12,37,22,0,0,0,0,15,0,0,25,74,15,104,0,0,8,12,97,25,0,0,1528,15,357,9,16,12,32,27,0,0,66,7,15,23,10,1116,22,7,0,0,45,0,0,10956,6660,0,106,9,200,37,0,285,18,732,0,0
Hexadecanedioic acid,18642,21805,36659,15728,29183,46761,33852,28475,21632,27904,40566,37740,17966,29929,19293,17582,18504,19307,56608,25364,95144,42200,32121,34114,23967,30430,20991,34837,20855,24256,22352,30164,16078,16867,30491,31113,17619,19408,10530,16693,20976,32228,17017,26056,18648,29285,48996,27076,25757,32894,23196,21058,23904,24218,21652,13079,36656,27165,28162,44206,23824,26697,27873,17693,17727,26970,19732,16681,18426,96746,14127,30203,24696,20899,33800,35347,29823,26237,13396,21007,35312,19832,24924,27678,18663,21501,43195,51482,55686,23877
Hexose,666829,1439631,927469,1558635,1081643,4701713,432131,3237900,1022485,55254,767474,1668435,1505067,186715,257477,126153,365808,1875387,719806,534908,1201246,143829,304551,616548,356508,808021,2560273,127740,247956,784318,256989,542593,569760,1823753,420232,709962,439929,965353,617079,489500,2915096,893554,111952,408536,430940,619404,444051,414303,459569,644018,617507,1177187,169621,1903761,1852073,458588,101865,645871,1460729,1188327,407926,314137,968341,595921,618984,369986,875538,790060,505887,918005,768161,1092896,1271827,663019,319825,389249,800628,466284,266740,949120,914583,226394,643688,486559,1259994,406202,790289,299723,487635,121251
His_DCA,11420,245,159,186,3378,0,0,90,1821,0,0,2873,0,434,2744,498,24706,388,11485,0,2539,0,605,1922,495,7357,0,2441,0,961,0,0,9706,65,0,1986,912,22538,5424,206,0,4252,2045,38758,7097,8401,17050,10535,4031,9999,0,5079,610,6306,3151,883,322,5217,905,4414,3569,15413,3224,35166,0,41991,0,0,0,2056,0,8147,29486,600,5782,2073,74,436,5065,4383,140,10049,8829,2221,218,3746,1740,4309,0,473
Hydrocinnamic acid,122982,980,50766,5566,9432,480,86071,1846,32034,186923,365,24659,958,17564,367715,227681,25863,445,225639,81397,59502,151,337704,4933,1455097,89278,3054,46929,185,155551,25768,8088,9217,44447,92611,4020,13314,1579,9966,431716,394,31936,10414,10029,904,192931,23020,117098,769,22702,11593,6983,2583,8587,216992,11233,18476,19376,670,28643,76049,7415,53781,3811,24519,13060,19667,28199,31431,70208,823,4453,40580,29025,5487,1889,5604,297432,1063305,13078,931,29339,5853,1363,229,11227,5820,82876,2312,19535
HCA,276537,6314,1237,71581,457226,611,119,364,18753,2418,2140,1295,496,1453885,490884,194016,68406,602,3021460,502,2889218,1317,221652,39111,48880,721453,506,2191071,939,953879,102633,184105,7785,693,74837,304083,18449,315157,39067,5057,2790,412708,482424,516705,789761,638477,182058,243925,789981,3627192,796,194910,318320,52028,208977,19394,2020108,67192,1324,1424648,309746,912129,366938,116155,546,154146,2134,2713,562,365166,2278,310577,295058,11652,295298,715780,1608,1967625,319273,68812,2538,1160477,141144,577602,2565,251719,493421,478602,24954,149406
UDCA,956407,1498704,2269,279982,299676,3332930,19859,315537,196369,38072,0,78298,19248,391346,52300,29686,587878,72477,2350973,144459,335144,0,135797,248067,176959,661667,28168,336815,311,160002,248902,315975,719542,578451,75601,696480,380600,380254,2829398,114901,0,461410,313233,1523388,288891,859069,250410,1761610,72877,251836,17637,971227,17846,238239,135157,683735,337262,323099,211916,286859,580797,475650,260872,171481,8144,69240,3615474,143800,746731,414299,308168,89188,225999,812113,205164,177079,1809116,109703,359135,648213,819656,568549,683943,191994,40094,622457,538671,487341,23340,138774
Indoleacetic acid,4616,744,778,751,1867,3858,17423,6567,3044,1029,4996,1011,1461,2188,2537,7171,641,1073,2536,1879,1620,1743,3605,338,739,20021,1208,1539,140,6010,88040,1385,1578,764,2076,13038,784,2435,2012,5076,1223,1480,13874,18629,19208,2663,4232,1643,785,2896,1191,750,2541,3732,5160,931,8601,46051,5532,1896,2241,50256,1530,701,686,2173,27683,37466,858,2789,536,2478,3723,729,4454,1341,2753,18680,1229,13813,5009,10012,2107,16497,7777,8979,719,6841,1240,959
isoalloLCA,61782,2011,0,3809,133906,0,0,18,12625,45,0,205,0,166666,153019,36805,23908,0,550913,194,285166,19,45599,2580,15424,77513,35,1122199,0,79591,4040,19092,5877,212,13315,5101,2901,5349,26803,637,31,102715,128509,83964,144874,210299,25672,7583,94481,214644,0,134538,16051,22932,127634,13431,702369,4869,10,198475,73245,211728,147836,116564,0,85744,654,365,0,144213,1955,43701,38625,6792,87829,95530,157,170282,362999,17357,0,28730,25962,27277,444,332932,16109,107238,0,274601
isoDCA,3330440,531776,855,720251,5449580,2005949,10267,170970,2035400,75595,193,1168494,15969,2349385,674440,399658,1960272,12754,18570871,279985,6290343,1073,236275,5287144,817972,8772580,338683,1191788,25390,1474444,488790,516924,1606629,452563,1082278,4494558,696245,3395726,8305750,122061,105,3304050,4749639,13906353,2685715,9284679,4600887,7745684,3628666,6654686,95553,6672925,494292,3337296,1921718,1587248,2544467,14771384,28609,4321080,4740322,6174317,5627585,9153810,15392,6050394,339559,19784,93628,2931103,909958,14386281,4386617,1056333,2362401,1000085,499873,373972,4070793,1526510,457992,8990494,4709226,1263590,88088,4409747,10802139,4634124,504902,399791
isoLCA,9527,604,0,0,998163,2314,484,0,1627,0,0,457,0,847450,308807,275518,924,1107,2532342,414,421217,0,809293,338279,12412,2578923,1718,1525617,3094,259473,1538,41890,40128,0,3784,1539623,61103,1219897,41342,1100,0,732922,25702,1912602,71224,1404536,1295262,370986,162830,137991,0,122981,65257,11752,228234,0,2220966,807576,0,272793,9865,844092,897599,42961,0,11943,19273,0,642,1871936,16777,16228,1338134,18233,451293,1308196,468,2396549,2282251,7242,18505,1282663,30548,7950,0,632782,1864762,1118449,47372,521534
Juniperic acid,2721713,2525327,1979193,2646234,4356484,6094103,4388805,2811737,2329197,2656757,5106246,3067359,3010613,2246056,2144282,2699029,2472330,3016292,4617307,2860796,6190884,9883723,2818415,3793321,1810308,2649870,4546161,2521494,10466484,2386367,1978479,2733986,2251592,2491824,2627915,2883944,2266069,2469946,3157176,5682144,2675174,3554875,2776118,2572627,1961076,5054652,4100982,3391257,1881826,3106569,2291787,3049828,2939079,2791843,2181598,2029171,3944690,3506567,3128177,2075747,4189580,3644530,3367849,4988035,3436730,3744684,4419789,2308233,2714901,6591485,3478836,2212908,3907797,2014481,5646910,1989145,6367166,2601755,2951992,3305419,5367996,2542385,4570339,3794206,6221339,2862455,3359696,3196088,6036689,3292044
Lauric acid,153722,124415,15541,13505,14830,48131,61578,15928,3836930,17152,14342,101557,115799,296373,5258,6958,7260,15038,13342,36416,288913,14496,6794,42884,11459,156714,838522,111596,74349,45510,7099,10264,10452,10623,12610,26470,15917,22214949,7247,38472,12450,15728,225161,49054,52963,62869,36858,49395,64740,86595,9758,76385,10602,120711,21421,15964,171543,42528,146149,46410,31598,22045,168834,9881,17044,82292,25651,10746,168865,20234,4934,135118,45195,318670,8539,7768,131866,483738,8430,6649,35258,644620,3254337,39788,6374,38022,32390,148186,41103,28103
Levulinic acid,15005,52567,153198,51938,28152,43765,128386,63886,18415,19218,45529,33980,116571,487946,51531,137627,108602,31397,264648,59383,129503,78128,41123,42015,145583,38651,79851,477546,93172,96656,203155,62555,37520,8401,82525,41016,15450,25264,24139,95389,11655,72311,32476,86789,140919,48733,7069,18590,82539,58570,12127,7663,35485,5749,54122,7599,56874,85559,404578,135913,41305,77217,15900,47953,15844,19774,33318,59384,7406,32999,17091,48822,6910,12664,9839,260450,44370,59309,9471,34350,12534,15243,7319,6882,33788,11860,35425,396336,80727,28087
Linoleic acid,31852600,76838978,35575615,10871823,25745724,1404609,46466780,15537158,29120824,29486507,11574630,47344570,29925604,19850177,3283970,7968157,8336858,32837784,7557993,26382061,53398297,6416275,14530132,19066869,21246753,38258773,28101626,9189801,13654888,25549292,17412112,38831617,27658156,19974792,28374266,10903437,6956843,132077749,28051492,35998605,4619281,6425634,15097547,14940172,19665622,25490319,55820064,32271154,10193076,99496766,6103096,31942348,20966268,17805491,16171681,54746788,38542658,23443487,20747373,31420828,39022448,16865892,48606963,54295877,11256326,9237859,11833943,24523715,25382749,8821138,13022997,6023838,19161794,15960339,25561878,6140006,27981248,32452279,13473133,12126996,22848985,43186107,13203766,24925044,14093962,13666446,17707596,19070521,14799698,10383530
LCA,3909929,292336,4358,2295983,6696244,30231,4598,2923,1568395,43809,8807,25651,4345,4868501,5079397,3487894,2741635,5910,11461390,4810,8359486,4769,2426273,4117566,1377246,8764050,4736,5081957,30345,4198263,600230,1652194,1349224,30689,1264381,5389489,687928,4203943,4314705,32224,10938,4484574,6113996,7796514,4212538,6054312,4531940,5914529,4006168,6828656,3063,6373795,2137616,2933966,4543091,1177478,7936406,2540817,4139,6860177,5248229,7489540,6392772,5093831,3314,4623920,25039,16847,3018,5489676,221970,2480565,5512524,631770,4583931,5712874,8216,6325159,8519172,1080679,175217,6674275,3325267,5499005,8033,6730339,6039827,7053790,426993,1590674
L-Urobilin,576,637,0,40977,117669,721,68,0,368891,538,189,2378,0,4049537,93245,252892,175,436,851839,805,90298,0,12000360,93184,74136,5372713,63,13511921,0,1845598,1543,237616,490,7352,227509,5958,914722,715,12780,124,0,340464,1256682,3841776,1097,5387196,167677,8788417,566,26052,2714,2940970,1011699,28071,4143173,0,2125352,452,0,183393,1289566,1957687,654342,5538,0,219,4245,250,428,5713972,106,2706,80948,99766,23997,3648604,125,6091654,1476767,290,144,12102390,485672,4931,0,1039752,13103,2102619,1192,337026
Lys_CDCA,6878,16321,0,0,9445,0,0,0,495,0,0,80,0,7688,77,481,885,0,32816,0,35781,0,0,2631,699,15139,0,0,0,9037,0,0,9479,0,0,4535,3804,7897,12889,0,0,4899,2594,57970,5562,12043,23256,18770,756,14932,0,3617,0,3961,4019,1453,910,4531,0,59104,3884,47326,4785,11781,0,4923,51,0,0,602,16,27156,35311,2980,1360,1238,0,724,3609,3296,185,9159,4088,3960,0,2342,14732,14268,0,0
Margaric acid,5093296,8136714,4859867,2168524,3074020,411818,1966177,1434670,3271335,2491473,818202,1515223,8537155,4774929,2555095,2432056,928101,1600042,1985218,2029189,2053205,784345,2352803,1164974,2104252,2557159,9832373,4527944,614339,5150586,1208384,1295147,1488458,3149822,2162073,837711,1074493,1260057,1849512,8430839,598163,2078401,1535563,2157889,3834134,1952535,1394268,1161986,2193084,3618514,769680,1891383,3493811,3694103,1939095,2433706,1997001,2106349,5927776,5426074,3707840,1916977,4181130,2364167,7126503,3020146,4899219,1775938,2430177,2621282,1129190,1977203,1557760,2088334,1866828,3044568,5596229,1996733,3457602,1459855,1470031,677405,2497965,5368935,3373008,2846943,1460855,3288819,1406167,1395632
Maslinic acid,23832,72,464,22674,83615,0,0,49,15682,138,0,2727,220,9757,1756,4802,0,3412,147719,270,836642,0,225935,97934,0,13288,15681,44145,0,12198,0,1263,703,1537,1427,16339,15048,50920,124681,90426,0,203021,3599,84659,44023,61631,9174,28514,54149,324788,0,11330,5190,14169,94943,36987,23771,16347,452,34242,2534949,11493,37822,7474096,1534,13244,6571,3349,15319,64794,36122,31690,202701,216,63045,6506,6598206,110686,7738,47914,1663,18656,6431,25384,60439,7722,12777,27875,0,15553
Met_CDCA,15784,0,323,1520,11034,0,0,138,2911,138,307,1199,0,3541,1111,3589,24225,167,19865,578,6210,441,833,7825,2982,40358,229,3388,438,5784,339,628,6470,464,703,3423,5086,6464,21620,837,293,5289,5715,107380,9877,17196,7056,8455,1055,4805,799,10823,609,7634,3718,7032,1983,9239,523,12207,5056,43087,6340,19585,768,11519,2495,583,452,2339,0,23811,8092,7247,2627,2964,485,3002,5132,2179,996,10622,7918,1335,587,6426,16372,10450,0,1776
Met_CA,11530,18905,8313,2119,640,0,0,2352,1887,333,870,12626,233816,100,1529,747,25089,2962,593,36965,1563,1119,1101,416,1402,339,19213,718,0,277,866,819,19668,22219,524,150,5808,0,19988,14340,1435,2220,2363,1773,2897,1718,248,2355,1568,537,1835,1225,551,5275,2251,2299,187,9608,2883,1906,1463,898,312,4424,15092,1830,13444,5095,18807,1869,32811,10074,99,6077,5242,558,40759,737,1100,1294,12263,262,7978,906,34425,944,82,6,0,101
Methyl dodecanoate,11019,4525,5805,2034,6659,8649,9103,6819,7859,5142,3192,17618,3264,9982,6798,7989,4644,1558,33456,7615,15597,2979,24140,7310,7361,14716,1865,20201,15976,7533,11705,6216,4999,3409,8814,6727,5561,7618,9340,6389,1967,19465,18538,8646,9259,12243,6467,9461,28352,32608,2973,8394,10184,4005,9696,3287,12784,5230,2090,16451,4939,10539,9345,9316,1711,12909,3885,3605,5029,24290,896,13283,7170,3968,29941,37328,1256,14382,19562,7142,5682,10125,4666,6191,8931,8658,7498,10363,7350,12821
Myristic acid,1959098,3343349,546406,342227,797010,284689,746348,373836,5529007,427390,258218,2218734,3427560,5537927,383181,238011,177931,357025,664889,679521,2296934,245846,469824,395109,306308,2547416,7412962,3006499,432335,1705997,298144,249104,352215,358315,461973,375466,205192,17535051,404049,2001827,296926,482858,2302325,1089441,1785327,519426,764841,925815,1102427,2417053,272907,1289623,499755,2642096,655611,549739,1384078,889172,3583864,1544485,840945,868032,2817708,329576,1086574,1448449,1407418,310922,2243230,1029202,167077,1891334,1379623,547021,309101,464586,1858419,1811180,522622,278292,467789,2108369,5792098,1421440,518195,1059209,632140,1562676,353657,461649
Myristoleic acid,100967,127202,21152,5120,2711,2573,31098,9367,29084,20999,4681,96192,35110,74662,11054,5354,9113,14119,14117,19228,90571,9995,9017,4956,11074,89801,44798,12532,6843,19953,9514,9384,17281,11644,17272,7248,2932,6083,8412,37152,5809,16254,80727,30627,56799,12212,4941,27800,22612,103382,8269,27372,6024,59653,14371,15141,8511,21210,46554,33991,25542,12401,21272,11391,37481,17637,21476,9266,111739,10304,13338,28837,7460,4958,4286,12886,35417,7491,6009,6385,6906,57226,11127,22163,7027,5944,8839,15966,9126,2870
N-Acetylalanine,4586,16397,27418,5194,2414,6610,21454,8710,3355,1964,8205,6281,20325,9153,1072,7356,5795,22578,5977,7126,2805,13388,3250,6133,13123,5870,8967,4254,9969,4605,12999,15129,4637,2523,6687,1279,1537,5084,1965,4807,17314,3035,1913,2978,6220,2532,1363,2923,1389,2810,1762,1442,1887,2340,1451,4708,746,1684,20130,5662,1591,4822,1766,2138,10282,1494,5660,7712,1733,702,7788,2413,1680,7732,1541,4362,6041,3202,1618,2647,3729,1291,2517,1416,5573,438,4301,9222,5608,1013
N-Acetyltyrosine,36252,2231,30706,7609,2484,3513,7860,10341,21548,1428,4727,15766,8019,18665,4229,15540,35698,4435,11160,43827,14770,1859,29740,16000,6256,19410,11881,37410,0,44752,27015,10815,6999,35322,3588,321,8972,765,4040,15164,17594,4380,3319,15531,14826,4988,15304,7133,3394,10359,5590,3942,5399,21014,9778,22589,0,10036,21844,16573,12543,8548,1899,2342,6749,2089,16364,26837,12735,1422,16357,2699,14874,21505,1882,6100,20733,24745,0,5554,6050,5845,13808,2815,18991,0,9068,30151,18488,2595
Nervonic acid,83124,1023068,226569,215105,60956,33769,586164,959242,453548,1573055,213163,55844,3175990,2319881,631055,1936584,1103899,471324,134540,746757,127280,6188974,1471706,946734,1546987,256119,1088545,1147914,7353,1584936,1315338,12641259,1218321,403333,1733339,78043,299328,71049,119058,1878705,252305,450676,257160,214108,416981,247929,264797,330618,17242,281980,821026,314106,3039754,1509119,1277320,212613,597412,77092,316666,459207,219901,238887,63425,27748,662029,209017,779220,523040,139047,69226,1542876,78695,683737,1149975,401689,609775,113465,2140550,939195,257514,487169,76807,561580,2692766,59559,495294,168499,731519,1636123,702565
Nonadeca-10Z-enoic acid,453477,901090,542247,86969,101796,14022,467974,147411,189558,305412,51106,156492,769129,576822,374813,182167,88376,290826,111969,405522,304996,42696,103554,151063,257553,379795,373349,145883,40955,161197,234779,214100,150221,212188,274611,151587,135154,437465,151933,495123,25665,61948,313712,233077,327765,142591,355649,109456,95304,362322,44819,263689,93928,252493,158955,691776,195249,215982,229622,183376,559663,121464,203338,302855,197524,171753,202449,142735,282215,106899,164421,111464,190609,150387,69183,76562,973167,100114,190647,64483,92480,146464,104330,207267,141210,117477,149739,144627,112435,61948
Nonadecylic acid,54381,188153,88345,70552,54050,26424,85985,82812,132708,95771,26556,36202,513972,260010,14222,105098,32525,55095,31352,73078,37816,55752,78320,58961,88999,52960,482977,208914,39541,180432,47256,107891,65376,106477,89482,30957,27615,44797,45061,466049,21108,47213,6988,64939,97444,79394,36523,52161,28639,104039,47465,62910,98854,125322,44742,41738,62331,33708,265229,143993,81445,54701,55399,17172,221421,19428,198920,44911,57895,35350,65593,53616,51995,65986,21775,65889,133531,80476,73605,52021,113392,7091,45206,117593,29737,69395,42902,131971,232707,53594
Oleanolic acid,5427,131,567,115655,340109,0,5017,67,7157,0,0,440,0,41318,98085,31977,1372,790,2871179,1761,1158983,0,418274,222956,0,53031,46383,391947,0,37348,354,339,911,10545,3308,369100,215251,4784976,1435703,2695999,0,4948130,55648,1026302,198180,229707,10766,71298,29903,87579,0,175621,21043,18722,158324,40558,363331,44600,0,14149,719983,410199,92235,1600456,17654,8359,5641,870,6800,407525,32204,8507,1726932,2970,149283,41840,1499971,36290,305758,276524,5819,88957,22544,40640,96927,77862,19165,113382,0,333405
Oleic acid,41836491,82443913,41301411,11767766,19581642,4063368,45454877,14347827,22733135,33984041,12558663,19089833,29544244,28741312,14677913,19204620,14009525,32102388,10852946,33908577,25338763,11198251,22796223,20291852,26960909,42127732,25604162,15021713,11099989,13457971,25575463,31887434,26459508,17912035,28838315,12325295,10162765,71860571,33034945,23939815,9362800,7639267,21559392,15652105,24437586,16488916,43692005,22275748,8558887,93787168,10382065,20788052,14480072,14961237,14078634,63579827,52681210,23578463,19722623,25005395,91733011,13567651,43196910,82768067,15116580,11286977,12038670,23670149,38079358,11262694,20804647,7887064,17653344,14468562,51262600,13101244,104056497,20472948,20716407,11594515,16013012,27422119,12473235,37148642,14731862,16069981,17668785,25571080,18405893,11211415
Oxypurinol,674071,1740224,710677,821401,2027723,786390,3989612,948374,1001969,99291,505138,1912939,1467019,2687605,829798,2077958,1285177,2487451,1066602,1055837,878808,413606,2691613,777789,1941685,825461,426943,585422,1175536,1345573,2792805,1924558,1203836,684143,4816874,498359,942504,1724874,1170193,723936,1387500,935245,1244816,2164278,1049443,1026312,750173,2200140,1717945,870204,1153015,1090870,2059678,383355,2146118,771524,1191540,349961,5791,1933552,1055115,3465798,1570856,1064416,488193,622250,674759,602017,455632,1294918,239068,1590899,605150,1355134,882957,1781474,463771,834584,1324291,572860,2048620,1498851,678298,1710254,1460734,538418,1224806,2343531,1294298,1424936
Palmitic acid,25030572,41941882,27984450,13074442,15987971,14815684,19765386,15060065,20280570,22173110,25906516,16964003,35617608,31105965,10936203,16050081,13482235,19355414,10941562,19084806,16277769,24213484,11906748,19014116,15572039,23849311,51290957,32363290,22360342,24793864,14091388,15851026,13853871,18056359,18630767,11443826,8991531,22198199,8552424,31220491,15715389,9616961,12867569,12816834,22791857,13389275,14422141,14769218,11275154,23666080,14145626,13074700,16663465,16143667,10287238,17593883,18959111,14814623,24011719,18693927,29416229,11876677,21784652,25046899,19428135,13434265,21380129,18207474,18808816,14646439,11954978,12997746,13935461,10237991,18167430,11485645,31015239,12038939,12743841,10503457,17846684,12267418,14413510,23900448,15883618,15223208,13423585,23913883,22798303,15276906
Palmitoleic acid,3250693,5954181,3559573,1350399,725135,145445,3616594,949154,1311434,2369889,466389,1321378,2791060,4509905,3771420,912494,1164711,1700723,1323269,2727879,2164713,514855,2223758,597262,1834828,3273980,1978039,878539,601335,1272904,1641712,1189420,1989761,1961539,1972274,1387100,683829,3843050,1321454,2626430,472662,1980929,6228622,2663465,1934744,2773151,1016838,1808311,1066623,5446587,599777,1482424,1201216,1297834,1656868,1158894,918138,2107187,1454448,2897739,9456330,719143,1693778,12993040,2014167,1817988,1797939,1277060,2193218,1649473,1513478,766811,836731,1289641,14967157,2200083,8198984,966638,1043826,684429,822444,4894337,739016,1181962,1662453,564109,1834286,1078425,1322731,565933
Palmitoyl-EA,88978,37073,52489,24190,18759,7382,34625,8277,36074,29784,3932,76960,28123,26797,110064,6997,16976,68552,30942,33868,63247,4958,16977,22398,27754,7454,386714,3447,11703,11908,14749,28544,30629,36471,8676,279334,46485,8855,45889,68702,5367,14713,41080,138983,331994,12977,23770,22171,140910,8991,5980,28927,2655,88711,45972,11101,9139,216934,10878,11891,50446,45609,33445,21673,99599,20656,102597,47950,35319,8393,155243,77549,37109,71819,11588,10551,254367,13195,13256,105640,45695,8957,29829,34435,199311,8536,54646,27576,142516,6349
Pentadecylic acid,1211781,1503521,926020,348711,658221,302223,684769,908173,563796,791009,286427,1391043,2685188,2689350,1806200,933288,310521,362080,1525992,631864,911378,279457,1461629,273033,504612,874869,2391909,4777813,478942,2068027,1109814,633337,268241,332100,1185782,697793,750673,180111,997575,1345969,292968,2656263,1246272,844318,981039,309968,266954,1098236,1769729,2093594,319166,670582,3484258,856242,881701,358676,1292269,630930,2021532,4004561,390801,1224679,1312754,540169,1297582,822990,747030,278231,1084062,1503438,233938,1429585,553403,456125,4790623,5643037,1215854,890887,2618054,636214,448234,1420720,509306,2129358,3572724,1433014,1073478,1632275,321788,1550356
Phe_CDCA,39176,68159,841,4374,2712,1822,1033,1447,4996,173,1228,36223,397377,811,8854,2789,20216,8838,6263,45065,4682,1964,6027,12628,5249,6431,13376,17591,0,2666,1962,5602,70521,54380,1411,9223,17307,4624,8557,14707,1027,4419,6293,21045,16610,4426,5898,22402,4740,4931,1199,6607,6289,9272,6988,3400,4558,14856,2697,10520,4240,2025,3466,8959,21319,3340,51424,7353,22525,7519,81114,8746,3247,41740,16038,6091,17960,8103,3496,3443,11558,7092,12841,3499,17723,12362,6600,2604,3177,3121
Phe_CA,121025,1125959,33730,3246,6147,19196,329,7121,8197,303,252,75440,435657,172,5234,1490,51368,32836,4265,127239,3013,368,3821,14576,2125,2094,40517,4842,0,667,582,3935,164127,114487,3729,6973,21600,7159,127638,113408,998,3549,12683,45304,5741,4617,3488,64402,2143,20208,1703,6767,2888,15011,3355,7965,452,75374,10973,3908,6960,1621,3331,32153,161574,5120,132035,20475,85058,3851,795515,41536,1288,30303,5399,2320,138682,3951,3039,14596,43502,4359,42452,4324,159877,7257,9273,936,11017,2079
Phe_DCA,218934,53288,823,5994,25091,1344,47,496,14082,842,1194,7161,1429,12653,14287,7278,34629,2360,87836,3538,21093,1425,6469,39845,7612,62973,2651,23122,0,24369,639,6982,60635,6657,9927,19934,20063,55411,75451,2013,1673,10539,42766,235720,35364,33512,190975,87107,9731,78331,521,23852,9101,28124,25600,13414,17993,38900,1187,44604,25334,80314,30300,142727,6526,59636,4110,4384,9681,14947,8861,30016,135190,48488,26500,17137,3647,12303,25948,16000,7041,79917,41439,8419,10874,23244,22844,37456,650,8914
Phenyllactic acid,670317,38985,631133,466502,1517849,560200,595012,495445,713714,143937,18022,917363,733296,1816807,279263,835499,537213,558885,844979,373524,1413301,5044,683221,2645109,1019363,982494,47385,683697,127198,355049,694846,377957,312339,202630,205245,1047182,1510274,1268705,103005,203315,1213996,126867,1065555,2230756,1033401,842661,6672652,364275,832243,9237626,39564,3495780,988528,806062,1241066,477756,82087,1132092,982683,245850,1270410,1811644,59784,80134,411925,842507,161287,298605,187529,141055,528219,2600558,1735133,869709,2070372,1507655,738395,476896,246701,2891467,436201,28994,1052731,270861,512253,824206,2073357,1204988,163683,121415
p-Hydroxyphenylacetic acid,86037,7348,673550,8390,19438,35867,77102,171493,34179,75113,15848,21189,14586,8525,32287,152690,146676,5696,8472,155331,19287,1960,4761,12236,87412,26204,170217,4495,30810,6467,354943,42988,42838,28234,977844,136203,37550,216722,94901,63317,5891,15997,21768,134585,19048,53740,28086,289512,15001,2956,23408,13478,63667,43083,34223,298538,53688,327389,47071,7231,199372,28344,35513,77735,9245,26965,587080,471074,58905,27709,19730,143507,26598,66073,12076,11991,146692,6048,7734,195403,60481,33454,161203,110935,560288,39327,44129,17825,94915,31350
Phytanic acid,34852,31315,13886,16215,106313,5838,38860,20988,25490,10970,3629,44135,77862,529862,12890,189240,458,8112,84744,8187,1232905,2855,45276,37122,21133,167962,403374,507150,6134,100379,15614,18968,6954,17953,12952,133982,26291,5724,66908,249321,1249,25115,295677,154405,211423,33305,55254,154091,33229,143697,0,118046,56017,117080,78281,56068,151034,60273,138472,66457,44900,199022,241235,38013,108459,2332,72347,8084,17169,117786,28440,129585,156000,14215,17724,12696,84504,206084,89476,37374,9041,181881,44447,36957,15100,60640,73896,185108,20495,68310
Porphobilinogen,2135,35960,29848,8373,7520,7198,14235,28703,7485,2050,19583,53369,39191,2809,6210,3014,562,29090,10741,6212,45164,13935,3148,7007,6499,3219,90441,6544,2344,15844,5145,3352,775,4947,3676,8741,5495,9267,17257,684,38393,4752,2795,7753,6814,17241,911,2705,3744,35546,0,481,11712,9917,15473,10180,637,6080,35105,5146,660,1076,5887,44503,55930,3864,13593,12193,12902,14911,15992,1533,1091,4302,4375,4163,82587,5665,8187,13501,4886,1122,3693,4020,54095,1901,6084,6456,15616,2670
Ribothymidine,8884,381463,46152,41276,9698,10853,10943,31292,13181,3009,38102,18767,17602,8732,17835,41460,7203,108882,28353,11671,19344,353445,11611,6063,113645,28819,9664,23937,9643,33534,54540,77517,18258,9271,27935,10863,6610,25834,10625,3818,464464,10061,6413,16868,10488,8374,3590,21623,11354,24898,1932,4865,13247,7169,18162,6819,7467,7690,274590,16845,3355,25184,10227,14634,8287,7638,6399,17324,6509,14304,5558,15789,4254,7707,13414,16501,15955,19349,11420,7485,8173,11178,4295,6220,19440,5359,13959,23743,9562,10443
Saccharin,5000119,3629,2325,17447,9098,334790,1276,2984,1021,2699141,21239959,1571,1782,881535,752,9457,1949,362179,1624,5309,1039,3614,5421,1195,448804,698,15238,1535,334,1657,1827,9107,1038,13020,4260,347,1846687,3674,42310,18127,2353,2209,1420,9032,12901,1792,184,18662,296,714,3931,33043,22496,1140570,4825,1648,9086,203354,774,4808,2043,7355,10393,15802,13614,918,1528,9677,722738,3363,767,517,1305,8481,15788,17432,41780,14748,10181,242293,11660,6168,27545,1066,580,1185,1187,364,5413,5451
Salicylic acid,2828,2618,2636,32511,8109,16216,3226,3279,3935,4940,4664,2097,4273,558460,32237,37204,3885,3182,1286,8577,4434,7976,2516,4456,3691,1176,5756,1825,4458,3322,3015,2605,1842,2917,4122,6726,30385,19322,20166,72565,47229,6407,16843,4115,3263,40831,31243,14132,11190,3252,27008,9465,11701,31094,13603,33611,43665,19966,8717,1658,5381,9711,12637,6836,17488,15561,22582,5690,31128,15276,11884,4761,26024,14041,38755,2935,9316,2386,49510,12740,23141,9231,15890,15317,9612,6351,13566,2281,5076,25292
Sebacic acid,55568,7615,17170,15106,35920,27337,9848,12704,22880,10994,13879,18571,18515,30004,13582,44876,38472,18979,68803,16022,42765,33309,93705,20312,26625,70150,27637,450432,18799,36046,20914,16361,11055,11942,17424,72415,62269,28104,17363,25203,41038,84898,32881,59301,96969,19343,76438,24310,50055,39058,24369,26342,103094,21235,58044,14059,28111,32528,9995,234762,15468,23163,33090,33709,13868,28693,39292,20317,12237,93054,7875,20075,25776,31557,75104,249918,13801,94157,27829,18764,17221,45711,53033,13125,28737,27535,33562,29844,14802,8515
Stearic acid,8838475,16358164,12332663,8472860,7162068,11055213,11002824,12555105,11730076,19815730,22220605,8022393,21620353,16681550,4117889,11402146,10629086,12895359,4023454,7504131,4504426,31359844,7193223,8458650,10153432,5731555,35252026,26297398,20520706,12482392,10595387,14270464,8904007,10260487,14610799,4975842,3710704,6224450,4821186,17159032,14331903,4791053,4209393,4716474,11214826,5605860,6272130,5398174,4713740,7265449,15651879,7966965,9399724,6648069,4845981,5734385,6542205,5500764,15364212,6674377,7988036,6087131,6286900,4643544,11531583,6370440,12841926,9039661,7698277,5814455,7923817,5652903,5685277,6164373,6677298,4902212,9805091,6857379,6821374,6395116,11639667,2775244,7672768,13787895,4723912,6061313,6094242,15758021,15139693,6970365
TCDCA,9639,40435182,92494,635879,4119,39832,50284,27217,12128,7395,7869776,38321,138736,3810,11678,13485,63101,166714,45978,88978,5909,38731964,74780,31189,4788,7462,26728,7984,0,3864,9694,482830,198275,11327,10642,11094,6423,2189,37354,54822,4191361,18306,177409,3513,18164,54388,30176,14628,96951,7381,15373,14309,18169,13768,15311,8963,49405,5226,35650,7426,123104,3198,6317,4707,20336,6645,38816,13092,22823,25855,232240,21188,4016,8868,35581,38795,30333,17736,47848,9099,18944,31590,22139,14620,12611,43818,14838,2495,8005,38238
TCA,31230,286309651,522220,373034,3016,1434379,158594,233676,27750,7088,39305282,42073,789144,332,8624,18000,406180,454863,24627,612296,17062,108250163,42489,30199,3633,1575,117904,2517,97323,2702,13509,111468,672685,56506,16628,9039,2391,1559,759074,1049161,34201797,12431,1735071,3810,19834,81834,28286,3752,39027,11084,50497,4418,9127,20654,8393,11598,39352,3326,57544,8909,68920,4721,7058,29456,84339,15317,96312,40723,68064,41961,964475,40382,5022,14746,90927,67009,252110,10218,21038,8605,138175,26999,91877,10207,109380,37229,12252,637,149975,24578
TDCA,25274,12092060,4280,68648,3792,68765,1084,4235,21394,6233,28074,9048,3437,8243,7770,59613,174319,6985,40101,115,9139,11392525,9755,95485,13621,28127,4762,2694,0,3871,8247,65438,112421,4306,30634,5821,2991,3981,431608,4792,18357,8515,404613,48051,121221,95755,142103,2791,41652,6996,10411,12254,16936,11831,12842,6880,7721,20027,10381,8480,101682,4370,4606,312148,6405,60201,4074,6046,806,23183,8266,26912,106838,7969,74669,149320,2983,6129,11327,10238,4658,11177,52816,9970,5179,39076,1197,35287,3462,5287
TLCA,14307,130432,3801,40901,3973,5768,1695,4445,6128,6518,13618,5150,4500,10784,6099,58392,43411,6735,17748,3005,6331,100311,6051,29206,13689,52513,5409,27359,849,4072,6186,34223,12532,5411,11157,6346,10334,1962,11583,4726,12598,4306,26708,10284,75177,64981,51922,11591,5019,3711,7460,8896,8288,5869,11807,3477,6476,10287,7316,6097,54926,2933,3481,22144,6867,14951,3990,6267,3813,8335,4863,8864,78003,7886,32997,65259,3367,5834,6420,3893,2056,7905,19262,7024,7466,28978,5857,22044,2640,6359
Tetradecanedioic acid,13847,16144,19804,17811,17021,32489,21259,17362,15056,37408,44440,24536,20374,16263,10958,17090,22290,22660,30495,15370,14667,44811,11377,19271,19534,13102,17993,13880,14499,20096,27709,26008,17031,13890,23036,13708,11420,11405,9429,15264,27886,12198,13152,17628,9767,13087,17171,14407,9721,13475,27773,15567,16818,15125,12346,12294,13086,13171,17519,17614,13348,15798,13310,9349,16152,15667,13038,16726,11151,23722,11688,11888,14357,13505,15249,16600,14240,9088,8995,10045,18481,9904,14338,21042,15167,11122,12787,20710,30707,12763
Thr_CDCA,3710,2400,517,2903,904,15775,721,1309,1123,26,71,5367,22527,7,2082,514,5446,1507,778,10360,920,58,917,4809,1079,548,4591,185,0,710,596,1046,6877,5460,0,269,4648,121,8622,1652,29,1998,677,5216,2367,575,287,19663,1472,446,3075,1079,1350,2639,1747,1051,17,3156,747,1976,1051,638,1109,1569,6297,827,5284,1362,16489,1282,17599,7189,7,2121,2570,534,19149,1070,909,554,3524,297,4652,2053,4177,1939,61,0,1096,75
Thr_CA,54969,14866,8817,24736,2239,17168,2829,10898,8719,373,0,36721,252471,899,7477,645,30223,3102,2454,40987,2176,0,3285,9378,4910,2585,40136,10451,0,1434,2280,2460,107465,54006,158,4749,70966,7139,86505,30948,831,7404,2242,11307,8078,2043,2943,91734,7064,1388,9468,5230,2899,20060,3950,12163,2865,21971,3784,3774,4116,1791,2522,3657,45643,6136,59853,12766,87424,3158,202737,88292,1035,6629,4389,1214,341535,3399,2589,8404,31066,1816,50132,6925,68915,17399,2048,698,3996,7666
Thr_DCA,9676,3918,0,6336,10217,10028,0,0,5224,0,0,1645,0,4290,557,404,8515,29,11135,5,5464,0,277,14008,3863,13877,0,354,0,5375,199,689,19219,887,117,2193,4451,15406,16991,166,0,4259,2417,75292,8939,17325,8472,32946,957,2318,0,5499,569,14429,2736,14049,414,8823,76,8452,5946,28100,6006,18923,46,41108,47,354,24,1157,1106,45152,9977,328,932,276,7,577,2888,1934,965,13080,13503,1113,421,6673,10954,6300,681,100
Tridecylic acid,18308,17863,9584,4217,5012,13202,17761,6298,11724,8789,8752,17698,110611,31828,8040,7010,4314,6213,16041,10636,15112,8042,16448,7718,6902,22341,22723,38615,20362,17882,8630,5553,4507,4081,11221,5906,7142,22226,4484,11667,5059,12285,12394,8715,12598,6907,6386,8190,12533,15954,5963,8954,17459,12408,8686,4797,14616,6946,19726,16499,5964,7623,16878,5228,8244,7399,14098,5061,11762,12115,3188,10567,7900,4698,15632,20694,10798,12679,11167,3222,8218,16861,9842,11132,15851,8861,7618,13798,12400,10235
Trp_CA,20453,231789,8,1185,21896,0,207,1686,1679,50,9459,5890,40268,0,3597,0,352,2217,3285,6743,2718,50053,592,1282,0,6860,5505,357,0,3144,0,798,43977,8923,179,2850,6619,2386,49409,3668,5552,302,2139,41186,1534,1580,0,46859,448,4691,0,1793,0,3915,3306,974,0,62588,610,55,380,19579,1342,66078,24454,4807,46168,3038,17753,465,99524,16860,516,2027,26,4,51334,603,2131,7654,19694,19348,16034,354,50316,7025,13025,923,592,0
Trp_DCA,5591,80389,0,7505,14622,0,13221,5604,1480,242,25164,10788,3253,866,12278,148,166,90167,81887,1737,52804,228897,669,1452,215,54967,1163,38,980,11246,7,1130,13412,2675,0,7045,548,19397,16758,1164,25524,5617,8080,88415,29475,13469,13444,30051,5098,20119,10484,8187,542,5373,12502,1763,2516,28967,640,15707,3498,169246,14685,98145,43966,29933,3280,3225,86,14594,1620,10520,18855,480,5252,8496,2352,1431,15213,7895,542,103784,7972,4694,1102,10173,7275,13157,532,0
Trp_CDCA,38336,247041,828,4234,4404,7182,0,2489,3799,183,0,54420,16965,2188,5624,2430,23679,11632,2849,29342,2587,0,3448,9417,2867,3307,19079,5775,0,596,2503,6109,47323,59109,1190,7578,12389,1895,72278,8632,450,3512,7533,15115,4975,2109,3154,36322,1911,4976,2083,5126,1226,8383,3168,2995,2270,11219,1007,4410,7981,687,4867,7302,4032,1706,23146,4965,19375,3514,88568,33822,1462,11863,5874,2052,41797,3897,3058,5740,6160,5144,28370,3439,7398,6337,7986,1745,997,4369
Tyr_CA,69372,1084314,20351,1442,4220,30742,545,7076,7632,0,0,47930,2383,193,3172,231,34480,16869,1281,100932,2201,1983,3207,10798,607,777,19701,479,0,682,1202,1913,69771,102365,3795,7965,13223,5719,180454,9808,116,2145,8438,22422,2531,4303,661,132942,2004,20496,2039,1425,846,12703,1803,3950,311,49203,1601,1410,7500,1339,1366,5958,6344,1928,20709,7896,79146,1640,241628,106518,212,12236,1589,1631,181478,2682,2012,19699,26097,1957,34758,1414,59594,5815,5131,0,1645,417
Tyr_UDCA,11983,8379,79,1119,1569,6896,0,0,1083,0,0,212,0,437,2469,667,3436,234,2471,1501,1331,0,1973,1979,1600,1849,0,3588,0,157,106,556,4076,5205,197,4760,5315,6814,25395,1354,293,1619,2918,6852,4041,1407,1428,22790,545,5280,0,1747,543,1019,1056,2533,978,2702,819,1215,2548,587,1090,3064,586,791,13692,2666,4816,1185,2744,1409,694,12168,2767,1021,13516,1649,907,3529,1244,5761,4537,2609,1206,3494,5770,529,0,2329
undecanedionate,23895,8618,10223,11000,22804,18781,9543,10941,13258,16075,19831,12014,11352,10032,8127,10780,25876,13737,29390,10790,23925,26398,52728,16098,9412,48534,17403,98431,8921,23720,13166,9557,7244,8651,13325,35760,39092,25323,14691,13459,20645,46798,26939,19486,24587,14062,57712,18873,17308,22571,22426,22026,24298,8306,16986,12730,14229,13548,7815,38199,12060,24383,26331,28266,8491,19988,15749,14300,7792,47919,6468,16224,18874,20019,28980,21255,8402,84678,16909,15024,10471,29991,25830,10951,11983,12314,27030,19410,9489,5821
17-Methylstearate,37102,82020,37691,19230,22655,7922,28637,55104,63485,43711,9215,21553,522822,139163,17393,111078,10095,23529,13828,31978,18112,21927,96343,59060,22774,23826,155607,96344,11003,66799,29176,32670,23609,42001,36292,20442,17589,3578,16789,173566,5676,8974,19005,38578,49203,14097,21915,19614,18799,31535,16516,35192,22361,66411,20018,17128,21933,23166,84265,30788,19001,38770,20504,7575,108565,9277,99407,10054,38655,23475,34224,28595,30047,18361,13530,23764,25005,35743,60122,22784,22815,7505,20769,34116,13912,28508,17344,53322,38197,13900
