Family,3oxoDCA,3oxoLCA,7oxoDCA,CA,CDCA,DCA,GCA,GCDCA,GDCA,GLCA,HCA,LCA,TCA,TCDCA,TDCA,TLCA,UDCA
12aHSDH%GENOME015584_936,0.09172538,0.032906972,0.045777734,0.019558094,0.120113984,0.09263271,-0.09419585,-0.06668819,-0.050195817,0.0696015,0.010737602,0.011902954,-0.07876303,-0.10138414,-0.25152084,-0.14743567,0.14741236
12aHSDH%GENOME044629_647,-0.07743129,0.060424946,-0.10592437,-0.10269209,-0.11152443,0.020183563,0.021343961,0.04859347,0.15777978,0.08073933,0.0030282608,7.273432e-05,-0.0042984067,0.03880454,0.09079413,0.019762237,-0.12806466
12aHSDH%GENOME051950_684,-0.023156283,0.029945884,-0.052314915,-0.040155157,-0.05200956,-0.036882464,0.008717182,-0.0006902683,0.013206038,0.06897792,0.022999337,-0.006400131,-0.014798038,0.022245018,-0.014838252,0.05836658,-0.03461142
12aHSDH%GENOME055489_1547,0.04959553,-0.0015208673,-0.024281103,-0.008820511,-0.008648623,0.092897035,-0.05746688,-0.079970494,0.042067356,-0.009281527,-0.006137302,0.042382956,-0.023303716,-0.07120343,0.057615418,-0.091499224,0.065027654
12aHSDH%GENOME077010_272,0.03311665,0.08506318,-0.0927478,-0.14130571,-0.006925705,0.1785961,-0.014059106,-0.07944472,0.14270969,0.1350234,0.09717437,0.10711402,-0.07267648,-0.22935236,-0.25707433,-0.09366458,0.028776074
12aHSDH%GENOME126416_2228,-0.057739116,2.2690203e-05,-0.06810674,-0.051741205,-0.1393252,-0.113662034,0.067674726,0.05627854,0.029029218,-0.082555525,0.03794652,-0.0061941417,0.046511494,0.11086879,0.22590059,0.1731716,-0.115185305
12aHSDH%GENOME136792_1072,0.051791023,0.025256261,-0.08635445,-0.1238983,-0.10844172,0.045525126,-0.04800683,-0.04920067,0.052048422,0.0850266,0.12607732,0.11089927,-0.06737122,-0.058027707,-0.016165571,-0.009540218,0.029687567
12aHSDH%GENOME187328_883,0.08272379,0.091976136,0.006623718,-0.0053971615,-0.035534736,-0.008944481,-0.03539355,-0.089041874,-0.062669344,0.06080922,0.024453212,-0.0017969738,-0.04006212,-0.070459746,-0.011670221,-0.07931053,0.06106877
12aHSDH%GENOME211747_1057,-0.06882032,0.031168353,0.06308273,0.06685999,0.084189326,-0.06155546,0.05054111,0.056513906,-0.067462265,-0.01820942,-0.07598579,-0.07689255,0.055719923,0.019597996,-0.072140686,0.004538391,-0.011503517
12aHSDH%GENOME225739_454,-0.08259144,-0.16494663,0.068689436,0.11953935,0.14790054,-0.1194222,0.071685255,0.08414241,-0.11533501,-0.13437702,-0.14245117,-0.124806754,0.16875415,0.1606268,0.10016429,0.12606853,0.015975691
12aHSDH%MBE7001463_1_SDR_family_oxidoreductase__Oscillospiraceae_bacterium_,-0.024607528,0.107119344,-0.013263779,-0.0403149,-0.02897507,-0.044919282,0.012366726,0.011796423,-0.0215802,0.055573277,0.07134704,0.01987245,-0.04659736,-0.010244647,-0.084401675,0.05744403,-0.05295049
12aHSDH%MBP3571641_1_SDR_family_oxidoreductase__Clostridia_bacterium_,0.0054466915,0.052202918,0.09433219,0.09322794,0.110792436,-0.0033686797,0.00051002135,0.0045407563,-0.06100507,0.017059013,-0.06388884,-0.060592346,-0.01590613,-0.04058477,-0.07163172,-0.059528176,0.020967524
12aHSDH%MBQ2887473_1_SDR_family_oxidoreductase__Bacillota_bacterium_,-0.018441254,-0.07060093,0.016356407,0.025804255,0.058967754,-0.005942683,-0.014256053,0.023981342,-0.025464397,-0.047929734,-0.039076325,-0.0125685325,0.0299341,0.044844404,0.03904017,0.024152055,0.032763727
12aHSDH%MBQ4566268_1_SDR_family_oxidoreductase__Oscillospiraceae_bacterium_,-0.069119714,-0.08754995,0.10385462,0.14483307,0.12435911,-0.05017417,0.08528933,0.06156242,-0.06633906,-0.14991602,-0.11507475,-0.08992454,0.12380245,0.10468003,0.09265737,0.016188484,-0.03256433
12aHSDH%MBR0327374_1_SDR_family_oxidoreductase__Clostridia_bacterium_,0.100068524,0.105223104,0.12864266,0.11627369,0.08209153,-0.0058882707,-0.12999143,-0.12313408,-0.22832018,0.031979874,0.048935395,0.03078201,-0.048075967,0.07800738,0.042535786,0.025110329,0.075014375
12aHSDH%MBR6816818_1_SDR_family_oxidoreductase__Clostridia_bacterium_,0.036710482,0.0877,0.054553855,0.03198425,-0.043768607,0.0042762123,-0.028546477,-0.068145454,-0.093947075,-0.017575819,0.025971748,0.01588944,-0.0018682827,0.01305572,0.057134457,0.021348692,0.03079494
12aHSDH%MBR6823493_1_SDR_family_oxidoreductase__Bacillota_bacterium_,-0.006465951,0.031327814,0.068064496,0.043890074,0.032129522,0.008858683,0.008659552,0.0020891235,-0.033946022,-0.025119374,-0.008481953,-0.017101813,-0.006744515,-0.017311273,-0.05473049,-0.023748048,-0.0033634093
12aHSDH%MBR7146259_1_SDR_family_oxidoreductase__Oscillospiraceae_bacterium_,-0.0394523,0.051906496,-0.12966563,-0.13424951,-0.07651236,-0.003971023,-0.017256547,0.020263094,0.07163504,0.05345225,0.084285885,0.07138054,-0.04199418,-0.032656904,0.013529843,0.030035315,-0.03708118
12aHSDH%MCH5186073_1_SDR_family_oxidoreductase__Oscillospiraceae_bacterium_,-0.09344155,-0.06909232,-0.028054927,0.014664118,0.0022930005,-0.049751986,0.09775732,0.07449089,0.012763672,-0.051549487,-0.05258429,-0.04423976,0.10087084,0.081417926,0.082471915,0.088384055,-0.08581272
12aHSDH%MEE0965876_1_SDR_family_oxidoreductase__Bacilli_bacterium_,-0.041661352,-0.007910477,0.055265397,0.039762042,0.017738748,-0.100370295,0.030565353,0.015562218,-0.107910454,-0.062470995,-0.0006538826,-0.039922383,0.022818841,0.051110733,0.02249754,0.14046252,-0.006954513
12aHSDH%MFR3091303_1_SDR_family_NAD(P)-dependent_oxidoreductase__Eggerthella_lenta_,0.035126667,0.051904272,0.0042306785,-0.038564965,-0.03683921,0.037446886,-0.009054157,-0.024137849,0.044898003,0.024459412,0.050857306,0.04868546,-0.022585262,-0.04226377,-0.052919444,-0.10491074,-0.014681173
12aHSDH%NCB62655_1_SDR_family_oxidoreductase__Clostridia_bacterium_,0.06442928,-0.03278086,0.06421078,0.035048634,0.06490307,0.09951775,-0.074116796,-0.05774157,0.027871983,0.01653262,-0.007312486,0.037443157,-0.070181295,-0.08273057,-0.053842634,-0.05848877,0.065524094
12aHSDH%WP_055231566_1_SDR_family_NAD(P)-dependent_oxidoreductase__Anaerostipes_hadrus_,0.07645749,0.0062689437,-0.011753662,-0.023856603,-0.018398833,0.0994308,-0.033612538,-0.039394375,0.08845445,0.052031383,0.0275064,0.033306297,-0.06133701,-0.0544994,-0.057089977,-0.113101415,0.013158551
12aHSDH%WP_103229430_1_SDR_family_NAD(P)-dependent_oxidoreductase__Clostridium_sp__chh4-2_,0.16045897,0.118532784,0.04773637,0.010619784,0.03674068,0.07640087,-0.107147455,-0.159864,-0.059872266,0.109713316,0.08401587,0.082006484,-0.11337556,-0.13883811,-0.02257286,0.049443875,0.06583459
12aHSDH%WP_130435990_1_SDR_family_NAD(P)-dependent_oxidoreductase__Cuneatibacter_caecimuris_,-0.039458774,0.017512312,-0.10025749,-0.07865384,-0.045569688,-0.0076354854,0.021832889,0.029572465,0.053341486,0.060865186,0.03375014,0.021683639,-0.0005637146,-0.0063417875,0.0052918424,0.02780998,-0.050837174
12aHSDH%WP_160708750_1_SDR_family_NAD(P)-dependent_oxidoreductase__Enterorhabdus_sp__P55_,0.0025681846,-0.08894559,0.11357874,0.1315916,0.17667526,-0.0023102367,0.025069008,0.033633024,-0.03835131,-0.05750743,-0.17484303,-0.12048361,0.06770147,0.025256412,-0.05382599,-0.11914402,0.07718655
12aHSDH%WP_249318265_1_SDR_family_NAD(P)-dependent_oxidoreductase__Yeguia_hominis_,0.062083244,0.053812694,0.014288119,-0.019371707,-0.042442158,0.052079342,-0.061497018,-0.08922438,-0.042803146,0.0052057095,0.07248643,0.0739913,-0.046305872,-0.04674104,-0.020729182,0.0118528,0.030823441
12aHSDH%WP_251178417_1_SDR_family_NAD(P)-dependent_oxidoreductase__Adlercreutzia_agrestimuris_,-0.034060664,-0.034959618,-0.070973456,-0.04864007,-0.054652657,-0.055559605,0.0652842,0.070890285,0.08338418,0.030657127,-0.014580681,-0.032761063,0.015378012,0.033382956,0.033658277,-0.051450685,-0.061081335
12aHSDH%WP_418471294_1_SDR_family_NAD(P)-dependent_oxidoreductase__Eggerthella_sp__,0.0056142844,-0.046674654,-0.03133063,-0.022301232,0.014691258,0.07368489,-0.019094184,0.0017089158,0.08668514,0.013352095,0.015249279,0.033667814,-0.04040508,-0.056090172,-0.054230813,-0.08806971,0.003770939
12bHSDH%GENOME225741_180,0.031027216,-0.04431949,0.09836517,0.07462616,0.055540875,-0.024964675,-0.015899409,-0.038119286,-0.0905323,-0.039490916,-0.017071178,-0.02514047,-0.012817756,-0.015616583,-0.0041314326,0.029431395,0.05427185
12bHSDH%MDD6456291_1_SDR_family_NAD(P)-dependent_oxidoreductase__Lachnospiraceae_bacterium_,-0.014058178,0.017274784,-0.052227486,-0.06512061,-0.042495895,-0.0048262686,-0.010585358,0.0139019005,0.056607354,0.063756935,0.034082953,0.022847684,-0.008580904,0.005943263,-0.0071751303,-0.02056991,-0.048019543
3aHSDH%3aHSDH%HJB56827_1_3-oxoacyl-ACP_reductase_FabG__Candidatus_Flavonifractor_intestinipullorum_,-0.03787404,0.08827541,-0.02895645,-0.04369148,-0.031128287,-0.04114893,-0.0041857557,0.018264296,0.0069112177,0.04360271,0.040125184,0.013709235,0.013422217,0.008974529,0.0073495787,0.021101473,-0.06890994
3aHSDH%3aHSDH%MBO5160353_1_3-oxoacyl-ACP_reductase_FabG__Lachnospiraceae_bacterium_,0.043562185,0.15413333,-0.15871832,-0.20021655,-0.21544829,0.10173468,-0.072595306,-0.10573515,0.15518339,0.16917352,0.14821562,0.14446169,-0.11775055,-0.12060141,0.011162097,-0.06929915,-0.06307668
3aHSDH%3aHSDH%MBQ7891058_1_3-oxoacyl-ACP_reductase_FabG__Erysipelotrichaceae_bacterium_,-0.078726366,0.07038185,-0.30517828,-0.29283386,-0.32497567,0.10115207,0.044625264,0.063030526,0.3710978,0.09822848,0.23037006,0.21623164,-0.05288855,-0.023213973,0.061470784,0.03975639,-0.27744877
3aHSDH%3aHSDH%MCI8514525_1_3-oxoacyl-ACP_reductase_FabG__Lachnospiraceae_bacterium_,0.16795929,0.22572626,-0.07688988,-0.1196115,-0.13686158,0.1557355,-0.15685752,-0.20258218,0.04198836,0.08389945,0.18266407,0.17679513,-0.17975682,-0.20824002,0.0041365204,-0.0046446654,0.04717033
3aHSDH%3aHSDH%MCM1345206_1_3-oxoacyl-ACP_reductase_FabG__Muribaculaceae_bacterium_,0.080483586,0.12111098,0.06391922,-0.055172626,-0.05694345,0.11828092,-0.039002202,-0.09033284,0.02165886,-0.015581183,0.10927608,0.10401909,-0.0703169,-0.18582077,-0.20092957,-0.089365765,0.041416116
3aHSDH%3aHSDH%WP_062304377_1_SDR_family_NAD(P)-dependent_oxidoreductase__Sellimonas_intestinalis_,-0.039593395,-0.030575752,0.11487913,0.107478306,0.09813677,-0.0034992737,0.0100550875,0.023583623,-0.043430038,-0.10446336,-0.08978267,-0.035027593,0.069130726,0.025982983,0.03999445,-0.049026944,0.008101938
3aHSDH%3aHSDH%WP_117548394_1_SDR_family_NAD(P)-dependent_oxidoreductase__Longicatena_caecimuris_,0.05358769,0.080462046,-0.02513454,-0.04972564,-0.049137995,0.07563093,-0.06719689,-0.077278025,0.016317278,0.027847117,0.08694005,0.09453593,-0.039282385,-0.056132134,-0.025168853,-0.011206443,0.0004183995
3aHSDH%3aHSDH%WP_117582908_1_MULTISPECIES__SDR_family_NAD(P)-dependent_oxidoreductase__unclassified_Collinsella_,0.083800375,0.14665546,0.038983315,0.055397153,0.045356218,0.00094453804,-0.009442688,-0.06371997,-0.14248373,-0.087435484,0.050178476,0.01969218,-0.03655975,-0.05181512,-0.033259466,-0.022680424,0.051804706
3aHSDH%3aHSDH%WP_215683787_1_glucose_1-dehydrogenase__Dorea_formicigenerans_,0.03951511,0.011471272,0.026880385,0.025147572,0.044918492,0.080102,-0.088823445,-0.09091877,-0.050208382,-0.03852596,0.020123735,0.07021755,0.0073909923,-0.023231694,0.11718238,0.14767857,0.044294614
3aHSDH%3aHSDH%WP_226969791_1_SDR_family_oxidoreductase___Ruminococcus__lactaris_,0.069598705,-0.012089217,0.046869792,-0.0016093373,0.051504593,0.053890366,-0.08492884,-0.016105816,-0.0020335477,0.053753022,0.009262755,0.03173809,-0.08586034,-0.07299206,-0.13232519,-0.15193838,0.10936511
3aHSDH%3aHSDH%WP_270387972_1_SDR_family_NAD(P)-dependent_oxidoreductase__Blautia_hansenii_,-0.10448385,-0.032199908,-0.022471514,0.013842612,-0.004695762,-0.052151185,0.058582354,0.05242773,0.036926605,-0.014701676,-0.08056825,-0.052709173,0.094547234,0.05188121,0.13583638,0.07712808,-0.08103194
3aHSDH%CAG5237306_1_short_chain_dehydrogenase__Streptococcus_pneumoniae_,0.029803298,-0.013851153,0.16980143,0.1819791,0.29143944,-0.0014790276,-0.023148987,-0.051048517,-0.20550618,-0.032894924,-0.14363761,-0.096573144,0.09301042,-0.036158975,-0.064131714,-0.03255726,0.13551445
3aHSDH%GENOME060426_131,0.13041906,-0.032038257,0.0016339966,-0.05182186,-0.027241267,0.12888308,-0.090396464,-0.10368135,0.025272777,0.059924327,0.12143652,0.12123313,-0.11555504,-0.14507595,-0.12936266,-0.045995876,0.06207861
3aHSDH%GENOME084620_3418,0.03358974,-0.1456793,-0.056263648,-0.055043556,-0.011528647,0.123196945,-0.11350754,-0.057166103,0.13602883,-0.019999735,0.009080894,0.088512525,-0.022622874,-0.015291801,0.16784833,0.0017365669,0.04742887
3aHSDH%GENOME084674_3322,0.10733751,0.05989095,-0.10185296,-0.1428483,-0.13005641,0.099350564,-0.076593064,-0.102335855,0.091510095,0.11617646,0.12417436,0.12633802,-0.10360208,-0.1354774,-0.047383264,-0.10547063,0.041876364
3aHSDH%MBQ9141038_1_SDR_family_oxidoreductase__Lachnospiraceae_bacterium_,0.054155782,-0.05372761,0.05318228,0.03124583,0.008666216,-0.005300473,-0.04246296,-0.032879554,-0.075496726,-0.04877624,0.013061574,0.02507164,-0.04110026,-0.024930697,0.05879402,0.058822263,0.08704952
3aHSDH%MCI6633699_1_3-oxoacyl-ACP_reductase_FabG__Clostridiales_bacterium_,-0.07533163,-0.07486337,0.04756456,0.10264979,0.077587254,-0.08212327,-0.02433232,0.025496151,-0.091962196,-0.035693582,-0.11050136,-0.07682263,0.10820376,0.11312774,0.194804,0.15605241,0.009420212
3aHSDH%MCI6899085_1_SDR_family_oxidoreductase__Mycoplasmatota_bacterium_,-0.02324559,0.024458572,-0.00396162,0.024975099,0.005171733,-0.098380126,0.080715805,0.035973914,-0.030949928,0.07538371,-0.010408269,-0.06270137,0.030425359,0.02952498,-0.020850664,0.06132026,-0.062589124
3aHSDH%MCI8568452_1_3-oxoacyl-ACP_reductase_FabG__Bacilli_bacterium_,0.0010697101,-0.018028006,0.14189741,0.13531138,0.13720663,-0.15255988,0.014918707,0.08371718,-0.1683188,-0.13691074,-0.13477637,-0.14922409,0.05389655,0.04648932,-0.041218624,-0.0748746,0.11883125
3aHSDH%MCI8931631_1_SDR_family_oxidoreductase__Lachnospiraceae_bacterium_,-0.07374095,-0.03176409,-0.121979624,-0.043988034,-0.08795309,-0.086665295,0.05549583,0.07240756,0.07861362,-0.09081313,-0.035941526,-0.075629085,0.044240974,0.115513094,0.21690525,0.11183238,-0.07195859
3aHSDH%MCM1266841_1_3-oxoacyl-ACP_reductase_FabG__Bacteroidales_bacterium_,-0.031598758,0.0019259395,0.049463466,0.028495856,0.034451623,-0.09580719,0.02925029,0.05477909,-0.044418916,-0.002927401,-0.06060033,-0.05836785,0.066181555,0.032334056,-0.012131568,-0.10773629,-0.01956962
3aHSDH%MCR4878926_1_SDR_family_NAD(P)-dependent_oxidoreductase__Bacteroidales_bacterium_,-0.039776325,0.06557251,0.094648734,0.11830299,-0.0083225705,-0.12075731,0.088092096,0.10014303,-0.08640266,-0.16566263,-0.056574192,-0.094101936,0.09407423,0.21193661,0.19747223,0.22110194,-0.15604444
3aHSDH%MDE7008868_1_3-oxoacyl-ACP_reductase_FabG__Lachnospiraceae_bacterium_,-0.14864105,-0.114475735,-0.037228912,0.037440598,-0.17236492,-0.08125165,0.10280235,0.252099,0.23971263,-0.14113261,-0.09042828,-0.07735454,0.11163874,0.35287473,0.31866938,0.014181509,-0.25537732
3aHSDH%MDE7282987_1_SDR_family_oxidoreductase__Lachnospiraceae_bacterium_,0.032936692,-0.093653806,0.071144015,0.05196299,0.0039779814,0.0051630973,-0.00086499617,-0.01014292,-0.025127562,-0.074765116,0.00046285987,0.027040146,0.012317231,0.021568255,0.10482441,0.06338764,0.015156479
3aHSDH%MDE7415347_1_SDR_family_oxidoreductase__Lachnospiraceae_bacterium_,0.053172007,0.07753494,-0.32447356,-0.32448137,-0.20436722,0.14751038,-0.11737225,-0.10107942,0.24926023,0.2555479,0.25980577,0.27752766,-0.12801021,-0.19476067,-0.0046211164,-0.053927794,-0.04356257
3aHSDH%NBI02399_1_3-oxoacyl-ACP_reductase_FabG__Lachnospiraceae_bacterium_,0.1445703,0.01927439,0.04279217,-0.030621491,0.004129931,0.056508392,-0.16522175,-0.14480142,-0.043342236,0.1886806,0.065783,0.06603662,-0.17555578,-0.16003205,-0.10878792,-0.06386465,0.16377068
3aHSDH%WP_020436139_1_MULTISPECIES__SDR_family_NAD(P)-dependent_oxidoreductase__Mediterraneibacter_,-0.0051179025,-0.00793078,0.072227135,0.060107723,0.100406736,0.022426518,0.014618163,0.025375314,-0.048671912,0.002876134,-0.08117441,-0.09439904,0.009383111,-0.015183356,-0.21215975,-0.04121144,0.05786947
3aHSDH%WP_044950032_1_SDR_family_NAD(P)-dependent_oxidoreductase__Mediterraneibacter_gnavus_,0.13890016,-0.020558681,0.12334213,0.08371074,0.10989439,0.0032054335,-0.10220993,-0.099774495,-0.123915456,0.06656699,-0.036028393,-0.033817366,-0.056423616,-0.082738034,-0.044745337,-0.05100883,0.18181819
3aHSDH%WP_087213392_1_MULTISPECIES__SDR_family_NAD(P)-dependent_oxidoreductase__Sellimonas_,-0.24809396,-0.11201102,-0.021428635,0.060758077,0.00040882782,-0.26925126,0.22200264,0.22703019,-0.022088287,-0.0923469,-0.13622238,-0.18353467,0.20181586,0.23246384,0.16309153,0.16008256,-0.17947048
3aHSDH%WP_104968339_1_3-oxoacyl-ACP_reductase__Streptococcus_pluranimalium_,-0.10667293,-0.2087143,0.056440007,0.108496845,0.120624125,-0.044954766,0.1355992,0.13886508,0.019580854,-0.11852782,-0.1605457,-0.13687266,0.10453441,0.090611964,-0.0069833403,0.030569194,-0.00917378
3aHSDH%WP_109137584_1_SDR_family_oxidoreductase__Bifidobacterium_catulorum_,0.036472734,0.08059182,-0.14063624,-0.14887613,-0.14057046,0.074091084,-0.034393325,-0.0580153,0.094921954,0.105794735,0.13739383,0.122860566,-0.06829252,-0.056124404,-0.009943041,0.01980695,-0.05944601
3aHSDH%WP_161845208_1_SDR_family_NAD(P)-dependent_oxidoreductase__Pseudoflavonifractor_sp__524-17_,-0.09344497,-0.09191766,0.13118997,0.1524867,0.16656077,-0.06414778,0.08069274,0.08088069,-0.08778059,-0.07539244,-0.15400046,-0.13747671,0.069442675,0.044748545,-0.04987577,0.067675985,0.0083002485
3aHSDH%WP_182279434_1_SDR_family_NAD(P)-dependent_oxidoreductase__Collinsella_intestinalis_,0.003509751,0.032619577,0.057022095,0.061866723,0.045880806,-0.028769288,0.03223365,0.0055837766,-0.08563024,-0.0637535,-0.0043877866,-0.028637623,0.024424167,0.014457493,-0.0861199,-0.04130956,0.023615925
3aHSDH%WP_191282235_1_SDR_family_oxidoreductase__Pseudolysinimonas_yzui_,-0.11155043,0.058760643,0.0461062,0.032391943,-0.05015232,-0.20695817,0.1587482,0.2087747,-0.027197545,-0.08018221,-0.038238946,-0.10356941,0.074309185,0.11259059,-0.020980075,-0.038070578,-0.1325666
3aHSDH%WP_205009953_1_3-oxoacyl-ACP_reductase__Streptococcus_loxodontisalivarius_,-0.16512188,-0.10162861,-0.0658118,-0.05832912,0.026296608,-0.015087869,0.12240716,0.15093815,0.18233342,-0.0767902,-0.063190915,-0.033954266,0.1302106,0.0010097007,-0.007972961,-0.037648514,-0.098313324
3aHSDH%WP_231385278_1_SDR_family_NAD(P)-dependent_oxidoreductase__Candidatus_Stoquefichus_massiliensis_,-0.08798518,-0.07658637,0.03599627,0.058845297,0.019752052,-0.12570031,0.09154286,0.07377202,-0.047435354,-0.0647127,-0.086034946,-0.106743574,0.09875495,0.10519882,0.0899481,0.085807234,-0.040906534
3aHSDH%WP_270208025_1_SDR_family_oxidoreductase__Eggerthella_lenta_,0.031804137,0.032086764,-0.120774105,-0.13625798,-0.11361124,0.07512974,-0.03274729,-0.032030568,0.14277,0.13778095,0.088827126,0.10258319,-0.065345146,-0.0697012,0.023288148,-0.054986004,-0.051149044
3aHSDH%WP_289544896_1_SDR_family_NAD(P)-dependent_oxidoreductase__Enorma_phocaeensis_,-0.09231571,-0.10274694,0.11055664,0.108944625,0.09002236,-0.06345952,0.07552273,0.08279362,-0.030125815,-0.13637003,-0.16399314,-0.13068688,0.12513693,0.07138797,0.032948423,-0.035627883,0.0066744806
3aHSDH%WP_427737837_1_SDR_family_NAD(P)-dependent_oxidoreductase__Bariatricus_sp__SGI_154_,0.030991917,-0.06380884,-0.042476106,-0.026488554,-0.06828009,0.0737604,-0.019643437,0.026768642,0.14281428,-0.006883856,-0.045545477,-0.01041461,-0.036904223,0.020517819,0.06021435,-0.0935621,-0.0019497318
3bHSDH%GENOME124823_1686,0.20070782,-0.012725429,0.40691945,0.39099407,0.39032102,-0.1265575,-0.115387276,-0.052433223,-0.4762619,-0.04959312,-0.29210994,-0.30088934,-0.009381274,0.06502057,-0.23144606,-0.17882675,0.3611322
3bHSDH%WP_100933575_1_SDR_family_NAD(P)-dependent_oxidoreductase___Clostridium__innocuum_,0.064570166,0.03437489,0.055093274,0.018439934,0.01215731,-0.029022735,-0.04529175,-0.057867322,-0.06220462,0.0589518,0.0010874993,-0.010959666,-0.024725206,-0.032174934,-0.001092104,-0.04947991,0.09044013
3bHSDH%WP_186937525_1_glucose_1-dehydrogenase__Eggerthella_hominis_,0.11164591,0.1104364,-0.05842068,-0.10054831,-0.09172139,0.1395823,-0.11045619,-0.13216339,0.07048505,0.13336419,0.14560777,0.15534812,-0.12303744,-0.108792245,-0.0023139375,0.022459438,0.005454791
5AR%GENOME006039_2690,0.10046723,-0.0832715,0.16179092,0.16663013,0.12951589,0.037292972,-0.08865222,-0.09690349,-0.15962924,-0.021313153,-0.08759568,-0.053180218,0.019210529,0.04578377,0.025791595,-0.010555251,0.14993389
5AR%GENOME012336_2253,-0.12082811,0.07639426,-0.1604206,-0.11278509,-0.13382311,-0.108454816,0.06979343,0.119016975,0.11347597,0.012165541,0.031197555,-0.010376495,0.07830402,0.15485853,0.16633403,0.07424921,-0.18175371
5AR%GENOME078645_81,-0.012465439,0.09079588,-0.06480538,-0.07173847,-0.07815381,-0.023882514,0.03509828,0.021808267,0.034435786,0.06056826,0.07680607,0.04082798,-0.005592811,-0.0011820768,-0.030185437,-0.032074552,-0.070981756
5AR%GENOME084343_2181,0.06131331,-0.055729542,-0.10173577,-0.09017411,-0.07800741,0.11309412,-0.03924903,-0.008564456,0.17758158,0.012964888,0.0435839,0.069009796,-0.08652337,-0.0736856,0.027450286,-0.08376587,0.0029521752
5AR%GENOME086572_2986,-0.11925879,-0.023660254,-0.070206754,-0.01895075,-0.053700518,-0.050282672,0.09213294,0.12915757,0.12966192,-0.006564564,-0.06497951,-0.07484812,0.060234014,0.07809967,0.07768939,0.049223173,-0.15800926
5AR%GENOME107567_81,-0.092608206,0.00868499,-0.017855877,0.0058988454,0.043814432,-0.09135164,0.10995387,0.12002171,-0.018926216,-0.036858726,-0.022370655,-0.04194941,0.074402496,0.0686201,-0.068919666,-0.06652192,-0.06909129
5AR%GENOME140582_2251,0.14295791,0.019482356,0.095584705,0.010544073,0.024295537,0.1151643,-0.12523931,-0.12709431,-0.023245215,0.03647515,0.050162453,0.05941165,-0.13066635,-0.16492696,-0.17545371,-0.07820864,0.11117911
5AR%GENOME142018_414,-0.021844318,0.10819751,-0.12419201,-0.12395927,-0.0834105,0.0014719993,0.01350849,-0.031094344,0.041471418,0.04025588,0.10861564,0.09479908,-0.0005292137,-0.08718504,0.012327003,0.03356246,-0.05043898
5AR%GENOME170052_106,0.02234923,0.13143265,-0.036747452,-0.047258563,-0.004032321,-0.054173402,-0.024877386,-0.021008592,-0.08186823,0.08163145,0.039481193,0.006339088,-0.024190765,-0.023578467,-0.06993112,-0.025124812,0.047948908
5AR%GENOME179594_130,-0.26043916,0.005293468,-0.12364714,-0.055674795,-0.009833258,-0.11404194,0.19981751,0.21669254,0.13153955,0.040232345,-0.097887404,-0.13278644,0.15987611,0.13867407,-0.123825096,0.036406104,-0.21930386
5AR%GENOME179896_434,-0.12014539,-0.0923001,-0.03275058,0.02001919,0.04202487,-0.04880347,0.12369571,0.13519181,0.09012138,-0.1028738,-0.126069,-0.12663686,0.10587327,0.08138592,-0.04062465,-0.008010885,-0.07179024
5AR%HIU55603_1_DUF1295_domain-containing_protein__Candidatus_Gallibacteroides_avistercoris_,-0.24770182,0.06699534,-0.16811842,-0.0019370727,-0.0040017175,-0.2243638,0.23366643,0.22679566,0.0026457608,0.030658955,-0.054607898,-0.1230525,0.19324762,0.1995287,0.060003128,0.11274273,-0.3020576
5AR%MBD5276024_1_DUF1295_domain-containing_protein__Bacteroides_sp__,-0.038505543,-0.05056651,-0.023362339,0.00041503605,0.005797672,0.031743452,0.039912,0.022703445,0.07055372,-0.049709897,-0.0439736,-0.02134491,-0.0077146254,-0.03138084,-0.026706837,-0.029395383,0.002231323
5AR%MBP3601379_1_DUF1295_domain-containing_protein__Alistipes_sp__,-0.011313229,0.044782523,-0.08354065,-0.069300085,-0.069258586,-0.020993294,-0.0035856038,0.014186476,0.029119264,0.066020995,0.06099217,0.040061485,-0.033122193,-0.0013976769,-0.015183893,0.014323125,-0.040161997
5AR%MBR4740186_1_DUF1295_domain-containing_protein__Bacteroidales_bacterium_,-0.006461931,0.021530723,-0.15523112,-0.14330046,-0.14210066,0.03751613,-0.034469113,-0.020361561,0.11556205,0.14013448,0.05012187,0.047480892,-0.03558311,-0.016640807,0.044062153,-0.040359464,-0.025520254
5AR%MCH5217706_1_DUF1295_domain-containing_protein__Muribaculaceae_bacterium_,0.0388779,0.036905456,-0.075807676,-0.08146447,-0.09154218,0.04851629,-0.033651255,-0.02401152,0.10140028,0.092472136,0.07264063,0.057678103,-0.03747268,-0.015967825,0.009331469,-0.07057773,-0.024316292
5AR%MCR5660240_1_DUF1295_domain-containing_protein__Bacteroidales_bacterium_,-0.16361341,0.03530167,-0.01024119,0.10303232,0.050431523,-0.18595062,0.15911932,0.14960179,-0.08129423,-0.0921649,-0.10163097,-0.15819393,0.15991223,0.19481543,0.08256029,0.12856016,-0.1560796
5AR%WP_005657188_1_DUF1295_domain-containing_protein__Bacteroides_stercoris_,0.01614759,-0.061011598,-0.060846634,-0.06702068,-0.068231225,-0.012695137,-0.012744717,-0.0034183871,0.05869676,0.062377997,0.06522803,0.062062383,0.015594155,0.015769847,0.05590363,-0.016876431,-0.058265496
5AR%WP_300108487_1_DUF1295_domain-containing_protein__uncultured_Alistipes_sp__,0.050655957,0.11470227,-0.10908105,-0.13766971,-0.14633985,0.032689996,-0.03702743,-0.054011155,0.061838966,0.15649179,0.1440131,0.11058486,-0.07236125,-0.041838523,-0.04423041,-0.034597956,-0.04326405
5AR%WP_346709278_1_DUF1295_domain-containing_protein__Phocaeicola_salanitronis_,-0.025804283,-0.101613,0.06342261,0.107943535,0.039968383,-0.063439175,0.030574612,0.029209094,-0.08932131,-0.03170764,-0.07569168,-0.07462195,0.08515384,0.13982101,0.122391135,0.056069545,-0.003941169
5AR%WP_418203978_1_DUF1295_domain-containing_protein__Bacteroides_sp__,-0.11572873,-0.08317453,0.0072791274,0.011206456,0.061029524,-0.015346386,0.0906412,0.020689053,-0.025388855,-0.058288597,-0.038343936,-0.029274302,0.09256313,-0.018657792,-0.04460784,0.07985889,-0.0137482
5BR%CAK7070565_1_MAG__NADPH_dehydrogenase__Parabacteroides_sp__,-0.06446376,0.071802415,-0.101202525,-0.07888135,-0.0699728,-0.057599556,0.040529333,0.066242024,0.039223514,0.019043613,0.026088774,-0.00084303744,0.025745556,0.03696618,0.010289899,-0.008236376,-0.063097246
5BR%GENOME006024_4796,-0.15866274,-0.033410452,-0.017887484,-0.059958234,-0.026644731,-0.0020452768,0.14484587,0.057848386,0.046077095,-0.13380094,0.054578457,0.05292314,0.09407717,-0.07893899,-0.09740414,0.1225559,-0.10088254
5BR%GENOME141824_1849,-0.13738969,-0.057641137,0.004104489,0.037900433,0.028575134,-0.16272192,0.1548312,0.2086739,0.0120382765,-0.074893035,-0.05708895,-0.104487315,0.12899826,0.11607786,-0.02153898,-0.06575482,-0.13481565
5BR%HIX74022_1_NADH_flavin_oxidoreductase__Candidatus_Parabacteroides_intestinipullorum_,0.25819308,-0.050518755,0.11688062,0.046261977,0.018420983,0.19836615,-0.22823463,-0.24287313,-0.07676636,0.0804489,0.057299703,0.11225294,-0.11797908,-0.10271351,-0.012918521,-0.10469899,0.2459611
5BR%MBO4402754_1_NADH_flavin_oxidoreductase__Bacteroidales_bacterium_,-0.030473359,0.036182724,0.056804165,0.05368041,0.04660367,-0.0320681,0.02666419,0.019319447,-0.05189189,-0.06576927,-0.054546814,-0.07660163,0.029163515,-0.0075569474,-0.03166043,0.031223252,0.021988058
5BR%MBO7234306_1_NADH_flavin_oxidoreductase__Paludibacteraceae_bacterium_,-0.13030033,0.014215803,-0.14217672,-0.09116325,-0.10362944,-0.11297612,0.09979381,0.13284631,0.10874497,0.03590552,-0.0031350192,-0.036974512,0.07159906,0.13837369,0.10481248,0.03239623,-0.1561285
5BR%MBO8446450_1_NADH_flavin_oxidoreductase__Candidatus_Enterocola_intestinipullorum_,-0.1131025,-0.05511122,0.02275021,0.0010497546,0.091792114,-0.015706414,0.046202112,5.3709726e-05,-0.05112896,-0.10272477,-0.0122960415,0.021444865,0.07627514,-0.07822318,-0.020617586,0.12584591,0.014932367
5BR%MBQ8101082_1_NADH_flavin_oxidoreductase__Paludibacteraceae_bacterium_,0.055603966,0.08388409,0.025852153,0.021574695,0.029259898,0.059581958,-0.065933935,-0.093432814,-0.05436446,-0.025967523,-0.012825923,0.004088146,-0.046633363,-0.093957804,0.0041031004,-0.029545793,0.09370981
5BR%MCD8287651_1_NADH_flavin_oxidoreductase__Porphyromonadaceae_bacterium_,0.0041931774,0.07164079,0.02207826,0.013420442,0.02446461,-0.10506633,0.05865198,0.041135117,-0.08863389,-0.02431575,0.0064416914,-0.054166812,0.025003286,0.025292395,-0.09146731,-0.08345318,-0.015654765
5BR%MCF0197806_1_NADH_flavin_oxidoreductase__Bacteroidaceae_bacterium_,-0.13002983,0.003395743,0.051149398,0.07650654,0.06432488,-0.10164866,0.16883369,0.15767401,-0.0309659,-0.107954934,-0.089339994,-0.099566124,0.120139405,0.11811686,-0.030239362,-0.030228388,-0.102572314
5BR%MCH5231198_1_NADH_flavin_oxidoreductase__Muribaculaceae_bacterium_,0.09133387,0.0950676,0.030128263,-0.019762786,-0.021133322,0.057535563,-0.05848939,-0.07321718,0.015680641,-0.0080268495,0.058837596,0.03935282,-0.14600027,-0.12354593,-0.114573374,-0.10354369,0.043786578
5BR%MCQ2066925_1_NADH_flavin_oxidoreductase__Bacteroidaceae_bacterium_,0.096868895,0.013934377,-0.03082199,-0.037791383,-0.027771566,0.1039331,-0.054082837,-0.066027276,0.06541217,-0.0059193615,0.039149478,0.05524657,-0.08119405,-0.11793039,-0.048494034,-0.09099247,0.0706815
5BR%MCQ2271787_1_NADH_flavin_oxidoreductase__Bacteroidales_bacterium_,0.074495085,-0.05298194,0.1366102,0.108397745,0.1623132,0.062492117,-0.070033096,-0.15304789,-0.1743461,-0.018720157,-0.040884312,-0.011490175,0.0041836994,-0.08323816,-0.06215921,0.053460255,0.18294153
5BR%MDD5892138_1_NADH_flavin_oxidoreductase__Bacteroidales_bacterium_,-0.0020803763,0.02653798,-0.06501483,-0.039266076,-0.095688604,-0.0075486316,0.052593794,0.006445838,0.04668329,-0.01997825,0.052040853,0.03929769,0.05804025,0.058569923,0.098206855,0.011858153,-0.08145878
5BR%MDD5962634_1_NADH_flavin_oxidoreductase__bacterium_,-0.058140766,-0.13193373,0.035732895,0.084282964,0.09141528,0.018564653,0.0025494024,0.031653676,0.017997133,-0.042133234,-0.08979067,-0.026513532,0.09166478,0.092587605,0.15219875,0.112438925,-0.04014914
5BR%MEI7492181_1_NADH_flavin_oxidoreductase__Bacteroidota_bacterium_,-0.022112438,0.0003454041,0.070157945,0.10767385,0.14972548,-0.12246356,0.033087745,0.005591821,-0.22314698,0.031276345,-0.07883906,-0.10048911,0.088977054,0.1057694,-0.028316969,-0.001312996,0.018659217
5BR%MEZ3591839_1_NADH_flavin_oxidoreductase__Muribaculaceae_bacterium_,0.17293483,0.14150459,-0.12609465,-0.1799424,-0.18847956,0.1512122,-0.13875328,-0.16185057,0.11164818,0.21462154,0.22513029,0.20258111,-0.15810612,-0.1100132,-0.06339696,-0.13634914,0.028829398
5BR%WP_008142631_1_NADH_flavin_oxidoreductase__Phocaeicola_coprophilus_,-0.023415558,-0.24939233,0.018979134,0.033134706,0.044788122,0.060288407,0.006193415,0.035800897,0.095637105,-0.047777634,-0.091929294,-0.008253886,0.072187,0.00458011,0.06439688,-0.09353637,0.048473187
5BR%WP_182654491_1_NADH_flavin_oxidoreductase__Alistipes_indistinctus_,-0.021492112,0.01209853,0.14391632,0.104443476,0.15950611,-0.05181972,0.038963675,-0.05791676,-0.18854026,-0.17610541,-0.009491961,-0.017176986,0.034502026,-0.09051826,-0.06379843,0.10313653,0.093030795
5BR%WP_250710077_1_NADH_flavin_oxidoreductase__Bacteroides_fragilis_,-0.2681716,-0.091532566,-0.010397298,0.042935103,0.044519924,-0.12380457,0.2642656,0.23787117,0.08959321,-0.17831701,-0.13688378,-0.14989604,0.21077654,0.12659433,-0.02550619,0.037960242,-0.18219683
5BR%WP_259010233_1_NADH_flavin_oxidoreductase__Parabacteroides_distasonis_,-0.23287712,-0.10352891,-0.103801616,-0.058175627,-0.025675287,-0.09940259,0.2201555,0.25377837,0.1678383,0.0040307343,-0.08540675,-0.103018634,0.14074963,0.08239245,-0.1418029,-0.076839074,-0.19265664
5BR%WP_279088787_1_NADH_flavin_oxidoreductase__Alistipes_putredinis_,-0.010464332,0.022819588,-0.06401989,-0.06750984,-0.07977181,0.014194794,0.025807187,0.00972582,0.07261161,0.048671007,0.034612108,0.026275352,0.00035854298,-0.010311305,-0.020725377,-0.05571049,-0.031761333
5BR%WP_295936477_1_NADH_flavin_oxidoreductase__uncultured_Alistipes_sp__,0.03108969,0.12769718,-0.06155993,-0.09226357,-0.09053565,0.02647484,-0.024944248,-0.035847075,0.043451805,0.08454843,0.10985801,0.083402626,-0.07642304,-0.07216159,-0.06656948,-0.06802992,-0.032728873
5BR%WP_300285921_1_NADH_flavin_oxidoreductase__uncultured_Alistipes_sp__,-0.027335646,0.007136356,0.055381794,0.09913584,0.01463308,-0.06851621,0.032855384,0.024731074,-0.101160735,0.025036354,-0.04274385,-0.058297902,0.06493921,0.13818018,0.080100365,0.025701582,-0.0516726
5BR%WP_302380465_1_NADH_flavin_oxidoreductase__uncultured_Alistipes_sp__,-0.12635088,0.053312324,-0.16638795,-0.10830417,-0.12047288,-0.08659513,0.109022416,0.12706678,0.112569675,0.011429203,0.03321503,0.005590676,0.08588769,0.14405228,0.12790616,0.04731783,-0.17818126
5BR%WP_394671717_1_NADH_flavin_oxidoreductase__Muribaculum_sp__,-0.008700282,-0.10455744,0.117748134,0.044096556,0.14366604,0.07301517,-0.0027861393,-0.07665244,-0.078629084,-0.059752084,-0.030763926,9.534988e-05,0.04478347,-0.12749432,-0.15546712,0.0718785,0.12746857
5BR%WP_418992344_1_NADH_flavin_oxidoreductase__Alistipes_sp__,0.006901794,0.08963173,-0.06453177,-0.067111336,-0.06715799,-0.00088515587,-0.0024282404,-0.0060642986,0.026190646,0.039507937,0.05775705,0.03508179,-0.0004128609,0.002469467,-0.021346381,-0.044873662,-0.023623826
7aHSDH%EOW9602512_1_SDR_family_NAD(P)-dependent_oxidoreductase__Escherichia_coli_,-0.22055328,-0.0076850313,0.06591906,0.16024004,0.09716729,-0.24516949,0.23195593,0.22078407,-0.104840145,-0.111760885,-0.20945969,-0.24421531,0.24679428,0.29165736,0.14156759,0.06946953,-0.17258357
7aHSDH%GENOME011662_3430,-0.019152537,-0.092340425,-0.0053409077,-0.00849826,-0.025245119,0.047507767,0.0061400537,0.011169079,0.08780145,-0.0074482276,-0.022310428,0.016829826,0.010435625,0.014013934,0.057491716,-0.00092128245,-0.012851455
7aHSDH%GENOME067790_2714,0.030611666,-0.07516041,0.06094217,0.031404663,0.038883556,-0.00091577624,-0.07543127,-0.05147586,-0.05864307,0.018065602,-0.047962714,-0.029602258,-0.03975793,-0.047038876,0.012184407,-0.021940885,0.13819443
7aHSDH%GENOME070302_884,0.0061331624,-0.033809114,0.010303771,4.4449494e-05,-0.0662975,-0.037045926,0.008490043,-0.026059616,-0.00801091,-0.014834464,0.029116228,0.005800679,0.0019702674,0.021105522,0.09244404,0.10630391,-0.0052549555
7aHSDH%GENOME086444_1757,0.008297981,-0.047575727,-0.043097597,-0.0600227,-0.07302558,0.025031675,-0.03224636,-0.03366619,0.055224244,0.046194423,0.036798973,0.0421672,-0.019010436,-0.0011519582,0.027953735,-0.011160973,-0.021188311
7aHSDH%GENOME103762_694,0.04657597,0.100881994,-0.022875555,-0.024668438,-0.064059705,0.0354081,-0.0014794957,-0.05821929,0.0040515154,0.0037965202,0.07995794,0.07169219,0.0067327064,-0.015690884,0.026735367,0.019568048,-0.047270063
7aHSDH%GENOME150027_3593,0.025947364,0.06623058,0.08723888,0.09475808,0.12167311,-0.020905497,0.02854663,-0.039988607,-0.12406388,0.033408985,-0.07982418,-0.06872659,0.032475706,-0.019634757,-0.058359984,-0.028377011,0.044066735
7aHSDH%GENOME215422_1346,-0.09478042,-0.07431455,0.12653036,0.1591217,0.17738324,-0.11415526,0.096833736,0.0955938,-0.12152199,-0.14854196,-0.17448044,-0.17374876,0.12165844,0.091968924,-0.07660677,0.023065167,0.035164997
7aHSDH%HAY2965420_1_SDR_family_oxidoreductase__Escherichia_coli_,-0.21333161,-0.044003945,0.04583981,0.117241085,0.05887105,-0.20912689,0.2274398,0.19871253,-0.09194354,-0.095170915,-0.14166531,-0.16009621,0.23831917,0.27410567,0.11724625,0.09237316,-0.20167212
7aHSDH%HEX5818085_1_7-alpha-hydroxysteroid_dehydrogenase__Gemmatimonadales_bacterium_,-0.041506052,0.007654779,-0.07497763,-0.060764022,-0.07866191,-0.01178466,0.036290083,0.028826036,0.06731254,0.021601265,0.026721684,0.0124380365,0.0003421536,0.019239211,0.025880372,0.036034003,-0.06666038
7aHSDH%MBHC130__Clostridiales_bacterium_1_7_47FAA_,0.015820917,0.021631375,0.03304384,0.029317047,0.03560156,0.012685749,-0.029529259,-0.010763099,-0.009606588,0.025593314,-0.042829614,-0.02773377,-0.018469328,-0.023054803,0.0029558712,0.013971321,0.028593512
7aHSDH%MCI7810995_1_SDR_family_oxidoreductase__Clostridiales_bacterium_,-0.049075637,-0.032306723,-0.07242055,-0.036894146,0.012050572,0.004483329,0.021146825,0.038665883,0.018233616,-0.02239022,0.011200177,0.025331574,0.031640798,0.02820202,0.035956725,0.060698785,-0.022317352
7aHSDH%MEO8122524_1_7-alpha-hydroxysteroid_dehydrogenase__Burkholderiales_bacterium_,-0.12929346,0.10668533,0.22982201,0.25364572,0.12755483,-0.30144474,0.16768584,0.13548309,-0.31781408,-0.071944706,-0.16542631,-0.2410391,0.19266972,0.2992664,0.11955242,0.08103493,-0.0851221
7aHSDH%WP_003507641_1_7alpha-hydroxysteroid_dehydrogenase___Clostridium__symbiosum_,0.03177278,-0.04854538,0.072062865,0.071951956,-0.026406847,-0.046633914,-0.048358288,-0.054456092,-0.08852455,-0.004561481,-0.03136841,-0.030781303,0.06258874,0.17883314,0.26826525,0.10457646,0.006195223
7aHSDH%WP_025075670_1_7alpha-hydroxysteroid_dehydrogenase__Bacteroides_faecichinchillae_,-0.20161052,0.015300312,-0.15301056,-0.06185746,-0.06742955,-0.15312715,0.15008089,0.19609548,0.1125956,-0.021120435,-0.041023403,-0.06960548,0.10876825,0.15809916,0.143361,0.107857406,-0.23691939
7aHSDH%WP_071121323_1_7alpha-hydroxysteroid_dehydrogenase__Romboutsia_timonensis_,-0.026135445,-0.052153796,0.15748559,0.15904015,0.17896345,0.03330694,0.0020435147,0.014814614,-0.06312513,-0.10238999,-0.16570814,-0.108915426,0.018034529,-0.02496062,-0.06572699,-0.093311675,0.09121391
7aHSDH%WP_262434703_1_7alpha-hydroxysteroid_dehydrogenase__Jilunia_laotingensis_,0.00697841,0.07346944,0.06349985,0.012713774,0.059692588,0.04365577,-0.028284067,-0.09180439,-0.101104945,-0.015386058,0.032417014,0.01698713,-0.020588081,-0.123446405,-0.116712615,0.10303913,0.06635778
7aHSDH%WP_288686302_1_SDR_family_NAD(P)-dependent_oxidoreductase__partial__uncultured_Bacteroides_sp__,0.0063523757,-0.08816992,-0.022573156,-0.0136920465,-0.01953603,0.053587142,-0.0365109,0.005643134,0.08892578,-0.060963865,-0.0379708,-0.0036897191,-0.008965118,-8.08944e-05,0.10818698,0.05749905,0.008361183
7aHSDH%WP_303013929_1_7alpha-hydroxysteroid_dehydrogenase__uncultured_Bacteroides_sp__,-0.027864425,-0.031119287,-0.05101995,-0.003982571,-0.03276906,-0.037399836,0.0071051144,0.04365805,0.045954704,-0.10242881,-0.034335814,-0.046385556,0.012179665,0.074956164,0.20806819,0.14524223,-0.04428899
7bHSDH%GENOME075272_507,0.043417737,0.065455265,0.022432797,0.053708635,0.10213058,-0.03540173,-0.013749211,-0.034228597,-0.14883402,-0.047697328,-0.029696543,-0.059570383,-0.024061052,-0.018436689,-0.014486666,0.067566775,0.09872894
7bHSDH%WP_394860677_1_7beta-hydroxysteroid_dehydrogenase__Mediterraneibacter_gnavus_,-0.060806356,-0.10400015,0.05509708,0.064324915,0.043443505,-0.122616775,-0.0011083938,0.04667631,-0.10137128,1.328662e-06,-0.11085768,-0.11335867,0.06487107,0.077544644,0.09136551,0.04518149,0.08760515
BSH1%UPI0001652BA3,0.060025025,0.046688505,-0.05957862,-0.034663282,-0.03645199,0.061373577,-0.045720693,-0.0650696,-0.00047067337,0.022428012,0.08283105,0.082252294,-0.020995364,-0.009653692,0.044693023,0.038500253,-0.005401364
BSH1%UPI0001B1C28E,-0.29193538,-0.23599842,-0.07013083,0.10046904,0.03744398,-0.19945459,0.24741709,0.29984647,0.09236917,-0.1366835,-0.19559166,-0.19233209,0.28777382,0.36809033,0.28152812,0.1506872,-0.2804369
BSH1%UPI0001DE6025,-0.08480453,0.022836018,0.03166737,0.07542011,0.08220619,-0.08621974,0.06706099,0.044284116,-0.08734805,-0.006836027,-0.13272485,-0.14797054,0.07734189,0.053015005,-0.05797266,0.04371561,0.023941327
BSH1%UPI0002624191,0.057039328,0.031147191,-0.05838478,-0.08314282,-0.08714858,0.033116687,-0.10684293,-0.08373673,0.033892535,0.06367696,0.05912305,0.060109124,-0.06551813,-0.041841332,0.079416476,0.044264577,0.03989196
BSH1%UPI0002CB0E7D,0.05236897,-0.04132153,-0.011695368,-0.01945469,-0.061859716,0.040989265,-0.068514414,-0.052734632,0.03683447,-0.052387863,0.015374097,0.039365016,-0.030728552,0.0030883586,0.1808525,0.078848496,0.035044927
BSH1%UPI00033F0DE9,0.03976129,-0.038121067,-0.037036285,-0.05286823,-0.051428605,0.06210473,-0.058754634,-0.048366535,0.056737915,0.052017756,0.07892588,0.09952697,-0.04509697,-0.047503065,0.030452702,0.03036029,-0.025459707
BSH1%UPI0003A10C39,-0.07769916,0.08563095,-0.15737972,-0.13200483,-0.12790851,-0.06657338,0.05538846,0.07956639,0.098715365,0.0746501,0.07512668,0.036131255,0.007135566,0.07441553,0.069319,0.04658893,-0.14057595
BSH1%UPI00044AC395,-0.12502214,-0.032370362,-0.0048580393,-0.018501075,-0.028180482,-0.019177213,0.09464013,0.07313968,0.061762728,-0.06725378,-0.013851386,-0.01971993,0.105046205,0.04345663,-0.012491313,0.072898686,-0.0943326
BSH1%UPI0004BCDDD9,-0.049841724,0.08815479,0.0410613,-0.025484426,0.021404471,-0.019969804,0.039380144,-0.0021964198,-0.04710696,0.010983532,0.06914322,0.026611526,-0.021392979,-0.11024587,-0.19801503,0.00089256145,0.004669762
BSH1%UPI0004D69CD5,0.1357816,-0.009499696,0.0065540206,-0.043532036,-0.029050555,0.0915905,-0.14989589,-0.1310626,0.0052428613,0.03898462,0.056922242,0.076820925,-0.108268775,-0.10545339,0.033539075,-0.01956919,0.13500902
BSH1%UPI0004D6A0E9,0.16292033,0.1412555,0.035155952,-0.023287587,-0.031861614,0.092167884,-0.102098525,-0.14121516,-0.050133035,-0.040415883,0.12089706,0.1056905,-0.1307734,-0.15702152,-0.04336965,0.011025697,0.098271586
BSH1%UPI0004F8D610,-0.07270052,0.090173446,-0.118678,-0.067802705,-0.06149691,-0.09732373,0.06439197,0.09859406,0.037179753,-0.05031659,-0.0020997874,-0.044558845,0.014069495,0.062071256,0.085850105,0.061568514,-0.08919935
BSH1%UPI00070D1B8F,-0.18376765,-0.043731567,-0.06848199,-0.0077929855,-0.023738058,-0.17818852,0.17971402,0.19006357,0.02571136,-0.009857336,-0.035636984,-0.07499791,0.12078329,0.15169428,0.01865231,0.055127975,-0.19763586
BSH1%UPI00073AFD00,0.19201428,0.062503055,-0.021256173,-0.098098144,-0.09228431,0.16926423,-0.16143852,-0.15507804,0.08105648,0.11069837,0.15322691,0.14481471,-0.15728097,-0.18246183,-0.08969289,-0.065043,0.099431425
BSH1%UPI00076E9CCB,0.16437441,-0.02290756,0.01630676,-0.054972984,-0.059796296,0.14838567,-0.16035897,-0.15733922,0.048290137,0.03591363,0.089207694,0.124470256,-0.13314644,-0.16080005,-0.0081490455,-0.020785399,0.11840985
BSH1%UPI0007933BD5,0.23195799,0.1230577,0.1189974,0.04053066,0.065294385,0.12817177,-0.19765697,-0.21096747,-0.1262678,0.010527524,0.066123635,0.06274903,-0.16822447,-0.18207936,-0.08971745,0.0120766675,0.21172386
BSH1%UPI000801FF16,-0.08649056,0.009956989,-0.0037595378,-0.021583123,0.045977335,0.02008926,0.08304202,0.008360785,0.008881383,-0.07022725,0.031812187,0.027906872,0.02645499,-0.087580115,-0.11666289,0.085944526,-0.04829999
BSH1%UPI00093BFB8C,0.0723134,-0.008742644,0.0345444,0.0051105833,-0.05224562,-0.05579763,-0.05530907,-0.038385354,-0.06338217,0.046183243,0.046610102,0.034019347,0.01793957,0.06609883,0.09950035,-0.06808384,0.012606991
BSH1%UPI000949473C,0.023109756,0.027158374,-0.027175084,-0.037673198,-0.0277271,0.045326006,-0.04068232,-0.043242272,0.06574429,0.11652481,0.017516416,0.02761084,-0.059875537,-0.05096477,-0.050979123,-0.07531919,-0.005514558
BSH1%UPI00095B1DAC,-0.077372596,-0.04772625,-0.03467437,-0.09274166,-0.09599906,0.06238184,0.0745794,0.042480674,0.17293127,-0.06701577,0.09127006,0.08867903,0.028008698,-0.041393515,-0.028618937,0.060530968,-0.11936985
BSH1%UPI00095C7CBB,0.05567954,0.16605526,0.08004106,0.027313959,0.031198215,-0.048537828,-0.03048986,-0.058962036,-0.10416112,-0.0033331974,0.044735312,0.005499431,-0.06756039,-0.08418591,-0.09329935,0.0046412684,0.014698351
BSH1%UPI000A00C8F6,-0.13624513,-0.009467301,-0.040024552,0.029728496,0.016526686,-0.08678948,0.08888182,0.112263605,0.018291358,-0.076376885,-0.10130787,-0.10623252,0.05294652,0.075413726,0.08994308,0.12896447,-0.08314613
BSH1%UPI000BCCCB22,-0.0087390095,0.105545394,0.030675914,0.0073995204,0.038615365,-0.0148520395,0.016571073,0.028456733,-0.0338141,-0.012237269,-0.009788299,-0.028206095,-0.015722083,-0.018896218,-0.11604796,-0.055364512,0.007573379
BSH1%UPI000BD3EFD5,0.0004085441,-0.06611956,0.15769883,0.16176961,0.094389096,-0.049067248,0.037548862,0.011124318,-0.12130314,-0.06115423,-0.124914855,-0.12962563,0.06618282,0.11665851,-0.03234938,-0.027486807,0.040541988
BSH2%UPI0001599717,0.2526214,0.10371956,0.071758874,0.011570207,0.04444546,0.13578972,-0.21293782,-0.24010067,-0.16361992,0.09764692,0.09204855,0.099190325,-0.19110407,-0.18416297,-0.110681795,-0.08726443,0.25726163
BSH2%UPI00017C25E3,0.044619635,0.011893561,0.009057448,-0.046130136,-0.056749567,-0.015688661,-0.04256689,-0.031414773,0.00017766542,0.039877005,0.05155754,0.030092964,-0.038879942,-0.02216397,0.0035697115,-0.04844245,0.014523011
BSH2%UPI0001971EB2,-0.014838584,-0.0059156525,0.00095267483,-0.005430183,-0.009309982,-0.027151344,0.001883437,0.010335539,0.011384541,0.023264851,-0.017152071,-0.015966145,0.016019111,0.0054370677,-0.037415456,-0.08692069,0.002261186
BSH2%UPI0001C1C05D,0.061679114,0.09036871,0.15538755,0.18494947,0.15739445,-0.14116302,0.067214094,0.031745214,-0.2698675,-0.19381167,-0.11296355,-0.14167954,0.019867785,0.011660639,0.035762705,0.088162415,0.037070755
BSH2%UPI0001CF4F1D,-0.034312498,-0.09500149,-0.05802309,-0.0064805276,-0.048842266,-0.033530556,0.04900365,0.036072217,0.051250096,-0.06860003,-0.017111959,-0.015004376,0.06702778,0.10270171,0.17560793,0.13298704,-0.06328683
BSH2%UPI000335FD2D,0.03011257,0.11546996,-0.033796214,-0.041992683,-0.052157093,-0.0070848614,-0.029550664,-0.05213855,-0.027503692,0.037999522,0.09214817,0.05163446,-0.04934547,-0.03675638,0.016924761,0.09503046,-0.031133177
BSH2%UPI00033F049A,0.08070085,-0.036147397,-0.08117552,-0.107289575,-0.051890165,0.12193169,-0.09330805,-0.09612052,0.114900865,0.11622188,0.08553722,0.12597832,-0.089453384,-0.11084267,0.0017253476,-0.114921525,0.042852603
BSH2%UPI00038B932A,0.0370746,0.0004928427,0.07762433,0.04772334,0.006177449,-0.012427436,0.007818036,-0.019511951,-0.007481313,-0.0029792245,-0.017026817,-0.02619349,0.0038666488,0.03791466,0.013482295,0.004441197,-0.02060994
BSH2%UPI000396CDDF,0.22778322,0.051664244,-0.045937773,-0.100014284,0.00919682,0.20763227,-0.24476595,-0.24538022,0.023814568,0.2771892,0.1109218,0.13898908,-0.21675217,-0.2888079,-0.17533556,-0.123086475,0.25806186
BSH2%UPI00050FFCF5,-0.017239857,-0.0072680633,-0.0015580351,0.030837351,0.05512014,-0.007543295,-0.0050712805,-0.006268179,-0.021792393,-0.078873165,-0.0878414,-0.07326077,0.019203233,-0.01978935,0.003294505,-0.075181216,0.076061934
BSH2%UPI0005D317A6,0.012265918,-0.045089718,-0.0061481614,-0.003833827,0.025897568,0.045766078,0.005362344,0.008112691,0.048778243,-0.005870449,-0.026654985,0.0039747586,0.009893584,-0.006234372,-0.013934012,-0.07322422,-0.006407349
BSH2%UPI0005DCCFF2,0.13602552,0.0653088,-0.17790258,-0.2343569,-0.22531419,0.18716192,-0.1647148,-0.16217512,0.16586645,0.1917745,0.22366065,0.22334485,-0.20166355,-0.20350736,-0.042208347,-0.07631605,0.02699404
BSH2%UPI0006649122,-0.12800778,-0.042695176,0.044987127,0.097846575,0.080985114,-0.11480989,0.13253409,0.107420534,-0.059714608,-0.12522087,-0.12400364,-0.11968889,0.16180953,0.11727091,0.09320383,0.06668788,-0.061300192
BSH2%UPI0006C0EB58,0.13860922,0.009540984,0.0008366762,-0.06933637,-0.018116856,0.15717365,-0.14408736,-0.12735419,0.018381864,0.069090344,0.13139363,0.1516813,-0.15362525,-0.1658729,-0.084319055,0.011748309,0.0952586
BSH2%UPI0006C1ADDE,-0.106010616,0.019749802,-0.19007683,-0.12975991,-0.12838103,-0.050225876,0.102149144,0.097856924,0.16967154,0.19842502,0.031121671,-0.028487561,0.0376819,0.08423174,-0.02758438,0.025621738,-0.21770743
BSH2%UPI0006C28698,0.08214075,-0.02267393,-0.025841719,-0.107362606,-0.0681641,0.049379382,-0.07761702,-0.06011127,0.07117571,0.06989004,0.11568928,0.10711565,-0.14378907,-0.1508065,-0.09751033,-0.119496234,0.052255582
BSH2%UPI0006C52F45,-0.1254248,-0.053874817,0.15787658,0.19205754,0.17178236,-0.16363737,0.12483853,0.1420838,-0.14153032,-0.20578079,-0.2146394,-0.21104401,0.13652122,0.13556914,-0.006746484,0.01755316,0.019869834
BSH2%UPI0006C5C844,-0.10799374,-0.106169075,0.13713263,0.18599673,0.14792182,-0.124406196,0.117762946,0.13246529,-0.07242056,-0.224399,-0.24263231,-0.2238205,0.14512116,0.15882793,0.047975335,-0.032624003,0.029700918
BSH2%UPI0006CAB5AD,-0.08400581,-0.18097323,-0.020789064,0.04234557,0.062287122,-0.07605848,0.07880758,0.12459738,0.022362476,-0.0018348056,-0.09005514,-0.069168,0.09918755,0.14738268,-0.040735207,0.0033210712,-0.058870792
BSH2%UPI0006CABDF6,0.16485424,-0.059148658,0.0862924,0.0057805716,0.0688553,0.15727125,-0.19963701,-0.1223774,-0.032163247,0.031111997,0.05306539,0.1095862,-0.14460944,-0.13433842,-0.08952656,-0.07435503,0.21721977
BSH2%UPI0006CABE2C,0.0095383795,-0.12043442,0.1320775,0.111411706,0.11322646,-0.012275445,-0.00908581,0.0034092125,-0.050241333,-0.04183401,-0.09392048,-0.06953385,-0.008207337,-0.05604857,-0.09069127,-0.10718884,0.10910191
BSH2%UPI000820857A,-0.06798003,-0.10696015,0.043657307,0.062272146,0.08976685,-0.04751751,0.07077937,0.099889174,-0.011523927,-0.08147361,-0.09292039,-0.08341856,0.06214293,0.058810066,-0.03788244,-0.0015040247,-0.0025424755
BSH2%UPI000820F666,0.096073955,-0.036959123,0.029593294,-0.022563983,-0.042308096,0.041925613,-0.06968758,-0.082296655,-0.03007714,-0.020355858,0.074952684,0.08091381,-0.071738265,-0.07174717,0.060847007,0.075608924,0.062230393
BSH2%UPI000821232B,-0.0314338,-0.09425034,0.11527372,0.14547859,0.16119452,0.00443904,0.03985506,0.048524752,-0.04102661,-0.08830166,-0.1447321,-0.09309539,0.053803194,0.07420965,0.0054949136,-0.001622252,0.01690878
BSH2%UPI000821B9AC,-0.091283046,-0.07576676,0.090314195,0.116884254,0.14034072,-0.041680373,0.051003367,0.07474367,-0.034705266,-0.04135615,-0.1542656,-0.11222222,0.094693825,0.037953194,-0.054018952,-0.08080898,0.034841463
BSH2%UPI00082257EE,0.18890035,-0.015307396,0.02368785,-0.030620603,0.056216124,0.13655834,-0.19689399,-0.17427738,-0.028313236,0.13253847,0.051883027,0.08626512,-0.185846,-0.2184177,-0.12183217,-0.066317976,0.23830856
BSH2%UPI0008230885,-0.08310014,-0.041283708,0.022457924,0.06128413,0.025708377,-0.074033275,0.10102361,0.09972442,-0.016509898,-0.13591233,-0.0565524,-0.05624114,0.07240008,0.075263456,0.06951969,0.039402753,-0.060980063
BSH2%UPI00082332C0,-0.039670836,0.05768579,0.0028798974,-0.01935608,-0.01784193,-0.04635763,0.024068378,0.015262166,-0.013595636,0.041820597,0.03931658,0.0022763808,-0.0057622264,0.013269583,-0.055046648,0.075996324,-0.06479485
BSH2%UPI000965B48B,0.05113436,-0.05085807,-0.06462858,-0.07437637,-0.030249614,0.014704478,-0.08121675,-0.055005092,-0.021728568,0.008898829,0.09093401,0.08815963,-0.075290635,-0.05566618,0.055123154,0.10616187,0.069332674
BSH2%UPI0009698BA7,0.030465923,-0.011948041,0.051684484,0.020916538,0.010731938,0.01302249,0.0024803283,-0.03867224,-0.0074159424,-0.010315533,0.03730347,0.019421631,-0.06675014,-0.055831328,-0.0733736,0.03834265,0.02590239
BSH2%UPI000B3674FC,0.038068708,0.1199941,-0.13822176,-0.13499892,-0.12730798,0.04639169,0.0030485713,-0.016767146,0.10609769,0.14557841,0.12181552,0.07007446,-0.100888185,-0.06476783,-0.09127439,-0.08388043,-0.038956683
BSH2%UPI000D6581CE,-0.030816348,-0.052701306,-0.017167976,-0.010738706,-0.027724797,-0.025900152,0.064604074,0.06048044,0.05621694,0.002766113,-0.011406325,-0.004670584,0.055026084,0.06222836,0.037298027,0.01385323,-0.085827895
BSH2%UPI000D7AF0AB,0.04400276,0.089329846,-0.10146711,-0.11513979,-0.11668663,0.040935516,-0.0421187,-0.055453405,0.0524456,0.09138851,0.10857,0.07119781,-0.08881629,-0.06887234,-0.054222584,0.0052109067,0.0023294194
BSH2%UPI000E40484B,0.081626825,0.11010286,-0.1054644,-0.13963543,0.009371927,0.16073015,-0.06632939,-0.10961652,0.06937677,0.23826464,0.09700953,0.08217138,-0.14326738,-0.25335717,-0.32787645,-0.10862355,0.08819094
BSH2%UPI000E42566B,0.10601231,0.075832814,-0.080675185,-0.10616365,-0.19139671,0.15173574,-0.05976137,-0.1024195,0.14699553,0.05840296,0.15689021,0.16066246,-0.08421543,-0.06390205,0.13984233,0.092959195,-0.06743875
BSH2%UPI000E4418E2,0.10374197,-0.05588694,0.023599606,-0.014746614,0.01648497,0.115438335,-0.1027506,-0.08606986,0.029312383,0.049027976,0.0033683544,0.054006826,-0.065763034,-0.09896925,-0.04555149,-0.11216571,0.11994008
BSH2%UPI000E4BF981,-0.051213063,0.049044725,-0.040518705,-0.014144223,-0.065416425,-0.06024661,0.02506509,0.029384747,0.048565622,-0.04623646,0.019164689,-0.009992227,0.0017981133,0.04473744,0.13012823,0.052277792,-0.10334826
BSH2%UPI000E53BC4B,-0.066304706,-0.019323457,-0.08155013,-0.06098105,-0.07978125,-0.0106513025,0.04453721,0.050145593,0.08663476,0.022951836,-0.007942687,0.011657547,0.085098244,0.045820955,0.100554556,-0.023465488,-0.081395596
BSH2%UPI000E7D8CB5,0.07176428,0.013898296,-0.052876733,-0.07182339,-0.045586444,0.07563711,-0.082914524,-0.10564054,0.008669533,0.066765115,0.10239444,0.09942456,-0.12222617,-0.120604865,-0.0245691,0.03931232,0.060889706
BSH2%UPI000E9C22D0,0.0978964,0.10586229,-0.024802634,-0.070359,-0.063293606,0.04915953,-0.119846895,-0.085771434,-0.035369314,0.071303286,0.11233464,0.088761665,-0.12595233,-0.098828316,-0.09312329,-0.039808355,0.07830344
BSH2%UPI000EC98B2C,-0.053994194,-0.0016326878,-0.0795927,-0.073028944,-0.095184915,-0.0791598,0.05554988,0.06343289,0.066988334,0.03507206,0.020975165,-0.015365915,0.053510297,0.08375201,0.07695187,-0.002668668,-0.0849346
BSH3%UPI00016547A5,0.054499097,0.17248107,-0.12749198,-0.15266502,-0.14917827,0.015697695,-0.03531091,-0.045116395,0.05055995,0.15230422,0.16417278,0.113671504,-0.07768893,-0.04946917,-0.07308655,-0.071470134,-0.039756943
BSH3%UPI00017EF3F1,0.06888978,-0.17032948,0.2155485,0.28112197,0.14819278,-0.05777492,-0.028315911,0.019115018,-0.18450245,-0.09696311,-0.21392843,-0.18831384,0.07587325,0.26433718,0.08621815,-0.09685411,0.09615182
BSH3%UPI0002132A6C,0.19874911,-0.111913055,0.10940405,0.11734476,0.009890561,0.10982269,-0.16980271,-0.103142865,-0.017300237,-0.02882,-0.09180085,-0.031531513,-0.08776481,0.08538181,0.15176472,-0.09275354,0.16052407
BSH3%UPI000238BE2F,-0.03715038,-0.13541843,0.0021664225,0.009349465,-0.0019756756,-0.040624347,0.062134404,0.066482805,0.067656346,0.002600277,-0.073350966,-0.061957646,0.022303121,0.033765174,0.015089473,-0.07236842,-0.014112321
BSH3%UPI00035F5DCE,-0.08469756,-0.031103753,-0.026670804,-0.012172392,0.023668129,-0.0632215,0.094791785,0.10852654,0.02961262,-0.0012104153,-0.02269549,-0.031610757,0.049591705,0.040823802,-0.06345014,-0.08424455,-0.06547784
BSH3%UPI0004DA32C0,-0.0124106435,-0.055405766,-0.045514412,0.014132899,-0.016193448,0.033689912,-0.0101904245,0.0007144868,0.04295799,0.06277799,0.0013587102,0.025053935,0.031252075,0.09672143,0.11505918,0.045367137,-0.072926186
BSH3%UPI00080CB216,0.15022463,-0.05080183,0.0054884683,-0.04524827,-0.032625027,0.13704842,-0.17360254,-0.15475099,0.038483046,0.10233534,0.05115228,0.09145921,-0.10518324,-0.12546463,-0.016521111,-0.084314115,0.16570018
BSH3%UPI00092A5378,0.17617185,-0.09216228,0.02536531,0.008577884,-0.08210223,0.14122151,-0.16239555,-0.07631031,0.09479946,0.054944195,-0.030358264,0.026201546,-0.11632334,0.037512228,0.0755774,-0.16834013,0.116722
BSH3%UPI000E902C94,-0.014392841,0.065261334,-0.04100585,-0.029061172,-0.05619175,0.002436231,-0.029268181,-0.037454013,0.01649262,0.036733545,0.033084944,0.04132713,-0.03290627,0.0072738803,0.09534764,0.11883551,-0.0306437
BSH3%UPI000EF23C17,0.021537704,0.022323694,0.17452405,0.12203857,0.13751164,-0.058208533,-0.03898083,0.036036845,-0.15636109,-0.08858098,-0.09180192,-0.09853921,-0.023208879,-0.041963506,-0.14943212,-0.1403512,0.14345396
BSH4%UPI0001653940,0.15128721,0.05531395,0.13626683,0.06849729,0.10747426,0.07083354,-0.14292759,-0.09277588,-0.09059787,0.041078188,-0.021368824,0.006548594,-0.09869461,-0.11308687,-0.10327781,-0.14482355,0.16735134
BSH4%UPI0001FAB233,0.09213053,0.020714993,0.035347566,-0.008919204,-0.112643376,0.03392692,-0.10400245,-0.11988354,0.0051165204,0.075657554,0.05079945,0.05230923,-0.018606856,0.08551751,0.21906269,0.033660814,0.0005109099
BSH4%UPI0006BEFACE,0.024435306,0.0027576834,-0.13749813,-0.14837217,-0.10673072,0.057769164,-0.04050689,0.00089198654,0.12795064,0.17050865,0.106815755,0.0969458,-0.10329201,-0.062671036,-0.11574673,-0.097374536,-0.0046289726
BSH4%UPI000822CCAE,0.016814655,-0.01888385,-0.0019560459,-0.03049556,-0.020573206,0.04268764,-0.005325155,0.014397624,0.09160332,0.005669272,-0.009076946,-0.004823849,-0.027835635,-0.0566018,-0.0506109,-0.11637984,0.0066832597
BSH4%UPI000E54B9B5,-0.021531727,0.040771928,-0.01539566,-0.022498272,-0.04121441,-0.005350981,0.033781625,0.014774781,0.054679178,0.034175664,0.023743482,0.010012184,-0.0018260799,-0.026969992,-0.035817586,-0.013267435,-0.070422284
BaiA%QinJ_2012__T2D-016__bin_41_fa_BDDCEIPF_01842__3alpha-hydroxy_bile_acid-CoA-ester_3-dehydrogenase_2,0.045936737,-0.0038525625,0.030153956,-0.016223514,-0.014331612,0.06203047,-0.05631939,-0.048676386,0.026771372,0.037608564,0.041711107,0.06195044,-0.10540698,-0.11740838,-0.06783702,0.0052305735,0.040959626
BaiA%SRR3992974_bin_8_EOPEKEED_01051__3-oxoacyl-_acyl-carrier-protein__reductase_FabG,0.024025962,-0.25527015,0.17485291,0.18686254,0.22457552,0.018160332,-0.009015872,-0.034796014,-0.14255983,-0.11210935,-0.13933359,-0.071243264,0.097603105,0.03310363,-0.012966914,0.07472317,0.12058877
BaiA%bai_cluster_3%midas_Clostridium_hylemonae_61789%Clostridium_hylemonae_61789|NZ_GG657759_1098,0.04680945,-0.025275689,-0.012265677,-0.06403259,-0.07062872,0.10723719,-0.05874792,-0.060473327,0.093243815,0.047268745,0.069093384,0.09586242,-0.10149926,-0.11257389,-0.04413209,-0.033260237,0.019687215
BaiB%MDY5565236_1_bile_acid--CoA_ligase_BaiB__Candidatus_Limivicinus_sp__,-0.044058785,0.004987947,-0.008606686,0.03990671,0.041636165,-0.031326246,0.055450983,0.028024334,-0.012991889,-0.014710881,-0.0344095,-0.0282133,0.07673724,0.057324085,0.07391329,0.08144548,-0.05310639
BaiB%bai_cluster_10%midas_Lachnoclostridium_nov_76594%Lachnoclostridium_nov_76594|ERS138182_8080_1_84_3_3065,0.0005054345,-0.048156437,-0.03970722,-0.05438125,-0.073624805,0.024388785,0.01967206,0.022172587,0.08342752,0.016762152,0.04439884,0.04887388,-0.030872634,-0.013454237,0.000881652,-0.020290326,-0.031411264
BaiB%bai_cluster_2%midas_uncultured_Eubacterium_73696%uncultured_Eubacterium_73696|FMDW01000013_871,-0.06096578,-0.1362926,-0.084832385,-0.061740346,-0.06518641,-0.0100259455,0.05075082,0.07630298,0.11244299,0.008095178,0.0115615465,0.029814536,0.101352,0.121009186,0.10403421,-0.030570269,-0.091275826
BaiCD%MEI3381486_1_FAD-dependent_oxidoreductase__Dorea_sp__,-0.012167014,0.070031315,0.014658136,-0.008306181,-0.036860354,-0.012349673,0.010994326,-0.021322291,-0.025215521,-0.017560387,0.05451248,0.034258984,0.040949903,0.032899693,-0.018992271,-0.0035236063,-0.059726883
BaiCD%XieH_2016__YSZC12003_35390__bin_5_fa_PIKIEFGP_00577__NADH_oxidase,0.027867226,0.042529907,0.08998417,0.10777543,0.07445434,-0.05961171,0.06979509,0.02021293,-0.14094323,-0.15702274,-0.06324067,-0.08980223,0.038843777,0.012629197,-0.035351902,-0.0008515228,0.012799089
BaiCD%bai_cluster_1%midas_Clostridium_hiranonis_61655%Clostridium_hiranonis_61655|NZ_DS995354_290,-0.031752244,-0.048292235,0.0020741748,0.007939614,-0.012440903,0.031599175,0.027631886,0.023626473,0.07163168,-0.040692404,-0.014326226,0.011198652,0.02767199,0.020565843,0.049308214,0.018057609,-0.049560577
BaiCD%bai_cluster_10%midas_Lachnoclostridium_nov_76594%Lachnoclostridium_nov_76594|ERS138182_8080_1_84_3_3076,-0.11596067,-0.05010799,-0.12512662,-0.07817032,-0.108279884,-0.033095535,0.094311655,0.12735467,0.16624017,-0.039820623,-0.009957452,-0.009549423,0.029365951,0.077222474,0.13365632,0.06153415,-0.14457163
BaiE%bai_cluster_10%midas_Lachnoclostridium_nov_76594%Lachnoclostridium_nov_76594|ERS138182_8080_1_84_3_3079,0.026018154,0.0191172,0.013449844,-0.012752985,-0.020781508,0.055028435,-0.024171006,-0.03048742,0.008303825,-0.045397446,0.0646953,0.06785934,-0.056917008,-0.060614377,-0.05046269,0.012002814,-0.00044685122
BaiE%fig|1950888_3_peg_203|__Bile_acid_7-alpha_dehydratase_(EC_4_2_1_106)_(BA7_alpha_dehydratase)_(Bile_acid-inducible_operon_protein_E)____Clostridiales_bacterium_UBA4701_|_1950888_3_,0.04193417,0.11894731,-0.11294975,-0.07962927,-0.028885601,0.065650895,-0.044196606,-0.05983629,0.0053221504,0.05992089,0.12203088,0.109998845,-0.056409143,-0.059477128,-0.01649695,0.0482065,-0.005346801
BaiF%LiJ_2014__MH0358__bin_56_fa_NPCPOAJM_00305__Bile_acid-CoA_transferase,0.054029096,0.08263987,-0.13667233,-0.12511891,-0.12958525,0.08507397,-0.055779673,-0.09779361,0.029126301,0.056085516,0.16830535,0.16230279,-0.050374188,-0.03314868,0.07050214,0.1571437,-0.037416887
BaiF%SRR4783510_bin_28_GHBMCCFK_00008__L-carnitine_CoA-transferase,0.04469637,0.026212158,-0.027204908,-0.0346078,-0.012988199,0.055231947,-0.035114206,-0.056999736,-0.0012366199,0.043579947,0.074318826,0.07111285,-0.062292118,-0.07331151,-0.06129289,0.012866872,0.015264597
BaiF%bai_cluster_17%midas_Proteocatella_sphenisci_59007%Proteocatella_sphenisci_59007|AUID01000012_911,-0.08101806,-0.0051332386,0.0276827,0.056735598,0.09433538,-0.08036611,0.058914803,0.10301236,-0.07064266,-0.07547196,-0.052367795,-0.053067278,0.06727897,0.09132943,0.01114356,0.0745779,-0.03326029
BaiF%bai_cluster_2%midas_uncultured_Eubacterium_73696%uncultured_Eubacterium_73696|FMDW01000013_892,0.0651916,0.09255514,-0.088541575,-0.107240446,-0.07356591,0.11308264,-0.10255047,-0.10374648,0.011710683,0.023120036,0.18203028,0.1873977,-0.08269961,-0.072468944,0.021377098,0.14166659,-0.021290049
BaiF%bai_cluster_3%midas_Clostridium_hylemonae_61789%Dorea_sp_89094|KQ236743_10986,0.046402227,-0.010266033,-0.071960665,-0.09171236,-0.06822386,0.06963753,-0.071413524,-0.036414035,0.090461455,0.08155243,0.07918654,0.09308856,-0.08365952,-0.048789915,-0.022681389,-0.036509663,0.020862594
BaiF%bai_cluster_3%midas_Clostridium_hylemonae_61789%Dorea_sp_89094|KQ236743_13110,0.096401826,0.06952493,-0.009709256,-0.07839374,-0.04909533,0.08769914,-0.0813568,-0.04975649,0.04572444,0.07586673,0.1303909,0.122617394,-0.15637372,-0.1348494,-0.16721825,-0.16112615,0.0555512
BaiF%fig|1950825_3_peg_1464|__L-carnitine_dehydratase_(EC_4_2_1_89)____Clostridiales_bacterium_UBA1701_|_1950825_3_,0.046358623,0.0256915,-0.0006491709,-0.020315614,-0.0030220186,0.057304133,-0.072588764,-0.079717115,-0.022837965,0.025321517,0.06877904,0.07789374,-0.051723048,-0.057376996,-0.03729024,0.08620568,0.035976965
BaiG%MBE6987074_1_MFS_transporter__Oscillospiraceae_bacterium_,-0.02460013,-0.10160604,0.037470452,0.048095394,0.060679372,0.058353446,0.021587132,0.033793334,0.021511862,-0.04021924,-0.026070405,0.0151929315,0.020518497,0.03982907,-0.021476611,0.0526381,-0.004334451
BaiG%MBR4017991_1_MFS_transporter__Clostridia_bacterium_,-0.11382983,0.013225025,0.20135234,0.19812582,0.09993326,-0.24162613,0.11278694,0.16268374,-0.22361942,-0.08941188,-0.19110535,-0.23140183,0.17784438,0.2428251,0.018095793,-0.044719238,-0.01520804
BaiG%MDY4488523_1_MFS_transporter__Candidatus_Limivicinus_sp__,-0.01499326,-0.065306515,-0.05888402,-0.029493,0.015878338,0.039196953,-0.0029724734,0.01028288,0.03877754,0.007281421,0.01721553,0.0390816,0.003960357,0.0023759382,0.019081058,0.053096816,-0.0081653325
BaiG%MEE1256339_1_MFS_transporter__Lachnospiraceae_bacterium_,-0.027794462,-0.08354309,0.0884611,0.076772936,0.06900015,0.026187772,0.037822556,0.033245876,0.013593383,-0.112039424,-0.068086244,-0.025003899,0.017389605,-0.023213593,-0.020741735,-0.011705764,0.0042484226
BaiH%MEE0204071_1_FAD-dependent_oxidoreductase__Oscillospiraceae_bacterium_,0.04105468,0.17864794,-0.050211016,0.0072383387,-0.029683847,-0.059793215,0.03947041,0.0449535,-0.09421379,-0.12062523,0.024315618,-0.012442525,-0.014100336,0.05457018,0.03650281,0.04928591,-0.06714636
BaiH%MFR3389927_1_7-beta-dihydroxy-3-oxo-5-beta-cholanoyl-CoA_4-oxidoreductase_BaiH___Clostridium__scindens_,0.0027246326,-0.059476033,-0.081966266,-0.08739506,-0.07532303,0.05562866,-0.005846381,0.003840624,0.11296014,0.039897848,0.044306822,0.06047666,-0.061167363,-0.04252615,-0.002245288,0.009263206,-0.023061208
BaiH%Obregon-TitoAJ_2015__NO11__bin_28_fa_ODBMCAMJ_01962__NADH_oxidase,0.03299995,-0.09283619,-0.045389477,-0.050565735,-0.04061571,0.12152836,-0.04312137,-0.052353207,0.0872868,-0.023428204,0.061654825,0.11217919,-0.0390072,-0.050944034,0.009909974,0.00058965205,0.013748925
BaiH%bai_cluster_1%midas_Clostridium_hiranonis_61655%Clostridium_hiranonis_61655|NZ_DS995354_308,-0.093177214,-0.15187152,0.048400626,0.068408154,0.037420936,-0.049265817,0.09132638,0.088013336,0.024136648,-0.08178091,-0.11224141,-0.07970973,0.11528442,0.09277665,0.05047338,-0.009140109,-0.038517125
BaiH%bai_cluster_17%midas_Proteocatella_sphenisci_59007%Proteocatella_sphenisci_59007|AUID01000012_928,-0.17571707,0.14799736,-0.12041752,-0.010624557,-0.017905984,-0.118334845,0.14763275,0.12405222,-0.007875528,0.022174,-0.0052891336,-0.066730306,0.10434268,0.09466479,0.019515665,0.08492898,-0.20938486
BaiH%bai_cluster_2%midas_uncultured_Eubacterium_73696%uncultured_Eubacterium_73696|FMDW01000013_836,-0.03707796,0.061814994,-0.018162781,0.0036306293,-0.012965452,0.003323241,0.02947154,0.014092966,0.013923774,-0.05054109,0.01754758,0.026050162,0.060733605,0.04512428,0.057303563,0.030145071,-0.08397432
BaiH%bai_cluster_3%midas_Clostridium_hylemonae_61789%Clostridium_hylemonae_61789|NZ_GG657759_22762,0.011729448,0.01527286,-0.082404435,-0.10287581,-0.09641735,0.05188532,-0.02755406,-0.031225603,0.10647063,0.076185375,0.056205187,0.056211654,-0.042705756,-0.04166132,0.002507397,-0.023012202,-0.022299621
BaiI%QinJ_2012__CON-070__bin_41_fa_AAAKDJOM_00400__hypothetical_protein,-0.034164723,-0.07704292,-0.06070861,-0.018132593,-0.013226654,0.0074397777,0.03768627,0.0201467,0.030695867,-0.00012111235,0.0077443807,0.017956715,0.03956645,0.03876072,0.06294282,0.115737766,-0.044222903
