Sample,3oxoDCA,3oxoLCA,7oxoDCA,CA,CDCA,DCA,GDCA,GLCA,GUDCA,LCA,TCDCA,TDCA,TLCA,TUDCA,UDCA,isoUDCA
12aHSDH%ERJ00208_1_oxidoreductase__short_chain_dehydrogenase_reductase_family_protein__Clostridium_sp__ATCC_29733_,0.0027177304,0.029175974,-0.05772335,-0.00024620502,0.008144991,-0.038622145,0.02691089,0.09233961,-0.029732391,-0.018016946,0.031894848,0.050785616,0.072000906,-0.017375028,-0.08097798,-0.08511624
12aHSDH%GENOME015584_936,0.02032166,0.04000487,-0.035314035,-0.020584593,-0.03531974,0.019627083,0.03194323,0.0596798,-0.020977227,0.009475805,0.01814813,0.07815364,0.025343137,-0.03497028,-0.067007005,-0.1003294
12aHSDH%GENOME051950_684,0.013586419,0.017920317,0.021618556,0.005462137,-0.036814913,-0.006730874,0.007700457,0.046164785,-0.08708474,-0.003442893,0.05620835,0.029087014,0.031725496,-0.017923087,0.020187939,-0.089250706
12aHSDH%GENOME126416_2228,-0.057250284,-0.052748457,-0.002748967,0.002694328,-0.004175478,-0.042241033,0.06338987,-0.013987157,0.11567586,-0.057474952,0.049496837,0.039384507,-0.025887594,0.04842913,-0.013138975,-0.050524052
12aHSDH%GENOME136792_1072,0.060853615,0.036587194,-0.02087205,-0.029026475,-0.028925564,0.05394976,0.028435884,0.054258127,-0.09813459,0.06592191,-0.05046747,-0.0068518664,-0.03682078,-0.001398668,-0.010373259,-0.009416186
12aHSDH%GENOME187328_883,-0.018855436,-0.028083501,-0.078102656,-0.009335008,-0.031052997,-0.08581856,-0.010090552,0.070392445,0.105523676,-0.049595155,0.11782591,0.03448346,0.027606504,0.124933645,-0.12015591,-0.09499373
12aHSDH%GENOME211747_1057,0.0458762,0.046193037,-0.052566532,-0.021277446,-0.017178047,0.023150988,0.0120185455,-0.08473628,-0.025011156,0.028865505,0.01652591,0.047124468,0.07012716,-0.026061784,-0.007873734,-0.06443642
12aHSDH%MBE7001463_1_SDR_family_oxidoreductase__Oscillospiraceae_bacterium_,0.040989675,0.059725963,-0.047062494,-0.0666335,-0.030492913,0.0419795,-0.0019522804,0.075211026,-0.002865999,0.060647134,-0.041100655,-0.077744335,0.0051401583,-0.015291109,0.024750983,-0.015548757
12aHSDH%MBP3571641_1_SDR_family_oxidoreductase__Clostridia_bacterium_,0.06810352,0.003300621,-0.016204137,-0.011334405,-0.029824536,0.0635486,-0.006844576,-0.054717578,-0.08264054,0.035747543,-0.038854178,0.06304115,-0.0005264826,0.015570774,0.0020245481,0.0038317023
12aHSDH%MBR0327374_1_SDR_family_oxidoreductase__Clostridia_bacterium_,0.17755957,0.0894021,-0.019630132,0.00707622,0.030771257,-0.008901622,-0.05260909,-0.029017918,-0.105389364,0.0439955,-0.124274194,-0.020681107,0.013312149,-0.08509207,0.066796854,0.06556126
12aHSDH%MBR2336230_1_SDR_family_oxidoreductase__Clostridia_bacterium_,-0.003486848,-0.0004281436,-0.02740678,-0.0027360525,-0.03751513,-0.016175186,0.001035313,-0.0043898155,0.06672485,-0.013169413,0.017331809,0.017243983,-0.0077875443,0.059101276,-0.04946505,-0.016863225
12aHSDH%MBR2608425_1_SDR_family_oxidoreductase__Bacteroidales_bacterium_,0.013871806,0.024264904,-0.041690335,0.0036031622,-0.00945201,0.062109824,0.043037172,0.073236585,-0.033046003,0.04014284,-0.030037202,0.0051686913,-0.07809332,-0.010037479,-0.027044585,-0.042415496
12aHSDH%MBR5144004_1_SDR_family_oxidoreductase__Clostridia_bacterium_,0.016712273,0.0037149794,0.031595297,0.022680819,0.011091896,-0.055482578,-0.050322633,-0.025178926,0.019678572,-0.052067462,0.04564176,-0.011685324,0.014221548,0.018056417,-0.021274088,0.012695661
12aHSDH%MBR6823493_1_SDR_family_oxidoreductase__Bacillota_bacterium_,-0.03621155,-0.078921825,0.0639052,0.074766345,0.047849122,-0.08359681,-0.005454925,-0.12006862,0.13091363,-0.10787876,0.054718975,-0.012407545,-0.061470147,0.0821151,-0.0014757217,0.037265863
12aHSDH%MBR7146259_1_SDR_family_oxidoreductase__Oscillospiraceae_bacterium_,0.057006717,0.018436365,0.002037544,-0.016213857,-0.030603407,0.043564502,-0.01928075,-0.038472082,-0.038492464,0.021230584,-0.05116345,0.018385421,0.0103451125,-0.019085504,0.012850549,0.04720943
12aHSDH%MCI8718619_1_SDR_family_oxidoreductase__Lachnospiraceae_bacterium_,-0.07716166,-0.09216781,0.06055697,0.058306903,0.062972754,-0.046389576,-0.053482395,-0.08929063,0.042938057,-0.06728517,0.045832742,-0.001264793,-0.026851855,0.07210012,0.00015767416,0.08773002
12aHSDH%MFR3091303_1_SDR_family_NAD(P)-dependent_oxidoreductase__Eggerthella_lenta_,0.0064562447,0.017514668,-0.016034294,-0.008812409,-0.01326483,-0.0010719323,-0.0047820127,-0.027150553,0.015420153,-0.008972158,0.0010230351,0.052939232,-0.0040244674,0.04319402,-0.032209035,-0.036741633
12aHSDH%NCB62655_1_SDR_family_oxidoreductase__Clostridia_bacterium_,0.039235003,0.033901367,0.016677588,-0.0177778,-0.01627359,0.025183402,0.026332937,-0.002647616,0.036208306,0.038490266,-0.081103936,-0.025811756,-0.08329409,-0.029087257,0.053482804,0.01735645
12aHSDH%WP_055231566_1_SDR_family_NAD(P)-dependent_oxidoreductase__Anaerostipes_hadrus_,-0.06257512,-0.068601996,0.033873316,0.0398098,0.0053309565,0.013289405,0.017010663,-0.09270491,-0.019382063,-0.021822419,0.03684592,0.14291754,0.001469379,0.025278384,-0.043128785,-0.023637224
12aHSDH%WP_103229430_1_SDR_family_NAD(P)-dependent_oxidoreductase__Clostridium_sp__chh4-2_,-0.0202621,-0.040981688,0.07630638,0.048498087,0.03844826,-0.00042496377,-0.036038682,-0.02009535,0.025842639,-0.0296134,0.008017484,-0.033205032,-0.090439804,-0.0031008553,0.033421513,0.044117082
12aHSDH%WP_130435990_1_SDR_family_NAD(P)-dependent_oxidoreductase__Cuneatibacter_caecimuris_,0.00057370047,-0.040156353,0.10238134,0.06499777,0.063381255,-0.041810837,-0.059980728,-0.06257372,0.026471097,-0.037735306,-0.0026830442,-0.08224102,-0.036928505,0.055010393,-0.016552152,0.04323765
12aHSDH%WP_160708750_1_SDR_family_NAD(P)-dependent_oxidoreductase__Enterorhabdus_sp__P55_,-0.032652315,-0.027949164,-0.0049387347,-0.017688183,-0.0450699,-0.041829415,0.007399534,0.07852563,0.040024508,-0.019952727,0.036780465,-0.019979069,0.02820575,0.039844286,-0.0343805,0.014741943
12aHSDH%WP_161844252_1_SDR_family_NAD(P)-dependent_oxidoreductase__Pseudoflavonifractor_sp__524-17_,-0.0030186784,-0.024491182,0.0105216075,-0.034663744,-0.024486315,-0.0058138305,0.0053770407,-0.011915673,-0.085993044,-0.010651257,-0.024311883,0.09688592,0.055455815,0.04699671,-0.014261385,0.03803969
12aHSDH%WP_165061273_1_SDR_family_NAD(P)-dependent_oxidoreductase__Xiamenia_xianingshaonis_,-0.04910357,-0.044002265,0.03996948,0.024682246,-0.052062795,-0.008728252,0.008118556,-0.043325286,0.047350384,-0.023741214,0.0023293048,0.0014354539,0.013076437,0.03431435,0.010481992,0.05127258
12aHSDH%WP_251178417_1_SDR_family_NAD(P)-dependent_oxidoreductase__Adlercreutzia_agrestimuris_,0.003498302,0.0050959866,-0.041988418,-0.0457187,-0.014370287,-0.0035358733,0.025324585,0.04616662,-0.015793253,0.008436115,-0.006801762,0.017301226,0.06651484,0.00044015146,-0.03401293,-0.007899876
12aHSDH%WP_256285936_1_SDR_family_NAD(P)-dependent_oxidoreductase__Pseudoflavonifractor_phocaeensis_,-0.056486912,-0.03914876,0.0019142963,0.018005641,0.0107345665,-0.024452459,0.0027419897,-0.016512997,0.05925391,-0.036349043,0.017146686,0.044579316,0.048242565,0.0034699894,-0.07423175,0.020416742
12aHSDH%WP_278514144_1_SDR_family_NAD(P)-dependent_oxidoreductase__Methanobrevibacter_smithii_,0.11060366,0.08371996,0.010024121,-0.0342396,-0.05475613,0.031768322,-0.0024913035,0.013684764,-0.072159804,0.044014987,-0.075200886,-0.058032457,-0.028248787,-0.029318674,0.06280862,0.030041398
12aHSDH%WP_418471294_1_SDR_family_NAD(P)-dependent_oxidoreductase__Eggerthella_sp__,0.068803914,0.0644047,-0.007828753,-0.063102275,-0.054368734,0.050320067,0.010368314,0.008801862,-0.016831314,0.04826503,-0.07438509,0.006057784,-0.032997236,-0.028513622,0.04353734,0.0036573098
12bHSDH%GENOME225741_180,0.011048271,0.024980195,-0.012307592,-0.05553861,-0.03577676,0.030744653,-0.0033139891,0.029593648,-0.064229816,0.043496177,-0.06260928,0.060148396,0.036250178,-0.009716791,-0.034849305,0.048501685
3aHSDH%3aHSDH%MBO5160353_1_3-oxoacyl-ACP_reductase_FabG__Lachnospiraceae_bacterium_,-0.05483778,-0.067284904,0.03648673,0.0072453814,0.013619311,-0.032273196,0.011995687,-0.08134029,0.054861814,-0.058914762,-0.005467251,0.014491346,0.0107908575,0.027982615,0.05923288,0.08968237
3aHSDH%3aHSDH%MBQ7891058_1_3-oxoacyl-ACP_reductase_FabG__Erysipelotrichaceae_bacterium_,0.067425296,0.07324985,-0.0034893733,-0.045021124,-0.030691797,0.042781793,0.037739597,0.017003244,0.028951848,0.030706948,-0.12498907,-0.038387317,-0.057683144,-0.10415237,0.11666154,0.05635273
3aHSDH%3aHSDH%MBR6526164_1_3-oxoacyl-ACP_reductase_FabG__Clostridia_bacterium_,-0.024759388,-0.041125007,0.07625378,0.04460089,0.06701583,-0.04700386,-0.01095553,-0.07341839,0.043344803,-0.057568025,-0.058746368,-0.006591308,-0.071810745,-0.023802092,0.067375444,0.14378062
3aHSDH%3aHSDH%MCI8514525_1_3-oxoacyl-ACP_reductase_FabG__Lachnospiraceae_bacterium_,-0.05650525,-0.069717064,0.09813003,0.035026,0.00966101,-0.039036974,-0.021043556,-0.015401563,0.14721982,-0.08232761,-0.02319244,-0.030136622,-0.13906035,0.020030623,0.10553167,0.104699716
3aHSDH%3aHSDH%MCM1345206_1_3-oxoacyl-ACP_reductase_FabG__Muribaculaceae_bacterium_,-0.10965684,-0.033091865,0.0011961163,0.093064725,0.07654285,-0.096687004,-0.077846795,0.06511964,0.14431635,-0.059872195,0.16372035,-0.12385107,-0.032940928,0.05063135,-0.1348142,-0.031738196
3aHSDH%3aHSDH%MED9821234_1_SDR_family_NAD(P)-dependent_oxidoreductase__Christensenellales_bacterium_,-0.02150058,-0.020437507,0.06581004,0.040963907,0.042045895,-0.028976478,-0.06392135,0.0026995025,0.011226441,-0.02942171,0.025206164,-0.07692531,-0.08298078,0.034890853,0.008464247,0.06861235
3aHSDH%3aHSDH%WP_062304377_1_SDR_family_NAD(P)-dependent_oxidoreductase__Sellimonas_intestinalis_,-0.013125351,-0.02213366,0.053455885,-0.010430284,-0.02320633,-0.024979454,-0.034602754,-0.009916675,0.04090188,-0.04400015,-0.0702308,0.010589862,0.0027592224,0.0022869953,0.103174016,0.09930336
3aHSDH%3aHSDH%WP_117548394_1_SDR_family_NAD(P)-dependent_oxidoreductase__Longicatena_caecimuris_,0.04186424,0.05369175,-0.09848959,-0.0633158,-0.025415227,0.023131197,0.03916029,-0.01213156,-0.043631777,0.04376482,-0.016582564,0.04436811,0.12470648,0.015711399,-0.10512029,-0.051987797
3aHSDH%3aHSDH%WP_117582908_1_MULTISPECIES__SDR_family_NAD(P)-dependent_oxidoreductase__unclassified_Collinsella_,-0.020000353,-0.027906204,0.03292404,-0.0044459063,-0.037029866,-0.0017575504,0.009211337,-0.018381232,-0.04248037,-0.023862423,0.018243194,0.056281995,0.06292819,0.0348543,-0.044687107,-0.0006588732
3aHSDH%3aHSDH%WP_226969791_1_SDR_family_oxidoreductase___Ruminococcus__lactaris_,0.023224734,0.028459316,-0.055586424,-0.06545783,-0.043115884,0.028786251,0.05853472,-0.020591462,-0.004415406,0.039976362,-0.02872853,0.08890538,0.06547346,-0.064945675,-0.045333195,0.002448379
3aHSDH%3aHSDH%WP_270387972_1_SDR_family_NAD(P)-dependent_oxidoreductase__Blautia_hansenii_,-0.10394085,-0.053988766,0.068036765,0.045646325,0.056197647,-0.072734796,-0.03161025,-0.08403413,0.049320508,-0.10854775,0.039770965,0.053564493,0.066167735,0.025733419,-0.015766924,0.046957288
3aHSDH%CAG5237306_1_short_chain_dehydrogenase__Streptococcus_pneumoniae_,-0.17960112,-0.15475439,-0.03874784,0.009648424,0.006079531,-0.075107604,-0.038553625,-0.08002916,0.19708686,-0.07761148,0.059431326,0.021648772,0.004748549,0.22794095,0.10992729,0.0305358
3aHSDH%GENOME060426_131,0.03359773,0.054192387,-0.07476454,-0.090628125,-0.048339862,0.022224994,0.081872314,0.038422048,-0.03805547,0.022644365,-0.0538875,0.049506854,0.09888696,-0.051222466,0.0010459748,-0.015770737
3aHSDH%GENOME084674_3322,-0.0204405,-0.03260683,0.0635998,0.06354427,0.07458385,0.0011037709,-0.031755436,0.030841101,-0.05304253,-0.013160991,-0.015933078,-0.0012241274,-0.0034154952,-0.043873407,-0.025667097,0.0010650331
3aHSDH%MBQ9141038_1_SDR_family_oxidoreductase__Lachnospiraceae_bacterium_,-0.048576258,-0.037637644,-0.0065477877,-0.044057366,-0.055992555,-0.014120954,0.04907555,0.0047445893,0.02786972,-0.016420264,0.060118098,0.03406914,-0.00075225637,0.070634015,0.019002981,-0.035978798
3aHSDH%MCI6529002_1_SDR_family_oxidoreductase__Clostridiales_bacterium_,0.015473424,0.016771995,0.030176213,-0.0035547256,0.021304533,0.01819965,0.02044298,0.011243235,-0.06990939,0.017729923,-0.037664928,-0.022524385,9.3928e-05,-0.011170779,0.062500924,-0.04572391
3aHSDH%MCI6899085_1_SDR_family_oxidoreductase__Mycoplasmatota_bacterium_,-0.03251795,-0.05025707,0.035576317,0.032796685,0.028690472,-0.03913078,-0.056109592,-0.07227056,0.10021039,-0.077061914,0.022369927,-0.05452103,-0.036431056,0.060939606,0.06383847,0.07953361
3aHSDH%MCI7742844_1_SDR_family_oxidoreductase__Clostridiales_bacterium_,0.030196374,0.025451047,-0.017027795,-0.017606959,-0.022330565,0.0060553425,-0.012600725,-0.0018983212,-0.008645364,0.010847864,-0.003529065,0.008608279,0.011093056,-0.016996713,0.06308243,-0.02928777
3aHSDH%MCI8568452_1_3-oxoacyl-ACP_reductase_FabG__Bacilli_bacterium_,-0.13926347,-0.08587971,0.0360072,0.046341166,0.04777421,-0.031947095,-0.08040717,-0.09539138,0.07537527,-0.058719255,0.1025101,-0.06906526,-0.007273968,0.15340418,0.04189537,0.019233048
3aHSDH%MCI8931631_1_SDR_family_oxidoreductase__Lachnospiraceae_bacterium_,-0.06294933,-0.08428067,0.08325332,0.050207205,0.062023584,-0.16719012,-0.06580335,-0.03796375,0.01649967,-0.10957201,0.104077145,0.017131453,0.018980287,0.1322802,0.0032368558,0.01795193
3aHSDH%MCM1266841_1_3-oxoacyl-ACP_reductase_FabG__Bacteroidales_bacterium_,0.0339619,-0.026477216,0.049558207,0.009313472,0.047254495,0.005019957,-0.037428994,-0.06947747,-0.08200844,-0.026610136,-0.03438834,0.042065125,-0.054024387,-0.028850513,0.08962018,0.11681199
3aHSDH%MCR4878926_1_SDR_family_NAD(P)-dependent_oxidoreductase__Bacteroidales_bacterium_,-0.21520828,-0.086729825,-0.07202244,0.018825516,0.020678833,-0.04598002,0.016710026,-0.034196995,0.12341029,-0.03241684,0.1441091,0.053144082,0.03818713,0.18347037,-0.13469383,-0.074485324
3aHSDH%MDE7008868_1_3-oxoacyl-ACP_reductase_FabG__Lachnospiraceae_bacterium_,-0.07158614,-0.047544852,0.09096255,0.01656044,0.03274651,-0.02938673,0.02944026,-0.040707543,0.100001924,-0.0687141,-0.11195467,-0.054611813,-0.07061741,-0.01958789,0.24375644,0.10619204
3aHSDH%MDE7282987_1_SDR_family_oxidoreductase__Lachnospiraceae_bacterium_,-0.06632443,-0.03987867,-0.03207443,-0.045646057,-0.047576293,-0.024642713,0.06412234,-0.017001277,0.05658133,-0.02011549,0.051781043,0.03228779,0.062481064,0.06920409,-0.036648557,-0.01695051
3aHSDH%MDE7415347_1_SDR_family_oxidoreductase__Lachnospiraceae_bacterium_,0.0018691757,0.046439286,-0.08301714,-0.058045253,-0.07531479,0.020669706,0.032624703,0.07079878,0.066066526,0.04193301,0.003486662,-0.06942312,0.008922465,0.015254045,0.030533645,-0.040447563
3aHSDH%MFR0796835_1_SDR_family_NAD(P)-dependent_oxidoreductase__Oscillospiraceae_bacterium_,0.0058423895,-0.009029297,0.028351147,0.004592121,-0.04865728,0.0005164336,-0.01848071,-0.027855778,-0.03164752,-0.013692928,0.004229023,0.03607199,0.03204398,0.01080688,0.07612572,-0.011323515
3aHSDH%NBI02399_1_3-oxoacyl-ACP_reductase_FabG__Lachnospiraceae_bacterium_,0.018329417,0.004371838,0.03785477,0.040495876,0.033907596,-0.05359175,-0.021419255,-0.04205135,0.082121484,-0.05352058,0.030037154,-0.057127487,-0.028145269,0.00014528661,-0.03432851,0.015381597
3aHSDH%WP_008977467_1_SDR_family_NAD(P)-dependent_oxidoreductase__Faecalimonas_umbilicata_,-0.02400224,-0.059257247,0.091443755,0.048166543,0.050418943,-0.053651113,-0.064271316,-0.06895511,-0.000115762276,-0.05730317,0.0156194195,-0.012952095,-0.016416717,0.03599403,0.054617427,0.0675784
3aHSDH%WP_020436139_1_MULTISPECIES__SDR_family_NAD(P)-dependent_oxidoreductase__Mediterraneibacter_,-0.019110072,-0.066994995,0.06983413,0.08933198,0.03917779,-0.026151674,-0.00047759328,-0.06901877,-0.019871466,-0.060645476,0.052435976,-0.010124688,-0.07465301,0.009318123,0.05683645,0.03866812
3aHSDH%WP_021919520_1_SDR_family_oxidoreductase__Evtepia_gabavorous_,0.088588454,0.086103,-0.03351371,-0.049637783,-0.054409202,0.07231786,0.07184233,0.09854978,-0.028188443,0.08795258,-0.098058194,-0.013626903,-0.0919705,-0.07131215,0.058784712,-0.07752243
3aHSDH%WP_037602854_1_3-oxoacyl-ACP_reductase__Streptococcus_sp__oral_taxon_056_,-0.047403067,-0.0471199,-0.05176549,0.006664525,0.020473955,-0.05467847,-0.0254687,-0.018985903,0.13405485,-0.036864508,0.054196104,-0.058641296,0.008058474,0.110525675,-0.036789626,0.012238038
3aHSDH%WP_044950032_1_SDR_family_NAD(P)-dependent_oxidoreductase__Mediterraneibacter_gnavus_,-0.005699892,-0.06021096,0.109662525,0.08222453,0.06594918,-0.000945258,-0.072094046,-0.10826482,0.0016493037,-0.04943501,-0.023171758,-0.08912895,-0.068899296,0.0016994439,0.07723634,0.15104812
3aHSDH%WP_087213392_1_MULTISPECIES__SDR_family_NAD(P)-dependent_oxidoreductase__Sellimonas_,-0.015833564,-0.056304015,0.11906565,0.076620854,0.06886826,-0.066662244,-0.047115847,-0.0694691,0.1252119,-0.08095316,-0.03328611,-0.048081513,-0.11724658,0.04064186,0.0417122,0.0711123
3aHSDH%WP_104968339_1_3-oxoacyl-ACP_reductase__Streptococcus_pluranimalium_,-0.12503253,-0.055562373,0.001609727,0.067767926,0.05266557,-0.08579163,-0.047791306,-0.01845035,0.064204864,-0.08589062,0.15779904,0.07545635,0.036864042,0.09440997,-0.122736834,-0.09267597
3aHSDH%WP_109137584_1_SDR_family_oxidoreductase__Bifidobacterium_catulorum_,-0.025815,-0.013793403,0.015427602,-0.019083314,0.0044460003,-0.03502612,-0.067933865,-0.025524998,0.14994493,-0.040407844,0.011554961,-0.03632198,-0.031100424,0.051176872,0.025289962,0.029199343
3aHSDH%WP_117562420_1_SDR_family_NAD(P)-dependent_oxidoreductase__Enterocloster_aldenensis_,0.061776746,0.036732223,0.07150836,0.008954422,0.019305134,0.052815005,-0.0371794,-0.023583908,-0.03363093,0.050889935,-0.09481874,-0.040172495,-0.07151208,-0.069744684,0.041693956,0.04413644
3aHSDH%WP_138309742_1_MULTISPECIES__SDR_family_NAD(P)-dependent_oxidoreductase__unclassified_Clostridium_,-0.029852415,-0.01396227,0.0138177285,-0.0029710273,-0.0059364345,0.000276807,0.0288882,-0.07174147,0.0057395543,-0.0011468967,0.021552581,0.06030987,0.03352131,0.018765252,-0.0672476,-0.02205949
3aHSDH%WP_182279434_1_SDR_family_NAD(P)-dependent_oxidoreductase__Collinsella_intestinalis_,-0.041509032,-0.03415782,0.016814418,0.016385501,0.035642236,-0.009223279,0.0024455425,-0.055500682,-0.023123095,-0.026676776,0.051015943,0.060400233,0.028576456,0.032592997,-0.09422357,-0.009386293
3aHSDH%WP_191282235_1_SDR_family_oxidoreductase__Pseudolysinimonas_yzui_,-0.1423573,-0.06363564,-0.016540522,0.05085766,0.032145564,-0.067050144,-0.036161937,0.03174978,0.07480244,-0.06426612,0.12086309,0.0019695621,0.05424139,0.043959025,-0.04581265,-0.0158486
3aHSDH%WP_231385278_1_SDR_family_NAD(P)-dependent_oxidoreductase__Candidatus_Stoquefichus_massiliensis_,0.013662344,-0.008345441,0.008847385,0.033487644,0.045207504,-0.019168066,0.021356547,-0.011124752,0.018403277,-0.02038014,0.019724214,-0.045008842,-0.030789727,-0.0036454129,-0.06264947,0.013353093
3aHSDH%WP_270208025_1_SDR_family_oxidoreductase__Eggerthella_lenta_,-0.06119188,-0.053045154,-0.024715267,-0.026567552,-0.04247718,-0.043355856,0.023038559,-0.05852129,0.07277543,-0.050298788,0.07171039,0.079922855,0.03612143,0.11138508,-0.090511695,0.017832497
3aHSDH%WP_289544896_1_SDR_family_NAD(P)-dependent_oxidoreductase__Enorma_phocaeensis_,-0.05658464,-0.044778034,0.046658672,0.04297147,0.04475798,-0.0265608,0.07346338,0.0070001,0.05307477,-0.04489036,0.0032884337,-0.0039117313,-0.07985227,-0.024722343,-0.012150378,0.020909406
3aHSDH%WP_316269050_1_SDR_family_NAD(P)-dependent_oxidoreductase__Claveliimonas_bilis_,0.011976715,0.035953034,-0.020788051,-0.047737908,-0.071674034,0.03822469,0.051136922,0.0571659,-0.051930003,0.047087792,-0.041219696,0.027671944,0.05419713,-0.02378097,-0.020348279,-0.03006877
3aHSDH%WP_377204125_1_MULTISPECIES__SDR_family_oxidoreductase__unclassified_Pseudarthrobacter_,0.05205776,0.0024203511,0.05144783,0.006699415,-0.04569609,0.020424655,-0.09369901,-0.029639814,-0.108043455,0.0041427407,-0.06725247,0.053952433,0.037331164,0.003550783,0.07062115,0.08917121
3aHSDH%WP_427737837_1_SDR_family_NAD(P)-dependent_oxidoreductase__Bariatricus_sp__SGI_154_,0.007285546,-0.06238617,0.05446049,0.04492507,0.012915445,-0.053801022,-0.065819375,-0.060003925,-0.036581434,-0.05010211,0.035902973,0.041797385,0.03993834,0.051326822,0.03944179,0.018164534
3bHSDH%GENOME124823_1686,-0.040008612,-0.06753766,0.038620688,0.039205853,0.03705823,-0.055371825,-0.12219897,-0.073732406,0.033321038,-0.061337404,0.07376071,-0.045239314,-0.02213522,0.07140803,0.10807724,0.09344596
3bHSDH%MBS6646402_1_glucose_1-dehydrogenase__Clostridiaceae_bacterium_,0.0046049957,0.0015490716,-0.04063049,-0.022674298,-0.04158245,-0.0070998464,0.030821282,0.0059700324,0.040351834,-0.011367997,0.03247698,0.017506892,0.0034768435,0.061053935,-0.057763595,-0.035506316
3bHSDH%MBS6779006_1_aldo_keto_reductase__Eggerthella_sp__,-0.01136509,-0.005307415,0.012376859,0.032821056,0.0024652595,-0.029637361,0.012542281,0.04528919,0.042869877,-0.01763969,0.048577916,-0.04413531,-0.030386122,-0.020593423,-0.009682543,-0.036279757
3bHSDH%MEY8522072_1_aldo_keto_reductase__Lachnospiraceae_bacterium_38-10_,0.05086362,0.068694234,0.00041842848,0.00580978,0.050207235,0.040670462,0.0017614267,0.03792759,-0.09184031,0.055668317,-0.060532317,-0.019481009,-0.0530346,-0.07157166,0.00877502,-0.029633546
3bHSDH%WP_100933575_1_SDR_family_NAD(P)-dependent_oxidoreductase___Clostridium__innocuum_,-0.0032307475,-0.08289484,0.047379658,-0.002263704,-0.026731025,-0.028967373,-0.11741538,-0.06571398,-0.007346888,-0.06628824,0.0131802745,0.0043680184,0.0028949855,0.1240292,0.16206543,0.105824
3bHSDH%WP_186937525_1_glucose_1-dehydrogenase__Eggerthella_hominis_,-0.0017478135,0.03988068,-0.059249643,-0.043809943,-0.0394256,-9.527174e-05,0.016110428,-0.031490654,0.001746785,0.013497177,0.04065558,0.08419269,0.059243504,0.025112431,-0.09848883,-0.050889947
5AR%GENOME006039_2690,-0.0018198293,-0.033245437,0.018348483,0.020090237,0.050400015,-0.022485955,-0.012218144,-0.035226285,-0.025179274,-0.020856667,0.009532966,0.037137665,0.0024470272,-0.011010399,-0.015077164,0.033763837
5AR%GENOME012336_2253,0.02940949,0.03503695,-0.05576745,-0.056581955,-0.07867338,0.014482642,0.035184022,-0.015446743,0.010453912,0.02068908,-0.019040475,0.064636305,0.07984265,-0.016044999,-0.028453756,-0.008306047
5AR%GENOME021742_2120,-0.0033419752,0.003509932,-0.003326663,0.0032744484,-0.0037803196,0.0032645669,-0.0070248186,-0.017196845,0.03170903,0.001101531,0.011615016,-0.03056594,-0.059331317,0.061476335,0.02271894,-0.025398994
5AR%GENOME078645_81,0.023167135,0.03430651,0.010052137,-0.003298366,-0.02280921,0.02818528,0.02582113,-0.028804325,0.02333236,0.03155356,-0.031658586,-0.030575406,-0.06447014,-0.01360411,0.032921575,-0.00832145
5AR%GENOME084343_2181,-0.008172546,0.003084519,-0.039652336,-0.027416034,0.028154537,-0.017620932,-0.019172065,0.028807595,0.05065401,-0.00878613,-0.020177938,-0.04042986,-0.02292572,0.03710161,0.011396871,0.043201357
5AR%GENOME086572_2986,0.050306816,0.05551125,-0.038026635,-0.0021727295,0.0010901397,0.029719822,-0.008364085,0.06474753,-0.065736435,0.053435273,-0.0027414241,-0.070851065,0.033677176,-0.05610177,-0.056556713,-0.00943343
5AR%GENOME107567_81,-0.02878286,-0.020594366,-0.0032279843,0.031296156,0.011466568,-0.0352497,-0.07746964,-0.022196304,-0.04385625,-0.03208893,0.07366773,0.02386648,0.10336196,0.020237142,-0.0199054,-0.0016527167
5AR%GENOME140582_2251,-0.0075707436,0.003560867,0.08646069,0.122683376,0.08235401,-0.0121706305,-0.10656755,-0.061264005,-0.007974887,-0.01020599,0.058477346,-0.10202196,-0.08327233,-0.019498743,-0.032655295,0.025325561
5AR%GENOME142018_414,-0.036471635,0.0032107919,-0.0037546814,-0.022153392,0.0055449884,0.04401249,0.058478817,0.014064889,-0.014585065,0.021961873,-0.032046173,0.06631856,-0.0060533844,-0.040419415,-0.0022377542,-0.048187625
5AR%GENOME170052_106,0.017135752,0.013291428,0.022659525,0.015422803,-0.013362011,-0.0040465174,-0.014174589,0.027929632,0.023376327,0.0035961089,0.037499055,-0.064954974,-0.07010519,0.0051316745,0.010902017,-0.021205347
5AR%GENOME179594_130,0.04219161,0.051716432,-0.061559487,-0.006775314,-0.015010152,0.04776554,0.06325842,-0.028496094,-0.02578231,0.031952813,0.011564634,0.0053891563,0.021113977,-0.001972775,-0.12573616,-0.063063465
5AR%GENOME179896_434,-0.010520109,-0.025125442,0.048171815,0.008784357,-0.0044311984,-0.007535575,-0.065930344,-0.01479018,-0.06651336,-0.021325024,-0.0018924391,0.05009556,0.0042932527,-0.0082987305,0.06549654,0.07766881
5AR%HIU55603_1_DUF1295_domain-containing_protein__Candidatus_Gallibacteroides_avistercoris_,-0.0010987862,0.004544588,-0.020639233,-0.008237465,0.02650752,-0.02661036,-0.040615797,0.049158487,-0.045526944,-0.0047137784,0.02383945,0.0067773266,-0.00025753863,0.030367425,0.002890618,-0.006435259
5AR%MBD5276024_1_DUF1295_domain-containing_protein__Bacteroides_sp__,0.015076209,0.010326865,0.018717278,0.033994723,0.033218488,-0.006364141,-0.08363859,-0.030215215,0.008032368,-0.002204236,0.014194307,-0.06574693,-0.026711887,0.0378852,0.002729264,0.013201925
5AR%MBP3601379_1_DUF1295_domain-containing_protein__Alistipes_sp__,0.046755176,0.027928798,0.006583642,0.0071343337,-0.0066944496,-0.0010130587,0.01296522,-0.027060034,-0.01738454,0.016372642,0.010707667,-0.030306702,-0.04367024,0.008225568,-0.038181316,0.0009889907
5AR%MBR4740186_1_DUF1295_domain-containing_protein__Bacteroidales_bacterium_,-0.001728071,-0.01004684,0.019891897,0.07080729,0.06699622,0.002919275,-0.003159401,0.025724985,0.03399888,-0.014660447,-0.037169084,-0.09515485,-0.17008644,-0.011665332,0.052848563,0.07906811
5AR%MCD7962281_1_DUF1295_domain-containing_protein__Rikenellaceae_bacterium_,-0.018068312,0.006986048,-0.044725873,-0.03848174,-0.02429453,0.03684958,0.050849315,0.004419006,0.018134,0.06519408,-0.012284774,-0.054026753,0.06604388,0.018863536,-0.009841168,-0.068154685
5AR%MCH5217706_1_DUF1295_domain-containing_protein__Muribaculaceae_bacterium_,-0.007414365,-0.019350486,0.043919526,0.06338273,0.053662397,-0.00739241,-0.019077487,-0.04815379,0.02245567,-0.013243382,0.003914044,-0.052797288,-0.060056943,-0.027343458,0.032563213,0.030605497
5AR%MCQ2341803_1_DUF1295_domain-containing_protein__Paludibacteraceae_bacterium_,0.00869422,0.034281697,-0.03552802,-0.023021875,-0.036180653,0.03237815,0.062251452,0.075701915,-0.064575516,0.028131654,0.002074346,0.024587417,0.025289834,-0.06047264,0.030697437,-0.077608675
5AR%MCR5660240_1_DUF1295_domain-containing_protein__Bacteroidales_bacterium_,0.017932916,0.025914935,-0.035627045,-0.065719426,-0.042413965,0.023061752,0.02483048,0.083691865,0.009291414,0.031508986,-0.04130943,0.042243037,0.035519745,-0.027323771,0.00551256,-0.05791518
5AR%MDE7159808_1_DUF1295_domain-containing_protein__Muribaculaceae_bacterium_,0.04522134,0.056500148,-0.049841084,-0.022969186,-0.066278316,0.026589312,0.043556128,-0.025229199,-0.04634915,0.03725345,-0.021631166,0.031828552,0.09292978,-0.055916272,-0.046393156,0.0021516473
5AR%WP_005657188_1_DUF1295_domain-containing_protein__Bacteroides_stercoris_,-0.00030133713,0.016845984,-0.033953942,-0.01528253,0.02743514,-0.018978246,-0.006330505,0.009094822,0.0015273662,-0.0041207643,0.015943956,-0.011280354,-0.05563932,0.027370296,-0.006365895,0.03234373
5AR%WP_099292233_1_MULTISPECIES__DUF1295_domain-containing_protein__Butyricimonas_,0.033436168,0.03592024,-0.04706529,-0.0075031086,0.038030744,-0.01697349,-0.03219522,-0.0006931692,0.07216543,0.01737879,0.008737962,-0.10779973,-0.11994453,0.040556792,0.058523465,0.014217505
5AR%WP_300108487_1_DUF1295_domain-containing_protein__uncultured_Alistipes_sp__,0.021718971,0.014888432,0.027970674,0.00835756,0.006161189,0.029180055,0.028774407,-0.0038616739,0.022308327,0.030390708,-0.0445512,-0.054564036,-0.123846576,-0.010915182,0.06897321,-0.0019922834
5AR%WP_302729833_1_DUF1295_domain-containing_protein__Bacteroides_sp__ET489_,-0.03214117,-0.020279938,0.033293355,0.021001339,0.030779159,0.0142564485,0.06517721,-0.0048657563,-0.010502648,-0.006537737,-0.015861386,0.038038794,-0.043475937,-0.008519215,-0.01999565,-0.044402316
5AR%WP_303226315_1_DUF1295_domain-containing_protein__Alistipes_indistinctus_,-0.041511968,0.0019380907,0.009196289,0.037387818,0.05441109,-0.023132231,-0.04084378,-0.040786907,0.0315416,-0.034173563,0.0077169985,-0.00449775,0.0070016356,-0.021228498,0.031588998,0.017645538
5AR%WP_418203978_1_DUF1295_domain-containing_protein__Bacteroides_sp__,-0.04519785,-0.07610516,0.10272342,0.07728363,0.06948048,-0.07659256,-0.09399631,-0.071757145,-0.01518851,-0.078034975,0.062419903,0.0037904917,0.0020516915,0.043020014,0.05345396,0.04108439
5BR%CAK7070565_1_MAG__NADPH_dehydrogenase__Parabacteroides_sp__,0.06579368,0.03805435,0.024640543,-0.011386628,-0.026291693,0.026263176,-0.02467306,-0.01986856,-0.057790924,0.03558285,-0.031314973,-0.024360709,-0.06994138,-0.004501541,0.07833456,0.022602938
5BR%GENOME006024_4796,0.0062018037,-0.001239887,0.05642836,0.013853924,0.034872044,0.017952846,-0.048546635,-0.0080339275,-0.048157625,0.012135331,-0.03568859,-0.024852794,-0.016472846,-0.06272452,0.08009648,0.049345322
5BR%GENOME006521_2122,-0.035862423,-0.05058127,0.052319136,0.054493137,0.034739465,-0.017978987,-0.011422094,-0.062426448,0.00979598,-0.0357145,0.00093206705,0.01890222,0.022265943,-0.011902338,0.0020463362,0.032399755
5BR%MBE6202772_1_NADH_flavin_oxidoreductase__Rikenellaceae_bacterium_,-0.046964765,-0.031484473,0.015097668,0.030121965,0.015795348,-0.014313226,-0.027359478,-0.026851116,-0.028518515,-0.019644493,0.040102687,0.04966545,-0.015374146,0.04164887,-0.0066052354,0.0065701427
5BR%MBO4402754_1_NADH_flavin_oxidoreductase__Bacteroidales_bacterium_,-0.010545889,-0.019466426,0.02462718,0.0049514626,-0.010896778,-0.044001292,-0.08915761,0.009898531,-0.01127532,-0.03511689,0.012096265,0.081452586,0.1004558,0.03650533,-0.04026071,-0.0120657645
5BR%MBO8446450_1_NADH_flavin_oxidoreductase__Candidatus_Enterocola_intestinipullorum_,-0.00030689038,0.03865736,-0.027154295,-0.00091265497,-0.01979926,0.023626499,0.036209274,0.08981225,0.08138421,0.027165014,-0.03051713,-0.09387036,-0.071055084,-0.011696892,-0.012232319,-0.034097478
5BR%MBQ8101082_1_NADH_flavin_oxidoreductase__Paludibacteraceae_bacterium_,0.015014079,0.025466768,-0.015910828,-0.0075564045,-0.0058089197,0.046519652,0.07803294,0.04055035,-0.04826074,0.03834723,-0.03919501,0.007347218,-0.03995259,-0.041267704,-0.0116667105,-0.034881074
5BR%MCF0197806_1_NADH_flavin_oxidoreductase__Bacteroidaceae_bacterium_,-0.012601623,0.036625553,0.017429575,0.03870913,0.07735764,-0.014015086,-0.015655182,0.008306995,-0.0055919383,-0.026006494,-0.0016570819,-0.031663448,-0.040623132,-0.06004992,0.010340984,0.00025336468
5BR%MCH5231198_1_NADH_flavin_oxidoreductase__Muribaculaceae_bacterium_,-0.026113985,-0.026515462,0.03440134,0.033866946,0.048559766,0.0014463883,-0.043574527,-0.030229118,-0.023026476,0.0077868914,0.009157966,0.020661218,-0.08427088,0.03786159,-0.034572687,0.0392337
5BR%MCQ2066925_1_NADH_flavin_oxidoreductase__Bacteroidaceae_bacterium_,-0.06823738,-0.018734716,-0.041916203,-0.0044267033,0.0524739,-0.008726402,-0.03726471,0.0029447395,-0.013950918,-0.0051991506,0.029766366,-0.0055314107,0.06919876,0.055204123,-0.032981887,-0.006051952
5BR%MCQ2271787_1_NADH_flavin_oxidoreductase__Bacteroidales_bacterium_,0.009273702,-0.02176823,0.04233088,-0.004971738,-0.00865629,-0.011975089,-0.048700634,-0.021100046,-0.023661692,-0.0019795408,0.004110022,-0.0387681,0.0082056215,0.020158887,0.091915235,0.035427473
5BR%MCR4591939_1_NADH_flavin_oxidoreductase__Bacteroidaceae_bacterium_,-0.09040641,-0.09307047,0.032777674,0.055518813,0.030392967,-0.032282084,-0.08215289,-0.08551886,0.044364866,-0.083243325,0.083954364,0.002738188,0.0126081295,0.12159417,-0.00555014,0.0561888
5BR%MDD2293891_1_NADH_flavin_oxidoreductase__Bacteroidales_bacterium_,-0.10644759,-0.012327428,0.06243959,0.054558493,0.066362165,-0.13354449,-0.038517814,0.022530641,0.060118027,-0.09062192,0.041490216,-0.0375087,-0.03919727,0.08396593,0.016054738,0.021922162
5BR%MDD5892138_1_NADH_flavin_oxidoreductase__Bacteroidales_bacterium_,-0.0091958465,0.0278527,-0.047465324,-0.031114297,-0.034551054,0.027017556,0.024839504,0.014661413,-0.03541348,0.020138986,0.018817183,0.05251442,0.036870096,0.020439882,-0.06757213,-0.04694339
5BR%MDD6582580_1_NADH_flavin_oxidoreductase__Bacteroidales_bacterium_,-0.067921765,-0.056639507,0.0020559302,0.03263961,0.053052403,-0.0355543,-0.004571675,-0.05833777,0.03179311,-0.036854014,0.05518532,0.03604335,0.07843567,0.024584524,-0.08081519,-0.011805333
5BR%MEI7492181_1_NADH_flavin_oxidoreductase__Bacteroidota_bacterium_,-0.035223614,-0.025087425,0.036937624,0.060809616,0.027276428,-0.019303953,-0.06723459,-0.106720455,-0.04724689,-0.014841955,0.070196085,0.0008992377,-0.01645344,0.057810836,0.041246705,0.010277437
5BR%MFO0559492_1_NADH_flavin_oxidoreductase__Polyangiales_bacterium_,0.036987945,0.03121575,-0.008079517,0.04129885,0.03547458,0.009701759,-0.009540666,-0.015664622,0.0006156587,0.015243051,-0.023442697,-0.0808485,-0.055290386,-0.018026913,-0.00785741,0.032535948
5BR%WP_259010233_1_NADH_flavin_oxidoreductase__Parabacteroides_distasonis_,-0.0073586022,-0.010882351,0.006900363,-0.01670133,-0.026956396,0.0074674767,0.022738611,0.049151134,-0.038539145,-0.0072582294,0.00080190075,0.071524516,0.019513026,-0.02645484,0.023444202,-0.038326886
5BR%WP_279088787_1_NADH_flavin_oxidoreductase__Alistipes_putredinis_,0.0009873847,-0.009052319,0.020124128,0.020332713,0.017830165,0.009092737,0.0048339968,-0.02378773,0.040379524,0.00269572,0.0037539827,-0.053925946,-0.05702972,0.005864902,0.018986948,-0.006987814
5BR%WP_295936477_1_NADH_flavin_oxidoreductase__uncultured_Alistipes_sp__,0.051412784,0.033230342,0.0041735973,-0.023568733,-0.03959829,0.024573533,0.013538772,-0.012829336,-0.010591439,0.029426288,-0.030502563,-0.008792822,-0.042047463,-0.009869495,0.040699102,-4.4444576e-05
5BR%WP_297931268_1_NADH_flavin_oxidoreductase__uncultured_Alistipes_sp__,-0.020973062,-0.02164904,0.03286971,0.021896088,0.017538242,-0.0055579175,-0.009451081,-0.0372587,0.0580052,-0.016158493,0.002841686,-0.0051261294,-0.055361032,0.026197402,0.028136872,-0.017006481
5BR%WP_300285921_1_NADH_flavin_oxidoreductase__uncultured_Alistipes_sp__,-0.025419345,-0.04488902,0.04488875,0.049472466,0.027544122,-0.05406545,-0.036771104,-0.041868143,0.034482576,-0.0457746,0.038857557,-0.04524391,-0.033765018,0.05807514,0.009226817,0.05365384
5BR%WP_302380465_1_NADH_flavin_oxidoreductase__uncultured_Alistipes_sp__,0.0750953,0.09361942,-0.111678734,-0.09160092,-0.13528669,0.05553833,0.030393183,0.016547775,-0.01883616,0.07645195,-0.0035222266,0.0031598164,0.063761145,-0.013129914,-0.010471824,-0.023808053
5BR%WP_394671717_1_NADH_flavin_oxidoreductase__Muribaculum_sp__,0.05457543,0.074807785,-0.07548957,-0.025478711,-0.028625073,0.039053828,0.038783774,0.13212158,-0.05421689,0.07061975,-0.017623367,-0.055635266,0.051136028,-0.104072355,-0.03551378,-0.059030026
5BR%WP_418992344_1_NADH_flavin_oxidoreductase__Alistipes_sp__,0.0010314514,-0.011299056,0.03723938,0.026859622,-0.009532219,-0.0011125829,-0.027136626,-0.010853988,-0.0033100825,-0.007960564,0.009196854,-0.01676147,-0.06250141,0.019668857,0.04112477,0.0225683
7aHSDH%EOW9602512_1_SDR_family_NAD(P)-dependent_oxidoreductase__Escherichia_coli_,-0.009334346,-0.009388035,0.028447714,0.02456756,0.03020503,-0.00702578,-0.002411614,-0.004575741,-0.053538777,-0.026009852,0.04157601,0.039482456,0.019165331,-0.0080494275,-0.0036112624,-0.0693688
7aHSDH%GENOME007043_1033,0.0339631,0.020387232,0.015318829,-0.030564612,-0.0326375,-0.036135178,0.021359194,0.07625268,0.0010542353,-0.057609886,-0.032407016,0.061707325,0.08352819,-0.13400395,0.05914147,0.021833938
7aHSDH%GENOME011662_3430,0.009361175,0.026197232,-0.06401828,-0.03158116,-0.027592668,0.013058386,0.03972532,0.04872377,0.00093374285,0.02653937,-0.0027535283,0.0070686685,0.026648164,-0.006121748,-0.06655294,-0.0134253455
7aHSDH%GENOME011692_1576,-0.02331274,-0.027453434,0.07027218,0.04808959,0.0109376265,-0.019323204,-0.027250955,-0.011350626,-0.025793765,-0.028616069,-0.004839985,0.00033736657,0.0058057685,-0.0047037,0.020833937,0.027849061
7aHSDH%GENOME018142_1887,-0.03395035,-0.059508663,0.03907384,0.056499265,0.06578605,-0.038923964,-0.020708192,-0.08395907,-0.074022934,-0.04005999,0.08637966,0.11281658,0.025789918,0.059999693,-0.11176849,-0.04450125
7aHSDH%GENOME025100_397,0.00574727,0.020495899,0.028595172,0.017781224,0.03742444,0.04534076,-0.016343787,-0.011838159,-0.10962281,0.05409706,-0.01395788,-0.010889386,0.028272104,-0.030352652,-0.026046522,-0.042039644
7aHSDH%GENOME067790_2714,0.0026435377,-0.066611476,0.14781265,0.08235819,0.06580588,-0.1308596,-0.071449935,-0.0462824,0.09501812,-0.10777971,0.051581215,-0.14090544,-0.09099659,0.067561574,0.0013403085,0.1180063
7aHSDH%GENOME070302_884,0.031183254,-0.005141976,0.04272255,0.048942912,0.025433486,-0.06512885,-0.03823045,-0.024079159,0.04788337,-0.037737153,0.030475864,-0.07112615,-0.023851132,0.024482768,-0.048719406,0.033762783
7aHSDH%GENOME080077_256,0.030758815,0.02614789,0.051973052,0.04463669,0.011133914,-0.016860645,-0.10480684,0.015681159,-0.016739823,-0.002812957,0.006377887,-0.08439511,-0.030471351,0.0060242983,0.02855036,0.024715727
7aHSDH%GENOME086444_1757,0.03864011,0.03464674,-0.01945839,-0.06900848,-0.106513865,0.0025756871,0.04240949,0.08471011,0.019684182,0.012394234,-0.08840098,0.04969163,0.06689723,-0.034172643,0.028004218,0.005208895
7aHSDH%GENOME122758_282,0.02676559,-0.029382389,0.0863341,0.035929386,0.034261778,-0.044179954,-0.095278025,-0.073595546,-0.056344736,-0.040845588,0.024789251,0.0024731627,-0.024774106,0.04473896,0.041799244,0.06571426
7aHSDH%GENOME150027_3593,0.050431866,-0.01706074,0.035787176,0.04483722,0.048018117,-0.057247225,0.008599494,0.09082778,-0.05028237,-0.037744313,0.098820776,-0.009444562,0.014379511,0.026250327,-0.18944745,-0.12635797
7aHSDH%GENOME215422_1346,0.0070991595,0.014786043,0.006359697,-0.008481335,-0.0015755509,-0.009491105,0.041479208,-0.007662372,0.061092075,-0.013791003,-0.012613689,-0.021780005,-0.054111194,-0.014385832,-0.040245816,0.03894314
7aHSDH%HAY2965420_1_SDR_family_oxidoreductase__Escherichia_coli_,-0.05248913,-0.032581136,0.029947612,0.01921094,0.023655199,-0.0014296649,0.06329655,0.0016431155,0.0028218084,-0.034773704,0.016446773,0.062415056,-0.0068664495,-0.0010900546,-0.01620723,-0.07624046
7aHSDH%HEX5818085_1_7-alpha-hydroxysteroid_dehydrogenase__Gemmatimonadales_bacterium_,-0.021570114,-0.035161722,0.0063446583,0.0013674529,-0.03252964,-0.027582193,0.0097566275,0.04700502,-0.011727134,-0.03607984,0.034902826,-0.01883977,-0.02553189,0.061167307,0.018120391,0.040956736
7aHSDH%MBE5948790_1_SDR_family_oxidoreductase__Lachnospiraceae_bacterium_,-0.023368511,-0.0072691864,0.0026729594,-0.0029563645,0.0043913783,-0.026598597,0.012080878,0.037604667,0.08065504,-0.013860838,0.0046178107,-0.07744638,-0.0014085051,0.024138493,-0.0097642625,-0.0072521265
7aHSDH%MBHC130__Clostridiales_bacterium_1_7_47FAA_,0.07179637,0.06132901,-0.04203938,-0.09554444,-0.088372536,0.04283563,0.022784827,0.086790994,-0.094340466,0.051861715,-0.06487922,0.0807612,0.05627577,-0.06066949,0.005525404,0.008053672
7aHSDH%MCI7810995_1_SDR_family_oxidoreductase__Clostridiales_bacterium_,0.037204158,0.053401694,-0.07252853,-0.03549977,-0.043384172,0.031503394,0.058943667,0.06421364,-0.010893089,0.03590169,-0.001481401,0.016232684,-0.0075585423,-0.04204573,-0.008391959,-0.066391066
7aHSDH%MCI9468093_1_SDR_family_oxidoreductase__Oscillospiraceae_bacterium_,0.042166248,0.04351771,-0.04317585,-0.022899698,-0.036388353,0.018699607,0.012727853,0.01897902,0.0090466775,0.024261389,-0.0036060063,-0.027132858,-0.005427797,0.0012108196,0.017744541,-0.042812143
7aHSDH%MEO8122524_1_7-alpha-hydroxysteroid_dehydrogenase__Burkholderiales_bacterium_,-0.014879134,-0.044739403,0.047313396,0.0163339,0.0015670173,0.021717334,0.09057679,-0.031740963,0.024598422,-0.015185362,-0.036026165,0.01048177,-0.040782504,-0.024370048,0.03236006,-0.0046798866
7aHSDH%WP_003507641_1_7alpha-hydroxysteroid_dehydrogenase___Clostridium__symbiosum_,0.021598807,0.0411165,-0.055425987,0.0113478815,0.015591378,0.055800375,0.08349059,0.09851755,-0.090385705,0.0376903,0.024763431,0.072338805,-0.008292618,-0.08927724,-0.12658611,-0.12874983
7aHSDH%WP_025075670_1_7alpha-hydroxysteroid_dehydrogenase__Bacteroides_faecichinchillae_,0.03446673,0.032462593,0.029445076,0.020611586,0.009938977,0.0429102,-0.05722329,-0.007832407,-0.105564006,0.045311376,-0.055640765,-0.057403907,0.05099429,-0.045791626,0.04431464,0.03303024
7aHSDH%WP_221221011_1_7-alpha-hydroxysteroid_dehydrogenase__Phenylobacterium_haematophilum_,-0.054484334,-0.06283965,0.07434607,0.05426394,0.045743976,-0.031356618,-0.04844367,-0.078095436,0.045953494,-0.042365897,0.038791556,-0.01179092,-0.06065581,0.06546158,0.019372256,0.025457406
7aHSDH%WP_262434703_1_7alpha-hydroxysteroid_dehydrogenase__Jilunia_laotingensis_,0.002909322,-0.014373267,-0.0144897355,0.007005728,0.0009857747,0.008276389,0.02705653,-0.0036215896,-0.061760284,0.018656563,0.028448017,0.018211888,0.032743603,-0.015412871,-0.008214985,-0.025467508
7aHSDH%WP_288686302_1_SDR_family_NAD(P)-dependent_oxidoreductase__partial__uncultured_Bacteroides_sp__,0.021197991,0.016214196,-0.017044213,0.011524929,0.02532496,0.0005911825,-0.023084749,0.0156200705,-0.023169009,0.021642964,0.020197308,-0.044765864,0.022807283,-0.011033738,-0.020141592,-0.032875966
7aHSDH%WP_303013929_1_7alpha-hydroxysteroid_dehydrogenase__uncultured_Bacteroides_sp__,0.03474809,0.027932666,-0.07287889,-0.043343574,-0.037581448,0.03293012,0.069947794,0.039482493,-0.107519045,0.049277697,0.03743036,0.052032236,0.10740729,-0.025825953,-0.06468339,-0.109942764
7aHSDH%WP_342232791_1_7alpha-hydroxysteroid_dehydrogenase__Pseudoflavonifractor_phocaeensis_,-0.0089097265,-0.04895483,0.07545799,0.07710937,0.045411605,-0.034697138,-0.0020630963,-0.07164083,0.070309624,-0.045288466,0.009214022,-0.05854705,-0.06049955,-0.010328213,0.009413736,0.050578
7bHSDH%GENOME075272_507,0.065215714,0.01101726,0.06068736,0.025903478,0.0428041,0.021358836,-0.0685652,-0.0028731728,-0.009094386,0.018501122,-0.055059113,-0.08122859,-0.08100837,-0.030415902,0.08641015,0.021261504
7bHSDH%WP_394860677_1_7beta-hydroxysteroid_dehydrogenase__Mediterraneibacter_gnavus_,-0.06909305,-0.075581685,-0.006541404,-2.3409997e-05,-0.004938492,-0.02940532,-0.05107091,-0.07642138,0.16676205,-0.09067153,0.027491655,-0.031930923,-0.026738016,0.11638176,0.12289351,0.057879563
BSH1%UPI0001652BA3,0.03986398,0.009214219,0.018727945,-0.0017158842,0.014041059,0.01321267,0.038085163,0.027627973,-0.013053352,0.016605705,-0.019380841,-0.025004111,-0.073596165,-0.011924884,-0.02432297,-0.014427879
BSH1%UPI0001B1C28E,-0.0020012269,0.0062630638,-0.013757914,0.005957842,0.012908175,-0.047789663,-0.06743131,-0.0378226,-0.0022915055,-0.024981607,0.023094993,0.011676002,0.06305896,0.03593446,-0.033714466,0.04736304
BSH1%UPI0001DE6025,-0.06165091,-0.05964102,0.06440128,0.04114321,0.0400499,-0.005637352,-0.0043252134,0.014502061,0.030188538,-0.037886437,0.020011894,0.044797488,-0.1061909,-0.010069931,0.046990514,-0.0034204228
BSH1%UPI00022FF9E1,0.039093833,0.018388899,-0.016428776,-0.022913342,-0.043324452,0.013134193,0.0218361,0.02564094,-0.09397901,0.011574742,-0.027600732,0.07162926,0.041808225,-0.023419993,0.046601087,-0.018770888
BSH1%UPI0002624191,-0.011991845,-0.0005181359,0.027110817,-0.0009700661,-0.0040728226,-0.008141422,-0.11371391,-0.07115832,0.043658152,-0.017534597,-0.01607061,-0.006270272,0.029633839,0.038006473,0.019218018,0.08531915
BSH1%UPI0002802AC4,0.022090469,0.01148744,0.010267734,0.0008152032,-0.025619175,0.014198427,0.020965151,-0.0293789,0.005583163,0.007829818,-0.018250978,-0.043748893,-0.006451654,-0.005153863,0.032733954,0.01840007
BSH1%UPI0002CB0E7D,-0.0005200249,0.025936978,-0.040833034,-0.04349582,-0.02150698,0.02457493,0.08226382,0.07731108,0.025935568,0.017098607,-0.047734868,0.028880674,-0.007628563,-0.039266847,-0.017622577,-0.045229826
BSH1%UPI0002F95F26,-0.018848727,-0.00026085935,-0.030976877,-0.017449694,-0.03524309,0.008652529,0.035086527,0.033730574,0.04389352,0.0096333455,0.014376035,-0.023258936,0.049463976,0.02650159,-0.011256887,-0.08180359
BSH1%UPI00035D264B,0.023074286,-0.0043279007,0.009602971,0.020947022,0.026297087,0.017602263,0.012104621,-0.05827762,0.056622244,0.004415836,0.006032262,-0.05441483,-0.10090378,-0.02161376,0.043031976,0.018971391
BSH1%UPI0003A10C39,0.07383892,0.084055565,-0.054648194,-0.039195858,-0.05402448,0.047926154,-0.0142613705,-0.02931263,-0.028736964,0.059236165,-0.024166934,-0.032353852,0.0071469015,-0.0154183395,0.016641317,-0.0015127811
BSH1%UPI00041C4F56,0.02264195,0.028155431,-0.012666838,-0.012840534,-0.027354775,0.037713956,0.018749652,-0.053496774,-0.08559115,0.02968204,0.03175861,0.07651996,-0.010807073,-0.040573735,0.02753589,-0.02961307
BSH1%UPI00044AC395,-0.059327684,-0.091917284,0.08258478,0.039063454,0.03086033,-0.03991797,-0.032717902,-0.12555519,0.04303746,-0.069559366,0.039545085,0.06332818,-0.04170869,0.045932632,0.037274912,0.08155825
BSH1%UPI0004BCDDD9,-0.068027295,-0.08164392,0.03494221,0.018008048,0.03330079,-0.021362625,0.014377731,-0.08451142,0.07426593,-0.06196396,0.03277338,0.1167368,-0.05160299,0.039618395,-0.012505769,0.010580462
BSH1%UPI0004D69CD5,-0.020662762,-0.03857931,0.041104466,0.041009545,0.0018389369,-0.021812748,-0.010873708,-0.035303112,0.043762494,-0.030455248,0.014500191,-0.010294683,0.009910104,0.019542327,-0.0067713903,0.0012584457
BSH1%UPI0004D6A0E9,-0.015225982,0.010899953,0.016519153,0.011260851,0.013106613,0.027295979,0.047656246,-0.019519933,-0.0062374976,0.016547576,-0.015221281,0.031949747,-0.02031288,-0.023531472,-0.019008297,-0.06749126
BSH1%UPI0004F8D610,0.033067595,0.024213742,0.012496577,0.034362942,-0.007314655,0.029167881,0.025717609,0.038147073,-0.02881545,0.014431176,-0.021022715,-0.02568478,-0.10191881,-0.033717923,-0.002148097,0.012433902
BSH1%UPI0005DBBD01,0.021258868,-0.017168421,0.039084837,0.0061143036,0.01563873,-0.0040079574,-0.043874703,-0.013375813,0.034101482,-0.020317543,0.01308181,-0.03928833,-0.05216988,0.00879033,0.056825325,0.0071601463
BSH1%UPI00064A1F29,-0.042821113,-0.06612911,0.09019723,0.084864795,0.05768226,-0.021616938,-0.03427724,-0.02473567,-0.031967625,-0.037717305,0.037542406,-0.043318458,-0.10639966,0.043538973,0.02723918,0.053863164
BSH1%UPI00070D1B8F,-0.02220954,-0.041278772,0.06492611,0.032754272,0.0008752067,-0.0551307,-0.012762304,-0.08852032,0.03763694,-0.053704076,0.0143250795,-0.034062497,-0.060718574,0.091404766,0.04798475,0.08020199
BSH1%UPI00073AFD00,-0.05115206,-0.05971135,0.038725857,-0.0004937225,0.0020878182,-0.041088227,-0.014940414,-0.06329606,0.055901982,-0.0589476,-0.0031483811,0.087518394,0.02815078,0.03413362,0.03717409,0.034157697
BSH1%UPI00076E9CCB,-0.023554683,-0.011708231,0.03020197,0.049988132,0.043235555,-0.050336365,-0.059611868,-0.08204365,0.046945125,-0.035181213,0.058055628,-0.0007055806,0.0062232576,0.043193866,-0.1009365,0.01889576
BSH1%UPI0007933BD5,0.0059347088,0.026954597,-0.064370126,-0.022464102,-0.00603562,0.011158467,0.033179794,0.015505632,0.006029102,0.022820456,0.021449726,-0.008710494,0.061172917,-0.020386495,-0.057869125,-0.045974284
BSH1%UPI000801FF16,-0.008633755,0.01726965,-0.020016124,-0.0038062977,-0.014647271,0.04363224,0.05927685,0.022912944,0.040704988,0.016544484,-0.012221514,-0.009889912,-0.09098425,-0.012163591,-0.003955507,-0.028890712
BSH1%UPI00093BFB8C,0.012939985,0.044340864,-0.1255409,-0.07781222,-0.071557425,0.06832008,-0.0029351956,0.023601517,-0.07933725,0.07727437,0.05711417,-0.0003794045,0.12638356,-0.008857021,-0.14049552,0.0378919
BSH1%UPI000949473C,0.035217784,0.034009956,-0.07053444,-0.047480635,-0.014301377,0.009641751,0.05021015,0.018007282,0.0037650475,0.031127922,0.016949253,0.036755864,-0.003114613,0.008552218,-0.09150716,-0.05116676
BSH1%UPI00095B1DAC,-0.07086585,-0.06447616,0.051134706,0.012829479,0.008536405,-0.0052749733,0.043839313,-0.053309612,0.051064678,-0.030464198,-0.003288643,0.041997503,-0.058508836,0.014596137,0.05480297,0.029471382
BSH1%UPI00095C7CBB,-0.04415636,-0.03765313,0.025888713,0.10619135,0.09449354,-0.030011354,-0.085895665,-0.07952497,0.03824498,-0.043367162,0.08697703,-0.09888546,-0.06475044,0.0503145,-0.08365465,0.07834322
BSH1%UPI000A00C8F6,-0.060869727,-0.058190703,0.04733832,0.035806965,0.039017405,-0.01584441,0.028309893,-0.0020339936,0.022881644,-0.037261363,-0.0053975577,-0.029025912,-0.015046635,-0.0002990348,-0.03591274,0.07774936
BSH1%UPI000BD3EFD5,-0.04011192,-0.047511674,0.08041032,0.030973306,0.03722364,-0.0040456946,0.010215709,0.010439142,0.004889502,-0.033743188,-0.0011306672,0.058366876,-0.115471736,-0.040764973,0.050252978,0.020793559
BSH1%UPI000CD30963,-0.020660352,-0.030740824,0.023899069,0.02052963,0.08276763,0.0012581323,-0.0084384475,0.014773559,0.039460726,-0.008542031,0.019537078,-0.08388039,-0.05443518,-0.028566396,0.025192652,-0.0032853126
BSH1%UPI000CF9C992,-0.030163644,-0.0041803373,-0.032734178,0.02608834,0.047793105,-0.0151067795,0.0061397045,-0.034989163,-0.0048075225,-0.0025438783,0.020279126,0.05103872,0.020649873,-0.0028537484,-0.058369104,-0.01880904
BSH1%UPI000DCDF6FE,-0.0020632013,-0.033318587,0.034094766,0.0516288,0.06375618,0.0063710036,0.048132185,-0.06887343,-0.0035521484,-0.008152759,-0.026619803,0.030993223,-0.089476146,-0.016738933,-0.07244657,0.058958407
BSH1%UPI000FBCBE5B,-0.011005261,-0.00590218,0.02911407,0.0034771645,-0.06873844,-0.0058586975,-0.007750618,0.031653862,0.046153463,-0.0047142594,-0.012210875,-0.075882986,-0.010950971,0.011140354,0.06770757,0.049070552
BSH2%UPI0000382136,0.09062995,0.01503086,0.030488472,0.07915446,0.098538026,-0.071091466,-0.010156101,0.008180018,-0.015559065,0.029797656,-0.053536683,-0.09130324,-0.024146311,-0.11265171,0.0998235,-0.022625769
BSH2%UPI0001534663,0.06627169,0.061343998,-0.03372766,-0.0061017084,-0.059505343,0.027378164,-0.008994544,-0.002370667,-0.052924667,0.037896585,-0.031094253,-0.04966927,0.014959692,0.016976126,0.03612349,-0.002953655
BSH2%UPI0001599717,-0.07049294,-0.067143254,0.09654356,0.07195866,0.04546145,-0.024778388,-0.04110975,-0.027999042,0.14096487,-0.047733556,-0.0022718403,-0.15828677,-0.10871081,0.054391135,0.06284916,0.07407425
BSH2%UPI00017C25E3,0.034085825,0.05141057,-0.057450194,-0.08914852,-0.07633852,0.013509077,0.024902223,0.03718585,0.00084731804,0.017649727,-0.0277988,0.102195054,0.05838866,-0.05562087,-0.0024142517,-0.004055777
BSH2%UPI0001971EB2,0.043945614,0.040019967,-0.01158051,-0.031169407,-0.060557142,0.012408238,0.015209722,-0.039168313,0.023724442,0.01912824,-0.05337529,-0.0013668372,0.012119044,0.028412394,0.03536342,-0.008101547
BSH2%UPI0001C1C05D,0.08465587,-0.0055310316,0.13260654,0.10063528,0.07020049,-0.086142085,-0.0062481435,0.051207595,-0.04293912,-0.0067320406,-0.07440071,-0.05507019,-0.061249346,-0.11145912,0.024632914,0.029993247
BSH2%UPI0001CF4F1D,0.08345029,0.020288875,0.0058736424,-0.052884087,-0.0359702,0.05285498,0.00602227,-0.012869294,-0.09132256,0.04810378,-0.055565763,-0.012083299,-0.0261932,-0.02886272,0.07190034,0.06768816
BSH2%UPI0001E69B03,0.025930066,0.04903002,-0.023717469,-0.01987728,-0.024536772,0.013723515,-0.034354404,0.046264328,-0.050754696,0.026373282,-0.033161808,0.035275802,0.07810405,-0.030911813,-0.011062474,-0.036045216
BSH2%UPI0002814877,-0.032439124,-0.0390392,0.081057236,0.05637238,0.013673212,-0.014851319,-0.055566907,-0.027836127,-0.06244576,-0.031202538,0.051207487,-0.018814575,-0.038509876,0.028133295,0.039386887,0.042993497
BSH2%UPI000335FD2D,0.01001287,0.019357584,-0.036561556,-0.0395578,-0.059126973,0.019104682,0.050231233,0.024660135,0.016199378,0.01820793,-0.02993446,0.017410213,0.009056457,0.009340001,-0.030138874,0.0062921345
BSH2%UPI00033874A8,0.0029953197,-0.011841745,0.05149216,0.024139883,-0.0073580504,-0.0087232245,0.0086664455,-0.011156989,-0.005721635,-0.011397523,-0.026100254,-0.030825283,-0.037746202,0.004033585,-0.016016942,0.072925664
BSH2%UPI00033AD64E,0.05807669,0.05460293,-0.06507746,-0.06442167,-0.048276305,0.030351043,0.049528886,0.03879449,-0.01633307,0.039859828,-0.058014918,0.0665356,0.006827457,-0.03141501,-0.019008718,-0.021938952
BSH2%UPI00033F049A,0.08349103,0.080904014,-0.02219482,-0.010339694,0.011088963,0.044751547,0.037293907,0.03902903,-0.116936624,0.058046337,-0.019170128,0.029284937,0.021577738,-0.114350796,-0.09008502,-0.057815097
BSH2%UPI00038B932A,-0.10299008,-0.012787988,0.043808013,0.036150124,0.023407219,-0.036373496,0.026219307,0.08269837,-0.016904457,-0.007553039,0.067962974,-0.051513802,0.05631857,-0.062824324,-0.020582533,-0.044947375
BSH2%UPI000396CDDF,0.106559515,0.040298007,-0.029511485,-0.06912648,-0.047090493,0.07315967,-0.0372414,0.01402454,-0.15400508,0.06512322,-0.10614225,0.009387225,0.03700317,-0.050879143,0.15223907,0.08200359
BSH2%UPI000463FA77,-0.037100915,-0.035122987,0.03497826,0.04159358,0.04110657,-0.06043267,-0.043845538,-0.02579332,0.07004877,-0.056938723,0.023185698,-0.015351982,0.037786566,0.05212762,-0.0035986104,-0.032399245
BSH2%UPI0004B97954,0.0043601166,0.020197108,-0.0028872904,0.03863147,0.045109,-0.07392904,-0.037394203,-0.010748792,0.028485196,0.0065352386,0.034167048,-0.066801436,0.10926578,-0.032688554,-0.09693448,-0.010223805
BSH2%UPI000508CF7A,-0.07715146,-0.076051496,0.06606379,0.08202882,0.084981605,0.0068426295,-0.09216054,-0.039462652,-0.020754842,-0.020866463,0.017712342,-0.02612832,-0.008531222,0.021037886,0.05332225,0.025225837
BSH2%UPI00050FFCF5,0.050071612,0.03186199,-0.0045063896,-0.015853425,-0.013422035,0.022406928,-0.0035686553,0.044037003,-0.03461364,0.022184953,-0.004438565,-0.039336648,-0.018517783,-0.03470016,0.0004584846,-0.00024292879
BSH2%UPI0005738721,-0.03940175,-0.037595753,0.03742479,0.03823464,0.023668798,-0.036067944,-0.073432274,-0.041492466,0.011775125,-0.040133405,0.048926987,-0.012577252,0.02110959,0.033924405,0.026152695,0.030658059
BSH2%UPI0005D317A6,-0.03649886,-0.06174532,0.05985059,0.050784662,0.03989986,-0.07293954,-0.028265048,-0.038290437,0.11019761,-0.045978427,-0.03576861,-0.026861925,-0.0045615933,0.030399546,0.036832716,0.049959145
BSH2%UPI0005DCCFF2,0.087733656,0.12614933,-0.116474874,-0.15265112,-0.13428299,0.059337907,0.11299386,0.18469238,-0.04647761,0.09172782,-0.101182245,0.03046327,0.0189349,-0.074260086,0.05053627,-0.06820733
BSH2%UPI0006649122,-0.027340489,-0.030039258,0.034534033,0.06934723,0.049094178,-0.039685447,-0.104267254,-0.052979015,-0.014099026,-0.048580956,0.04670036,-0.019020103,0.04822615,0.045368962,0.019249547,0.0068341936
BSH2%UPI0006A496D2,-0.05946917,-0.03795087,0.016826019,0.034841247,0.03804317,-0.06718803,0.017206283,0.01764232,0.09817675,-0.057378482,0.028214088,-0.008395292,-0.007956059,0.050983038,-0.010337366,-0.061678376
BSH2%UPI0006BFFEB7,-0.090334184,-0.052068613,-0.055931497,-0.00035496012,0.0044836416,-0.015954334,-0.0032133937,-0.037685946,0.0076161753,-0.017468007,0.097510025,0.044838347,0.12102475,0.09154776,-0.13474083,-0.0261346
BSH2%UPI0006C043E9,0.034304366,0.013499793,0.016002573,0.02866609,0.017487567,-0.05929306,-0.049884807,0.022121692,0.04855522,-0.009766009,0.014943294,-0.083505265,-0.01453665,0.00043035223,0.038730305,-0.009438672
BSH2%UPI0006C0EB58,-0.020929635,-0.0018493771,0.0024342784,-0.00899838,0.017407479,0.0044973963,-0.00019527604,-0.023394693,-0.04356655,-0.0080750575,-0.0100908615,0.048754197,0.0979227,-0.038671695,-0.042784482,0.01946539
BSH2%UPI0006C1ADDE,0.050837487,0.04361611,-0.004881878,0.00087721465,-0.011736113,0.060336534,-3.7242142e-05,-0.018821029,-0.064871036,0.056008123,-0.060891546,-0.029776113,-0.048063308,-0.043221556,0.07555346,0.020549195
BSH2%UPI0006C23C60,0.057052005,0.056456085,-0.009814054,-0.04908439,-0.017300023,0.057972793,0.034409106,0.09354595,-0.054617018,0.070730746,-0.08693679,-0.091966346,0.04813511,-0.08101432,0.04092039,-0.0315748
BSH2%UPI0006C28698,-0.048546705,-0.04627121,0.002205954,-0.019021856,-0.017532581,-0.013408376,0.07833295,-0.016103925,0.0649171,-0.03279987,0.019288234,0.090299785,0.026493696,-0.0056531453,-0.06342727,-0.021962838
BSH2%UPI0006C3C90B,-0.03440343,-0.019454667,0.0035777253,0.02660876,0.03884237,0.0038041752,-0.03795036,-0.059067525,-0.020813994,-0.015840726,0.042455863,-0.02439601,0.010396096,0.04910442,-0.029910468,0.025826335
BSH2%UPI0006C45BC8,-0.102008,-0.0801443,-0.034026057,0.0032818792,0.0053872643,-0.07875172,-0.019924093,-0.049608354,0.14667182,-0.10157054,0.10900456,0.018050872,0.089154616,0.10992652,-0.032690976,-0.008972482
BSH2%UPI0006C4A6B6,0.037804656,0.030488756,0.003556366,-0.02269943,0.008193618,0.010742363,-0.015938926,-0.065529436,0.0051583974,0.013822507,-0.015563559,-0.07722983,0.0028209528,-0.014317301,0.04515196,0.053273987
BSH2%UPI0006C52F45,-0.014561606,-0.03524797,0.07938795,0.050922617,0.041814294,-0.012807279,0.015674597,-0.07152514,0.051434822,-0.04553471,0.010586258,-0.06570326,-0.13798977,-0.017610375,0.07212989,0.0853568
BSH2%UPI0006C5C844,-0.00045147308,0.006051885,0.026790941,0.052171145,0.06765815,-0.007005114,-0.08047764,-0.00556561,-0.011596531,-0.010938834,0.014102984,-0.04825873,-0.07672951,0.008151595,0.01248509,0.02619874
BSH2%UPI0006CAB5AD,-0.10407641,-0.09119065,-0.028056042,-0.018791826,-0.002263384,-0.035521623,0.11836646,-0.023580443,0.06917942,-0.06575596,0.039509874,0.14160532,0.058255587,0.043905534,-0.07812001,-0.025305765
BSH2%UPI0006CABDF6,-0.013124897,0.025523748,-0.011285702,-0.017277034,0.001865725,0.045174327,-0.023753326,0.026421191,-0.021313027,0.04174334,-0.04169902,0.012896441,0.014534939,-0.076045826,0.018257221,0.0266983
BSH2%UPI0006CABE2C,0.017841984,-0.005069771,0.09147965,0.05595422,0.09040575,0.057687193,-0.13478069,-0.08123516,-0.100201055,0.049548592,-0.07999673,-0.1050894,-0.035024565,-0.03151241,0.10204442,0.11482014
BSH2%UPI00082051E1,-0.025458576,0.0010897645,-0.07535563,-0.054745335,-0.054589305,-0.00083748973,0.051985063,0.033938378,0.030046532,-3.6432375e-05,0.0111365495,0.10293713,0.12337538,0.011270707,-0.054445487,-0.09205822
BSH2%UPI00082062C1,-0.062791996,-0.041592136,0.09950094,0.05259739,0.03360924,-0.028359987,-0.017816901,-0.032145016,0.005484694,-0.03337733,-0.030571263,-0.044539567,0.016279431,0.034002077,-0.0066499733,0.050317783
BSH2%UPI000820857A,-0.06554719,-0.0688374,0.06312293,0.047795966,0.030521195,-0.022462783,-0.03203314,-0.016500372,0.084455855,-0.050074834,0.021295205,0.066360936,-0.046938606,0.011660073,0.0039006495,-0.024078252
BSH2%UPI000820B778,-0.04491178,-0.034042157,0.0044684797,0.012709439,0.027387686,-0.030031305,0.022110315,0.044960808,0.093476675,-0.033460516,0.01053188,-0.008661998,0.028476281,-0.016872536,-0.01780746,-0.051673878
BSH2%UPI000820F666,0.06986786,0.07731163,-0.026887009,-0.02711806,-0.045991194,0.06780417,0.032211237,-0.06970177,-0.0052781873,0.068501465,-0.07266855,-0.005932393,-0.003095511,-0.025845665,0.004365888,-0.034471497
BSH2%UPI000821232B,0.06199551,0.056733295,0.0024688495,0.026511751,0.04655698,0.028305018,-0.0033901792,-0.014783946,-0.02642948,0.03590874,-0.0064243698,-0.09545016,-0.04902859,-0.08842453,-0.0076017766,0.00814808
BSH2%UPI0008219BA0,-0.035236083,-0.027767219,0.04756107,0.048272252,0.04621834,0.037438884,-0.030434407,-0.06782515,-0.11366663,0.018377434,0.031474695,0.08073364,0.022069277,-0.03770253,-0.034565195,-0.0155646615
BSH2%UPI000821B1D8,0.013101421,0.023291025,-0.021153059,-0.007978651,0.04727871,0.0121195875,-0.009297145,0.021302603,-0.059409562,0.021030497,0.007225278,-0.004211723,0.04127504,-0.036805373,-0.013250161,-0.04741929
BSH2%UPI000821B9AC,-0.053293873,-0.0689641,0.010916629,0.04065066,0.06700312,-0.05203141,-0.02077106,0.03243215,-0.012308735,-0.050180808,0.09467166,0.041757118,0.052393798,0.042495187,-0.068892986,-0.08997212
BSH2%UPI000821FD65,-0.052255142,-0.026349647,-0.0024601005,0.038153037,0.071747065,-0.035074174,0.026397994,-0.011867706,-0.018341394,-0.020478174,0.07011465,0.03612075,0.03494641,-0.006263997,-0.1276036,-0.039252732
BSH2%UPI00082257EE,0.00509488,0.028897785,0.07596027,0.07109915,0.071786396,-0.015975928,-0.07829769,-0.0033554777,-0.12956245,0.009305776,0.014905073,-0.09265349,0.0060785185,-0.049183067,0.035242267,0.031351432
BSH2%UPI000822F9A5,0.0055023893,0.0044204905,-0.036223203,-0.055538062,-0.030496307,0.021658648,0.041309115,0.067543484,-0.030578654,0.021845078,0.01771781,0.09140381,0.014054545,-0.04061621,-0.037559807,-0.04927272
BSH2%UPI0008230885,0.049403798,0.031017618,0.0043145893,0.0015364129,0.005261436,0.01980841,-0.017560951,-0.03797139,-0.07124123,0.01868873,0.005425113,0.06484507,0.021368552,-0.054306477,0.013676797,-0.050489083
BSH2%UPI00082332C0,0.031510465,0.060791984,-0.068363994,-0.0596159,-0.021097634,0.036762454,-0.00059490645,0.053002972,0.005400095,0.05489069,-0.030469425,-0.056321573,0.031208958,-0.009215697,-0.01218915,-0.022977883
BSH2%UPI000960BD65,-0.0056491382,0.00085333624,0.0261688,0.040612146,0.07651512,-0.039866075,-0.022194324,-0.0067272107,-0.06466804,-0.0377078,0.04749227,0.011831288,0.08263305,-0.026564749,-0.094821826,-0.036429632
BSH2%UPI0009611255,-0.036120545,-0.055798974,0.08546305,0.06335435,0.06849421,-0.08483963,-0.043407,-0.003140429,0.008822868,-0.08118129,0.029941332,-0.039142713,-0.009373963,0.028767176,0.038536265,0.035989262
BSH2%UPI000961A2BF,-0.0056680674,-0.024554651,0.007566186,0.012849977,-0.0015033656,-0.030805588,-0.04378838,-0.034004327,0.004082899,-0.029659074,0.049844883,0.038329225,0.03279666,0.056882087,-0.033759266,-0.018877385
BSH2%UPI000965B48B,-0.02065765,-0.010215937,0.0026996965,-0.0098551065,-0.0029923737,0.017487999,0.06313379,0.04439074,-0.07361047,0.027427347,-0.024180803,0.03520912,0.097169645,-0.015399172,-0.08701086,-0.051142834
BSH2%UPI000966A84B,-0.03626136,-0.037499737,-8.40209e-05,0.009495727,-0.022837827,-0.011454943,-0.004412942,0.041793182,-0.030337166,-0.013634898,0.056606106,0.006471546,0.083194464,0.013371161,0.028468061,-0.06470645
BSH2%UPI00096829BD,0.028423268,0.048108082,-0.0674883,-0.06984135,-0.07361975,0.029942583,0.068087086,0.09631875,-0.00032209218,0.04321907,-0.045245938,-0.017783836,0.08393411,-0.058591858,-0.026465299,-0.013847156
BSH2%UPI0009C3B121,-0.03269421,-0.026355289,0.037073325,0.050576787,0.083633766,-0.03753966,-0.058193307,-0.03708029,0.07721385,-0.038962126,0.017437235,-0.041572735,-0.11220481,0.033802327,0.049325164,0.020343611
BSH2%UPI000B3674FC,0.043600667,0.074844435,-0.12082412,-0.13671884,-0.07226774,0.088420674,0.04467052,0.07910008,-0.0707041,0.099112794,-0.05657698,0.13575402,0.11738686,-0.07862754,-0.06562173,-0.07039527
BSH2%UPI000B431D75,0.041431718,0.027526356,-0.011437634,-0.018259676,-0.03691645,0.022861294,0.008037725,0.005177641,-0.028864177,0.0126902815,-0.051810242,0.0077320123,-0.034573115,0.02629437,-0.04225433,0.06732238
BSH2%UPI000C84F661,0.00450241,-0.003401871,0.015413382,0.025364496,0.040987726,-0.009820064,-0.013811496,-0.060960773,-0.01021911,-0.0093725305,0.0389807,-0.026532413,-0.029895427,-0.00058526604,-0.018713433,0.02597361
BSH2%UPI000D1261F9,-0.028076325,-0.052340623,0.05243468,0.036241654,-0.017351149,0.020069312,0.060396846,-0.0106108105,0.040531266,-0.00683889,-0.008020385,-0.08387785,-0.12985788,0.029447854,0.01580018,0.08543047
BSH2%UPI000D58F0CE,0.02918226,0.020588705,-0.016744522,-0.008000418,-0.010002546,0.008175447,0.022906985,-6.333329e-05,0.047646035,0.014994348,-0.023463486,-0.06964782,-0.11805138,0.020118916,0.060567584,0.03515093
BSH2%UPI000D6581CE,-0.01673385,-0.025104472,0.019439675,0.0035201535,-0.007051115,-0.0017670221,-0.010707276,-0.0065725134,0.05042269,-0.012502017,-0.002204843,-0.0322731,-0.04038252,0.040398736,-0.022379842,0.05214802
BSH2%UPI000D7ABA35,-0.0017654323,0.0020943813,0.02708875,0.05621115,0.045655217,-0.0038753254,0.007252104,0.027745841,0.036536403,0.0057324646,0.02321003,-0.0959392,-0.104700565,-0.035523377,0.009301644,-0.01580792
BSH2%UPI000D7ADB68,0.06886967,0.06400929,-0.03206711,-0.035355467,-0.081081755,0.005945054,-0.026054893,0.060452837,-0.07472942,0.025002912,-0.03165485,-0.042621814,0.054671913,0.00022001842,0.0841278,0.0056477766
BSH2%UPI000D7AF0AB,-0.020404393,-0.029642332,0.03026425,0.04327166,0.017260008,-0.023345135,-0.030253416,-0.03880031,0.05451241,-0.030746214,0.01329463,-0.0478605,-0.07963515,0.03258916,0.078186445,0.04398121
BSH2%UPI000DF74F5E,0.047206357,0.044041876,-0.014413694,-0.06162315,-0.07243479,0.031080486,0.06795143,0.08659517,0.01779795,0.03230592,-0.064631745,0.01162015,-0.05160173,-0.06184227,0.02575206,0.005931987
BSH2%UPI000DF7AEC4,-0.029516842,-0.030235834,0.010919976,0.014803279,-0.007637413,-0.03146254,-0.050779995,-0.014928644,0.022803927,-0.042633615,0.021219423,0.08547232,0.025449881,0.037419606,0.023104066,-0.020732408
BSH2%UPI000E40484B,-0.0142834075,-0.043999095,0.047293082,0.037694406,0.011622936,0.046874028,-0.02695099,-0.07432028,-0.031622242,0.008421325,-0.01039186,0.045045506,-0.069754764,-0.017808972,0.0200021,0.07316672
BSH2%UPI000E4BF981,-0.038628116,-0.008887961,0.015319206,-0.01941576,-0.017822659,0.083007745,0.12784164,0.025019564,-0.006842601,0.056361817,-0.10375976,0.02176313,0.00030250457,-0.06740835,-0.05618298,0.0014198147
BSH2%UPI000E53BC4B,-0.10645191,-0.087610394,-0.027744828,0.032604758,0.016068093,-0.0247538,-0.012337652,0.010709245,0.026448017,-0.046132788,0.1484559,0.039917696,0.06656906,0.08332143,-0.08277863,-0.08792394
BSH2%UPI000E54458D,0.05912105,0.062341042,-0.085186504,-0.02815663,-0.005716354,0.022912504,0.09084158,0.083983496,-0.01707356,0.039005373,0.00497164,-0.014664118,-0.051539604,-0.063162245,-0.03549735,-0.068605006
BSH2%UPI000E91045C,-0.030594518,-0.024282351,-0.033979245,0.011598556,0.060300287,-0.0028323927,-0.053920865,-0.12784988,-0.03377993,-0.010070306,0.01668335,0.098962195,0.124278046,0.013276354,-0.022075532,-0.00685681
BSH2%UPI000E92006C,-0.023059614,-0.01597834,0.059480187,0.0684239,0.046300303,-0.0035677447,-0.028115718,-0.0015897009,-0.0060343947,-0.038341176,0.010620344,-0.03911133,-0.100843474,-0.025363132,0.040959407,0.051610015
BSH2%UPI000E9C22D0,0.09147667,0.11192377,-0.11938011,-0.06121651,-0.03399822,0.048151683,0.07694788,0.11575763,-0.036204588,0.06997673,-0.08069983,-0.022742353,0.008992018,-0.04220109,-0.061962776,-0.064502805
BSH2%UPI000EC98B2C,0.015101983,0.044462904,-0.1266129,-0.079509504,-0.04863582,0.04862201,0.12980466,0.09938053,-0.014023287,0.059497155,-0.0067696655,0.053104237,0.07324653,-0.053910244,-0.07789948,-0.113577105
BSH2%UPI000ECC9F84,0.015043425,0.023321027,-0.059176058,-0.024559565,-0.034604117,0.010272729,0.011675473,0.023507433,0.006444428,0.014544951,0.023784205,0.024683347,0.025772458,0.010898008,0.005100931,-0.074181445
BSH2%UPI000EE4CDBB,-0.032614548,-0.041402027,-0.012246276,0.007188456,-0.0051850607,0.015622962,0.017536255,-0.05405983,0.09781695,0.0048802705,-0.05381868,-0.08409293,0.041079964,0.020527244,0.07014287,0.045495022
BSH3%UPI000156F498,-0.01133453,-0.022382423,0.10243766,0.018982824,-0.0081606945,0.010428194,0.0065581743,0.023113506,0.017553791,-0.013774736,-0.03357792,0.012997519,-0.117203236,-0.030951494,0.061476395,0.015764333
BSH3%UPI00016547A5,0.049195014,0.038979203,-0.005178177,-0.03210671,-0.062680766,0.045754366,0.054773364,-2.7774951e-05,0.038808655,0.053128466,-0.0606498,-0.05861286,-0.076640636,-0.021606078,0.07405771,0.0008384125
BSH3%UPI0001A5F983,-0.04744117,-0.04806995,-0.020372227,0.014106248,0.003486508,-0.04941474,-0.035238087,0.0016156469,0.030343303,-0.0558355,0.060057186,0.027701218,0.0935796,0.06485247,-0.022179402,-0.02461492
BSH3%UPI0002132A6C,-0.059837244,-0.051367294,0.037430838,0.019631026,0.050047483,-0.0134721855,-0.06147279,-0.07675086,-0.028983567,-0.038322557,-0.009038839,0.08111978,0.036491785,0.017492212,0.035129894,0.068224214
BSH3%UPI00033CE23D,0.056924246,0.017178047,0.056282867,0.031754393,-0.017730033,0.023703374,-0.016662758,-0.02324345,-0.056185197,0.022156153,-0.039856926,-0.094762266,-0.010853052,-0.029327571,0.08863743,0.026803449
BSH3%UPI00035F5DCE,-0.02039703,-0.03110864,0.0028364582,0.03437614,3.354082e-05,-0.041442595,-0.056567293,-0.027219005,0.0029143053,-0.04750397,0.05971221,0.016280785,0.057322916,0.030133352,-0.0044678417,0.015564828
BSH3%UPI00092A5378,0.03559619,0.044250265,-0.031972907,-0.038865782,-0.08460812,0.06203891,-0.032903776,0.038495623,-0.009021718,0.056626514,-0.047170296,-0.031837333,0.005765634,-0.0024022027,0.06524101,0.0034902561
BSH3%UPI0009648BEC,-0.024541078,-0.0012942038,-0.042558223,-0.018750958,-0.015321371,-0.011985664,-0.012731793,0.025604246,-0.04128396,-0.0058222245,0.05529608,0.035266064,0.11900273,0.0031415077,-0.028543755,-0.045157123
BSH3%UPI000CF406F5,0.074571826,0.08503689,-0.044955157,-0.06212327,-0.02776564,0.0022314028,-0.017665034,0.048204724,-0.08296851,0.034389604,0.025153711,-0.030423647,0.030272806,-0.03827951,-0.003924516,-0.0050137625
BSH3%UPI000E3F1C35,0.021881156,-0.0073284735,0.009701526,0.040443707,0.04205917,0.0040875818,-0.011055798,-0.0821709,0.030021368,-0.0049741124,0.017544683,-0.046364035,-0.098395236,0.0047633285,0.051671624,0.020904845
BSH3%UPI000E5302B4,0.030241737,0.015473658,-0.044070806,-0.040132314,-0.052023485,0.021348368,0.013273736,0.060761366,-0.056978382,0.020606572,-0.024977285,0.04005033,0.028548501,-0.0015733193,0.061752297,-0.023923414
BSH3%UPI000E902C94,-0.026235119,0.009119982,-0.064107865,-0.045716166,-0.04026546,0.017266553,0.04861617,-0.04531311,0.016224451,0.02069253,0.052116714,0.0250598,0.043621674,0.032698974,-0.065397955,-0.016666746
BSH3%UPI000ED2B3A0,0.024665706,0.042186912,0.0072589843,-0.0008189772,0.018058203,0.028712876,0.019138796,0.011107279,0.009705432,0.032676913,-0.01969701,-0.07631331,-0.06277451,-0.046651214,0.011364819,-0.0074571325
BSH3%UPI000EF23C17,0.047555022,0.049364075,0.014616109,-0.0063521094,0.02697279,0.048622213,-0.06834874,-0.019224962,-0.014779684,0.03997729,-0.08349354,-0.047251955,-0.05614323,-0.081728704,0.041633602,0.11646408
BSH3%UPI000F9DAF5F,-0.08035606,-0.08008634,0.027557109,0.01234157,0.020352373,-0.017840598,0.116785266,-0.026733529,0.101585604,-0.040473614,0.06624652,0.030169828,-0.022906374,0.0012628019,-0.07474857,-0.058036547
BSH4%UPI0001653940,-0.09447596,-0.07304638,0.07245729,0.061798543,0.06148952,-0.042781163,-0.061093796,-0.03186056,0.016314127,-0.049203075,0.093051575,-0.03551299,-0.0003554326,0.07216211,-0.0680272,0.016392369
BSH4%UPI0001FAB233,0.011796261,0.01909069,-0.052575745,-0.024851095,-0.005836295,0.062021516,0.060541254,0.0123139955,-0.054617904,0.0503911,0.020850737,0.076826766,0.021474719,-0.041097652,-0.085037686,-0.099128
BSH4%UPI00033DD6E6,-0.012125406,-0.021670563,0.0037535084,-0.023054495,-0.07020167,0.007988509,0.09001213,0.06307126,0.021539407,-0.0053073103,-0.0080850115,0.02114409,0.021485532,0.0042927703,-0.014788993,-0.049626447
BSH4%UPI000463D8BF,-0.002419911,0.003695074,0.009589754,0.002095553,0.020287514,-0.019363372,-0.023028392,0.020072244,0.020543566,-0.033565264,-0.016762668,0.037923645,0.04660738,-0.06784436,-0.00031524792,0.018193858
BSH4%UPI0006BEFACE,0.0012261404,-0.0016797989,-0.050820038,-0.060313854,-0.033339705,0.051265065,0.096028596,0.011723158,-0.043154273,0.04095568,-0.0069441483,0.14005291,0.013496871,-0.05366423,-0.04174654,-0.05199195
BSH4%UPI0006C4E127,0.059292126,0.07912577,-0.08622544,-0.087081805,-0.047844533,0.032609645,0.058391277,0.07370309,-0.07123646,0.06136154,-0.0537382,0.00021411631,0.08515206,-0.06260193,-0.030873748,0.0033262074
BSH4%UPI0008CBCA16,-0.060745902,-0.08301095,0.074196465,0.051863953,0.038873073,-0.025315845,-0.040153507,-0.020834547,0.0063900817,-0.053202584,0.051035374,-0.0016295935,-0.10358901,0.08391336,0.0123355035,0.051951095
BSH4%UPI000B374259,-0.01738009,0.0031494303,-0.05548613,-0.03839407,-0.051279142,0.008160354,0.025457032,0.059101958,-0.009899091,0.00616687,0.02374926,0.053562313,0.097376384,-0.0097221015,-0.08654898,-0.019997887
BSH4%UPI000D27EFA9,0.0698509,0.0800698,-0.08892373,-0.051319923,-0.0046962653,0.03963598,0.005741918,-0.035185914,-0.03998717,0.056544498,-0.0048560607,0.060588308,0.04628054,-0.04151835,-0.06527403,-0.05747897
BSH4%UPI000D7B199F,-0.0043415646,-0.0125051765,0.05400261,0.044836175,0.03604041,-0.052735295,-0.12545067,-0.07948957,0.027322777,-0.044517837,0.02681669,-0.027325332,0.0075037316,0.02624208,0.054742698,0.062361974
BSH4%UPI000E447F2E,0.041414455,0.019978555,-0.02117431,-0.044722784,-0.027876787,0.03897326,0.022615409,-0.06447721,-0.070009574,0.02764185,0.017736837,0.09535537,0.05276111,-0.014642074,-0.05794062,-0.035713013
BSH4%UPI000E54B9B5,-0.08415798,-0.06729737,-0.008618454,0.0042332364,0.021998815,-0.0053729657,0.0283822,-0.03787737,0.06666567,-0.0153902,0.009058152,0.07522976,0.0248113,0.017271474,-0.06843864,0.022494476
BaiA%QinJ_2012__T2D-016__bin_41_fa_BDDCEIPF_01842__3alpha-hydroxy_bile_acid-CoA-ester_3-dehydrogenase_2,0.049253058,0.04832142,-0.016337896,-0.038774047,-0.02990446,0.050350294,-0.031664155,0.006818993,-0.10678052,0.061310228,-0.074162066,0.02517496,0.06801157,-0.05160942,0.02943938,0.036551263
BaiA%bai_cluster_2%midas_uncultured_Eubacterium_73696%uncultured_Eubacterium_73696|FMDW01000013_861,0.0012781124,0.01945777,-0.03232585,-0.033812486,-0.0137040615,0.02461225,0.07517394,0.05555911,-0.018934991,0.030706447,-0.0022252214,0.033656124,0.025842324,-0.065887526,-0.0620005,-0.042722095
BaiA%bai_cluster_3%midas_Clostridium_hylemonae_61789%Clostridium_hylemonae_61789|NZ_GG657759_1098,-0.013290651,0.010435006,-0.040553514,-0.027407553,-0.025210753,0.03166148,0.022404687,-0.007546896,-0.03669477,0.035147406,-0.008818405,0.037649497,0.06780335,-0.010694481,-0.033421494,-0.0073882286
BaiB%CosteaPI_2017__SID713A038-11-90-0__bin_26_fa_FGHNBBEK_00429__Bile_acid-coenzyme_A_ligase,0.047115143,-0.0020973973,0.04328865,0.009166025,0.008300154,-0.023379844,-0.0701771,-0.026511058,0.040658735,-0.017205691,-0.010277692,-0.07033017,-0.075027555,0.03882574,0.091092914,0.037214816
BaiB%LiJ_2014__V1_FI04__bin_94_fa_MJMNNJHI_01032__Bile_acid-coenzyme_A_ligase,0.0021281547,0.020069895,-0.053251613,-0.011944605,-0.010668551,0.016806018,-0.018434923,0.052153908,-0.033147562,0.017397402,0.010697257,0.016851632,0.07148251,-0.037357513,-0.005395911,-0.031768963
BaiB%MDY5565236_1_bile_acid--CoA_ligase_BaiB__Candidatus_Limivicinus_sp__,0.0016809888,-0.006429445,0.031219678,0.03403384,0.04935386,0.0024595852,-0.039132174,-0.06488264,0.016163694,-0.0045014173,-0.022561556,-0.03277669,-0.03118276,-0.018588895,0.038821742,0.047270466
BaiB%SRR2992899_bin_23_LIJELFFN_00493__Bile_acid-coenzyme_A_ligase,-0.015769161,-0.017563885,-0.0037840593,-0.0058871186,-0.0014974335,-0.00363211,-0.022842815,-0.008510488,0.04273573,-0.007910754,0.004294445,-0.034946147,-0.011610186,0.035602976,0.033860687,0.02291856
BaiB%WP_286151641_1_bile_acid--CoA_ligase_BaiB__Sporofaciens_musculi_,-0.022875255,-0.018359018,-0.0004430963,-0.008013076,-0.03313876,-0.0033151356,0.024002235,0.03285364,0.050106674,-0.016505143,-0.025046116,0.03655009,-0.00066269026,0.011999396,-0.017951606,0.0062505757
BaiB%bai_cluster_10%midas_Lachnoclostridium_nov_76594%Lachnoclostridium_nov_76594|ERS138182_8080_1_84_3_3065,-0.012420082,0.004511716,-0.047199253,-0.036088124,-0.03216979,0.0371355,0.035960484,-0.034246363,-0.033697776,0.039006487,-0.01557164,0.065378904,0.068419665,0.02058166,-0.05406059,-0.01875241
BaiB%bai_cluster_2%midas_uncultured_Eubacterium_73696%uncultured_Eubacterium_73696|FMDW01000013_871,0.016388817,0.03252195,-0.028706558,-0.011633477,-0.034383822,0.03120917,0.022065379,0.019025374,-0.059385095,0.036127463,-0.029923558,0.054635335,-0.00846447,-0.021146502,-0.029450879,0.010656914
BaiCD%CosteaPI_2017__SID713A014-11-0-0__bin_55_fa_OLFEPFFO_00187__NADH_oxidase,-0.037160844,-0.038222156,0.017702159,0.01124042,0.028853351,-0.01836709,-0.051158376,-0.028024845,0.008974678,-0.029801486,0.019344235,0.017883835,0.022059226,0.035820276,-0.003272157,0.033491176
BaiCD%HIT29267_1_FAD-dependent_oxidoreductase__Candidatus_Scatomorpha_stercoravium_,0.04803101,0.04334165,-0.0019448894,-0.010101651,-0.009328702,0.037216455,-0.014586546,0.0022049746,-0.034743927,0.03673392,-0.037803616,-0.012293964,-0.022382718,-0.03963235,0.017488103,0.0052628457
BaiCD%MCI8583944_1_FAD-dependent_oxidoreductase__Dorea_sp__,-0.059316464,-0.08031133,0.052665994,0.036607035,0.019030103,-0.026478622,0.03019246,-0.037380837,0.10408238,-0.057041094,0.004795472,-0.032414936,-0.07524703,0.08725276,0.006053988,0.027212985
BaiCD%MEI3381486_1_FAD-dependent_oxidoreductase__Dorea_sp__,0.049006492,0.07545191,-0.046305638,-0.06948837,-0.07569441,0.05599645,0.06086665,0.0991188,-0.024623055,0.07933413,-0.07139139,-0.010400021,0.04207077,-0.080341645,-0.052501336,-0.020658987
BaiCD%RaymondF_2016__P21E7__bin_22_fa_DDJCLBHB_00368__NADH_oxidase,0.064050935,0.03560517,-0.005835327,-0.03333055,-0.045537934,0.04712525,0.007832828,-0.018778263,-0.08080322,0.044388413,-0.049382444,0.062117934,-0.025537992,-0.015632369,0.07876295,-0.02432909
BaiCD%SRR5580120_bin_52_JEIALLOE_00740__Metal_reductase,-0.01324614,0.005487423,0.016648281,-0.013352284,-0.020187516,-0.014652142,-0.03606457,-0.020162359,-0.0027969128,-0.0069542164,0.0076518757,-0.009638338,-0.0030950876,0.021796823,0.016844261,0.065830015
BaiCD%XieH_2016__YSZC12003_35390__bin_5_fa_PIKIEFGP_00577__NADH_oxidase,-0.04968525,-0.086043395,0.08030959,0.08305811,0.056495544,-0.06961821,-0.081321605,-0.049436193,0.16246961,-0.076239064,-0.047877803,-0.076698326,-0.06404372,0.07405812,0.09074927,0.09039273
BaiCD%bai_cluster_1%midas_Clostridium_hiranonis_61655%Clostridium_hiranonis_61655|NZ_DS995354_290,0.0040794425,0.012049434,-0.020524006,-0.037355095,-0.025785066,0.034885794,0.053669456,0.027297134,-0.023272712,0.041518513,-0.03165406,0.028451657,0.011012709,-0.040377993,-0.017802093,-0.0066736555
BaiCD%bai_cluster_10%midas_Lachnoclostridium_nov_76594%Lachnoclostridium_nov_76594|ERS138182_8080_1_84_3_3076,0.00029363498,0.017697562,-0.05963348,-0.04278503,-0.03938255,0.027139936,0.03201307,0.0112908725,-0.01632691,0.04222403,-0.009014425,0.065447815,0.049899627,0.008522347,-0.067562915,-0.032439068
BaiCD%bai_cluster_11%midas_Romboutsia_sp_25236%Romboutsia_sp_25236|FJTZ01000011_2937,-0.12731932,-0.09377761,0.050872732,0.09851124,0.09672468,-0.08450551,-0.036838964,-0.057737533,0.013775226,-0.071044385,0.09759909,0.042671576,0.073674396,0.028386598,-0.0075684916,-0.046762433
BaiE%FengQ_2015__SID531416__bin_49_fa_CEDOFBAM_00064__Bile_acid_7-alpha_dehydratase,0.030500114,0.025770236,-0.055518612,-0.016784625,-0.026826415,0.009645238,0.06009179,0.009955417,-0.018311333,0.01607721,-0.00096385344,0.03254988,-0.0072545754,0.022064788,-0.056274485,-0.038154878
BaiE%LiJ_2017__H3M515915__bin_8_fa_COLEEGFP_01274__Bile_acid_7-alpha_dehydratase,-0.0082040075,-0.0044438555,0.011348124,0.0073109483,0.015632119,-0.00051273033,-0.038520273,-0.0052796584,0.022816166,-0.0017583792,0.0005944186,-0.03462271,-0.018758705,0.013850837,0.06356709,-0.010935061
BaiE%MCI8938768_1_nuclear_transport_factor_2_family_protein__Dorea_sp__,0.025740234,0.010435479,-0.027411485,0.002316806,-0.01491344,0.010294783,0.0024607424,0.012949887,0.004962625,0.005137427,-0.015278183,0.013110779,-0.05499838,0.031229267,0.023514448,-0.01717673
BaiE%bai_cluster_10%midas_Lachnoclostridium_nov_76594%Lachnoclostridium_nov_76594|ERS138182_8080_1_84_3_3079,0.009235382,0.023154091,-0.026779428,-0.030174505,-0.025964465,0.020840243,0.02504986,0.029416705,-0.030658389,0.030857349,-0.043987833,-0.0024185767,0.04447551,-0.007896604,-0.010943948,0.0052277655
BaiE%bai_cluster_2%midas_uncultured_Eubacterium_73696%uncultured_Eubacterium_73696|FMDW01000013_166,-0.011166123,0.011116702,-0.04366098,-0.04487375,-0.036938116,-0.005749057,0.0292688,0.004078961,-0.029420309,-0.0053898506,0.008344606,0.12010537,0.10934479,0.008508992,-0.07339739,-0.047332387
BaiE%fig|1950888_3_peg_203|__Bile_acid_7-alpha_dehydratase_(EC_4_2_1_106)_(BA7_alpha_dehydratase)_(Bile_acid-inducible_operon_protein_E)____Clostridiales_bacterium_UBA4701_|_1950888_3_,0.034497164,0.050040428,-0.08582109,-0.045496527,-0.050239805,0.010432949,0.030089097,0.032577146,-0.016270502,0.030632995,0.002696446,0.036442053,0.04574108,-0.0115158735,0.00089183217,-0.053462453
BaiF%ERR688512_bin_36_KMFCMBJN_00514__Bile_acid-CoA_transferase,0.0048605525,0.0077725225,-0.065756604,-0.04484477,-0.03937984,0.032308463,0.083152406,0.05574948,0.013748314,0.037619412,-0.015466689,0.020569436,0.065039665,-0.026639476,-0.097533226,-0.0410599
BaiF%LiJ_2014__MH0358__bin_56_fa_NPCPOAJM_00305__Bile_acid-CoA_transferase,0.07917821,0.09493085,-0.08212,-0.07064869,-0.04747173,0.064654775,0.04389909,0.06649912,-0.06400065,0.08282565,-0.07689208,0.01299101,0.030746253,-0.06087623,-0.02191775,-0.039096408
BaiF%Obregon-TitoAJ_2015__NO11__bin_28_fa_ODBMCAMJ_01956__Bile_acid-CoA_transferase,-0.019044,-0.004486288,0.032509945,-0.0013802386,0.013842863,0.036904067,0.0018191795,0.005419967,-0.029673256,0.015753873,-0.045690555,0.013405044,-0.021666907,-0.00497047,0.008210879,0.0032925562
BaiF%SRR4783510_bin_28_GHBMCCFK_00008__L-carnitine_CoA-transferase,0.040454675,0.057017002,-0.082362674,-0.054709796,-0.07050541,0.027283711,0.06584097,0.085650705,-0.005270104,0.039479125,0.0075174887,-0.004182299,0.024837645,-0.023023127,0.015456595,-0.10317329
BaiF%SRR5127813_bin_22_DKEDJIEF_00985__Bile_acid-CoA_transferase,-0.059349883,-0.05229315,0.033199377,0.034926537,0.08066977,-0.0293225,-0.074031785,-0.04310405,0.027689412,-0.041216187,0.034639362,-0.046931524,-0.017997896,0.050998315,0.023612421,0.054766037
BaiF%VogtmannE_2016__MMRS44587603ST-27-0-0__bin_19_fa_ANDGAOCL_00015__Bile_acid-CoA_transferase,0.015952447,0.0020108565,0.024294041,0.0023148083,-0.021682963,-0.0050584082,-0.024874298,-0.0020942714,-0.06210194,-0.0077785444,0.007791591,0.034817703,-0.0038543337,0.0011779692,0.0608005,0.001014174
BaiF%bai_cluster_17%midas_Proteocatella_sphenisci_59007%Proteocatella_sphenisci_59007|AUID01000012_911,-0.033463594,-0.039743334,0.063276805,0.043492015,0.02151119,-0.01817296,-0.08917731,-0.0058800145,0.027953409,-0.011702075,-0.041649953,-0.09292634,-0.084037,0.058260255,0.10766235,0.11949492
BaiF%bai_cluster_2%midas_uncultured_Eubacterium_73696%uncultured_Eubacterium_73696|FMDW01000013_892,0.06321513,0.09544666,-0.10692369,-0.06852505,-0.065595895,0.040605597,0.061687857,0.09166759,-0.072904095,0.066253506,-0.018503716,0.05674311,0.05550064,-0.058064114,-0.04178579,-0.09405427
BaiF%bai_cluster_3%midas_Clostridium_hylemonae_61789%Dorea_sp_89094|KQ236743_10986,0.077068806,0.04757614,-0.03352657,-0.03739113,-0.027224982,0.07377756,0.045767363,0.0037675162,-0.0639109,0.07192817,-0.0800821,0.03120259,-0.027339151,-0.06358093,-0.029818745,0.021273034
BaiF%bai_cluster_3%midas_Clostridium_hylemonae_61789%Dorea_sp_89094|KQ236743_13110,-0.0048907306,0.03206832,-0.08493083,-0.03375872,-0.036068574,-0.00026118412,0.03390213,0.025018634,0.0020457115,0.010230804,0.014421794,0.048753478,0.09434204,0.027223367,-0.14124863,-0.028910363
BaiF%fig|1950825_3_peg_1464|__L-carnitine_dehydratase_(EC_4_2_1_89)____Clostridiales_bacterium_UBA1701_|_1950825_3_,0.03997541,0.04002672,-0.065024376,-0.051521577,-0.05295362,0.039907545,0.04155231,0.030194081,-0.051124755,0.0437766,-0.011565905,0.057433855,0.047161393,-0.042166,0.0568448,-0.08194937
BaiG%LeChatelierE_2013__MH0251__bin_10_fa_BOBEKBFD_00006__Multidrug_resistance_protein_3,-0.017850313,-0.008286231,-0.011560239,0.0100547,0.010661192,-0.011795419,-0.028517894,-0.024353363,-0.03718789,-0.013541123,0.037947126,0.05467898,0.036868993,0.017076386,0.019438805,-0.03619132
BaiG%MBR4017991_1_MFS_transporter__Clostridia_bacterium_,-0.06706781,-0.026822113,0.04178623,0.06688933,0.057250783,0.010777285,-0.0034900657,-0.040133953,0.056232702,-0.02457284,0.039804723,-0.034102675,-0.035876177,0.0015093355,-0.096562564,-0.009855887
BaiG%MDY4488523_1_MFS_transporter__Candidatus_Limivicinus_sp__,0.059992958,0.06143384,-0.115588225,-0.054808825,-0.06654553,0.032442745,0.057148002,0.059469722,0.021067834,0.042956233,-0.0035080367,0.027888266,-0.04329639,0.015108793,0.032641754,-0.104813226
BaiG%bai_cluster_10%midas_Lachnoclostridium_nov_76594%Lachnoclostridium_nov_76594|ERS138182_8080_1_84_3_3097,-0.0043596197,0.018081116,-0.080337346,-0.051612314,-0.04962955,0.023302589,0.060662802,0.050000224,-0.011400241,0.036557622,-0.006516227,0.046625722,0.088052824,-0.0055640233,-0.095093116,-0.030188465
BaiH%ERR1018252_bin_5_JFGOJLKC_00141__NADH_oxidase,-0.052827045,-0.058852214,0.04747577,0.024212832,0.015295305,-0.04098495,0.0016190207,-0.014647351,0.04855738,-0.054155286,0.020154929,0.004219954,-0.014526703,0.04928475,-0.0511007,0.058719993
BaiH%MEE0204071_1_FAD-dependent_oxidoreductase__Oscillospiraceae_bacterium_,-0.0016672096,0.024125151,-0.0150889745,0.05277489,0.027753547,-0.085071936,0.016423661,0.07510708,0.09643742,-0.038991988,0.03202256,-0.032301378,-0.061667252,-0.050045818,0.07079282,-0.08053213
BaiH%MFR3389927_1_7-beta-dihydroxy-3-oxo-5-beta-cholanoyl-CoA_4-oxidoreductase_BaiH___Clostridium__scindens_,-0.008897733,-0.0047822325,-0.060011353,-0.05310275,-0.04251383,0.025013192,0.049605653,-0.007474932,-0.031325165,0.021143103,-0.012565001,0.077850446,0.08038102,0.0028076016,-0.022990609,-0.00041601076
BaiH%Obregon-TitoAJ_2015__NO11__bin_28_fa_ODBMCAMJ_01962__NADH_oxidase,0.077072404,0.09815443,-0.12778455,-0.09677133,-0.086466506,0.083225325,0.1168308,0.08436216,-0.025207775,0.10110696,-0.04615884,0.022430763,-0.0068038767,-0.06410076,-0.05070825,-0.07288299
BaiH%SRR5558156_bin_44_CPDFCOML_01071__NADH_oxidase,0.0039765663,0.030800981,-0.075309046,-0.06800928,-0.038265243,0.010586478,0.061991856,0.08419571,-0.024863463,0.02279594,-0.010363897,0.04336041,0.08133146,-0.045782164,-0.041477352,-0.023796558
BaiH%bai_cluster_1%midas_Clostridium_hiranonis_61655%Clostridium_hiranonis_61655|NZ_DS995354_308,-0.014376297,-2.828423e-05,-0.027072402,-0.03921607,-0.018982291,0.024111371,0.06522256,0.03384005,-0.00095188705,0.025303148,-0.050871115,0.018710477,0.00010402566,-0.019680226,-0.021051902,0.03722404
BaiH%bai_cluster_11%midas_Romboutsia_sp_25236%Romboutsia_sp_25236|FJTZ01000011_310,-0.075370796,-0.04280937,0.023554264,0.04487715,0.05671963,-0.0874081,-0.05203944,0.039104965,-0.050149206,-0.059271097,0.096842594,-0.014579969,0.114503235,0.022158906,-0.02156379,-0.01760315
BaiH%bai_cluster_17%midas_Proteocatella_sphenisci_59007%Proteocatella_sphenisci_59007|AUID01000012_928,0.054387048,0.051021606,-0.10450785,-0.052975465,0.0045128386,0.009683809,-0.0014459589,0.1369132,-0.04855869,0.034321718,0.025438096,0.020089038,0.09178498,-0.086898215,-0.058988933,-0.07750948
BaiH%bai_cluster_2%midas_uncultured_Eubacterium_73696%uncultured_Eubacterium_73696|FMDW01000013_836,0.04543428,0.0648409,-0.04612162,-0.06817243,-0.04158108,0.048909865,0.062130854,0.05996738,-0.06745254,0.06836689,-0.043447066,0.06850113,0.009602155,-0.0988729,-0.031203577,-0.020775342
BaiH%bai_cluster_3%midas_Clostridium_hylemonae_61789%Clostridium_hylemonae_61789|NZ_GG657759_22762,-0.004487334,0.005075072,-0.04886362,-0.059545044,-0.036057517,0.025601245,0.023917038,-0.022240417,-0.04583434,0.031201014,-0.009640919,0.11331224,0.07088783,0.008475099,-0.044137053,-0.011357788
BaiI%LiJ_2014__V1_FI04__bin_94_fa_MJMNNJHI_00331__hypothetical_protein,-0.049000695,-0.04141957,0.019527145,0.024376359,0.033170372,-0.02403386,-0.034746863,-0.0032634956,0.034212746,-0.03033533,0.033079874,-0.01120981,-0.014423369,0.028680308,0.032496374,0.0022939518
BaiI%QinJ_2012__CON-070__bin_41_fa_AAAKDJOM_00400__hypothetical_protein,0.051629115,0.066236325,-0.07740543,-0.041263286,-0.045337643,0.027153755,0.03733215,0.05843543,-0.023212112,0.04198049,0.0037921625,-0.010045444,0.041959763,-0.033091243,-0.0064080358,-0.087191716
BaiI%WP_279004450_1_nuclear_transport_factor_2_family_protein__partial___Clostridium__scindens_,-0.039139938,-0.04682296,0.028144533,0.011280346,0.000574906,0.008605521,0.0012463816,-0.07181849,-0.027491968,-0.0023788656,0.004201284,0.029196015,0.01804208,0.046017073,0.009740501,0.029236723
BaiI%bai_cluster_2%midas_uncultured_Eubacterium_73696%uncultured_Eubacterium_73696|FMDW01000003_2059,-0.0026720155,0.0076325764,-0.009691031,-0.027304454,-0.032920614,0.033690985,0.06955549,0.035398234,-0.022441842,0.0320656,-0.07295054,0.008609212,0.05994144,-0.045200076,-0.054359704,0.033119414
