Family,3oxoDCA,3oxoLCA,7oxoDCA,CA,CDCA,DCA,GDCA,GUDCA,LCA,TCDCA,TDCA,TUDCA,UDCA
12aHSDH%GENOME051950_684,0.016349927,-0.029366339,-0.12744567,-0.087869205,-0.03213842,0.022632878,0.06735447,0.010993984,0.030999053,0.0028203682,0.04977836,0.012454623,-0.06826414
12aHSDH%GENOME055489_1547,-0.029607842,-0.023299847,0.007802889,0.026886074,0.031019801,-0.022836393,-0.014814842,0.019089544,-0.023880033,0.021236846,-0.038437348,0.0030693496,0.008861898
12aHSDH%GENOME077010_272,0.05047028,0.02033076,-0.0025216322,-0.0381585,-0.061536476,0.059823852,-0.0031419971,-0.016765421,0.07553554,-0.086050205,0.021692954,0.036580745,0.029288488
12aHSDH%GENOME126416_2228,0.00021512661,-0.007837345,0.055843543,0.028548455,-0.008474528,-0.0040586605,0.014283458,0.009820864,-0.016143423,-0.045532197,0.025465062,-0.027396895,0.01845142
12aHSDH%GENOME187328_883,-0.029898124,-0.019956872,0.060672183,0.038245924,-0.011186288,-0.032788094,-0.03150445,0.049030527,0.008105396,-0.0708705,-0.04305875,0.098020725,0.033610485
12aHSDH%GENOME211747_1057,-0.0306722,0.024645252,0.053009693,0.0069857584,-0.012463762,-0.0327224,-0.033397514,0.0017278099,0.014152527,0.02749908,-0.036202412,-0.009743208,-0.0324393
12aHSDH%GENOME225739_454,-0.079151966,0.00026150566,0.045656856,0.054733705,0.08597829,-0.07445101,-0.06576682,0.019239333,-0.07721825,0.10429248,-0.006591423,-0.001770305,-0.012983576
12aHSDH%MBR2336230_1_SDR_family_oxidoreductase__Clostridia_bacterium_,-0.06380467,0.07502708,0.025523389,0.042912465,0.033479895,-0.039970513,-0.009749654,0.054865018,-0.018686617,0.081050225,-0.032713607,-0.09295802,-0.039423622
12aHSDH%MFR3091303_1_SDR_family_NAD(P)-dependent_oxidoreductase__Eggerthella_lenta_,0.008548133,0.02245099,0.005901357,-0.013433006,0.014635953,-0.0051982347,-0.0064113988,0.010705093,-0.054984763,0.02094514,0.07759209,0.0052896426,-0.0012473009
12aHSDH%NCB62655_1_SDR_family_oxidoreductase__Clostridia_bacterium_,-0.019295152,-0.07976675,-0.0011610754,0.04688721,0.03977021,-0.040334884,-0.01621563,0.032909945,-0.07281847,0.04790658,-0.0036514888,0.016040405,0.026760614
12aHSDH%WP_055231566_1_SDR_family_NAD(P)-dependent_oxidoreductase__Anaerostipes_hadrus_,0.031300735,0.012816284,-0.082159415,-0.034761693,-0.006660115,0.018740296,0.04393826,-0.0017242259,0.0050139064,0.0803115,0.004402006,0.04383872,-0.04046334
12aHSDH%WP_161844252_1_SDR_family_NAD(P)-dependent_oxidoreductase__Pseudoflavonifractor_sp__524-17_,0.0468346,0.05614492,-0.05175374,-0.036563087,-0.04844748,0.04783938,0.018757597,-0.030945607,0.114948176,-0.0027726104,0.0037642324,-0.05694307,0.020167341
12aHSDH%WP_278514144_1_SDR_family_NAD(P)-dependent_oxidoreductase__Methanobrevibacter_smithii_,0.02303411,0.05008428,0.009615948,-0.030615186,-0.019509124,0.014682467,-0.008667628,-0.059548616,0.03515494,0.017468873,-0.034139182,0.03471296,-0.06698969
12aHSDH%WP_418471294_1_SDR_family_NAD(P)-dependent_oxidoreductase__Eggerthella_sp__,-0.03878919,-0.050971393,0.040053383,0.05466659,0.045881294,-0.05541444,-0.02464573,0.008904431,-0.06660634,0.02271804,-0.0070820153,0.06715831,0.022216514
12bHSDH%GENOME225741_180,-0.025886856,0.08780925,0.022676785,0.004973149,0.014963726,-0.024785519,-0.02773387,0.02394397,-0.012885523,0.024728823,-0.031894967,0.00043102258,0.07880424
3aHSDH%3aHSDH%MBO5160353_1_3-oxoacyl-ACP_reductase_FabG__Lachnospiraceae_bacterium_,0.014700805,0.02056236,-0.016415507,-0.01044209,-0.028347766,0.010545199,0.077780984,-0.0068542836,0.03270376,-0.059714586,-0.022737868,0.02620062,-0.037246693
3aHSDH%3aHSDH%MBR6526164_1_3-oxoacyl-ACP_reductase_FabG__Clostridia_bacterium_,-0.055106584,-0.045411225,0.051685303,0.043180767,0.08216191,-0.068072505,-0.06161255,0.0048179952,-0.002299747,0.024277983,-0.003206153,0.020347849,0.022652632
3aHSDH%3aHSDH%MCI8514525_1_3-oxoacyl-ACP_reductase_FabG__Lachnospiraceae_bacterium_,-0.056099106,-0.026536593,0.05671098,0.039459273,0.05892474,-0.042125724,-0.023268042,0.051792473,-0.041498393,0.046692252,0.0024691047,-0.034733858,0.036077138
3aHSDH%3aHSDH%MCM1345206_1_3-oxoacyl-ACP_reductase_FabG__Muribaculaceae_bacterium_,-0.07237628,-0.019079585,0.06718831,0.09119902,0.11265007,-0.087428786,-0.038076907,0.04618875,-0.09498724,0.068904184,-0.08385882,-0.009926548,0.017945226
3aHSDH%3aHSDH%WP_062304377_1_SDR_family_NAD(P)-dependent_oxidoreductase__Sellimonas_intestinalis_,-0.04068174,-0.02067836,0.030045042,0.06859035,0.029163318,-0.03983531,-0.04191811,0.040048853,0.051422574,0.0327192,-0.027994199,-0.06124617,0.028023643
3aHSDH%CAG5237306_1_short_chain_dehydrogenase__Streptococcus_pneumoniae_,0.0042780023,-0.03911162,0.012063649,-0.03254898,0.0008437431,0.0035997317,0.0005289662,-0.003445895,-0.025357317,0.042239737,0.024692826,0.0753986,-0.062133778
3aHSDH%GENOME060426_131,0.027454033,0.06923993,-0.056186043,-0.05254253,-0.007875213,0.019553702,-0.03709085,0.002939415,0.021254657,0.03649734,-0.016548283,-0.02075506,-0.0073337103
3aHSDH%HJA37032_1_SDR_family_oxidoreductase__Bacillota_bacterium_,0.0035750635,-0.03460514,-0.046743628,-0.019343667,-0.033730615,0.013074026,0.02414438,-0.01806006,0.010281138,-0.023992972,0.01664479,0.06888084,0.018529126
3aHSDH%MCI6899085_1_SDR_family_oxidoreductase__Mycoplasmatota_bacterium_,-0.038100544,-0.032662876,-0.0027048672,-0.013335135,0.007499658,-0.03879991,-0.018629136,0.020948263,-0.1111608,0.005477322,0.057539817,0.09026846,0.011139256
3aHSDH%MCI8568452_1_3-oxoacyl-ACP_reductase_FabG__Bacilli_bacterium_,-0.0053211576,-0.0018763384,-0.0010745138,0.00669266,0.041495595,-0.01246991,-0.05038503,0.041484345,-0.024168348,0.016433714,0.023694925,0.0034817988,-0.00077352906
3aHSDH%MCI8931631_1_SDR_family_oxidoreductase__Lachnospiraceae_bacterium_,0.051907927,0.029377786,-0.032760154,-0.009090037,-0.04354974,0.017082207,0.00683422,0.062300764,0.027494982,-0.022557726,-0.0064783925,-0.06750301,0.007481423
3aHSDH%MCM1266841_1_3-oxoacyl-ACP_reductase_FabG__Bacteroidales_bacterium_,-0.034693968,-0.05581626,0.041245308,0.060707718,0.025648277,-0.045080204,0.014369475,0.044031337,-0.035527695,0.010591558,-0.07139242,0.013030106,0.01519271
3aHSDH%MDE7008868_1_3-oxoacyl-ACP_reductase_FabG__Lachnospiraceae_bacterium_,-0.009182256,0.043073665,-0.017524363,-0.03792127,0.019563802,-0.0032810783,-0.03655397,-0.04581422,0.012712493,0.0062949182,-0.008898746,0.02667398,-0.03251477
3aHSDH%MDE7415347_1_SDR_family_oxidoreductase__Lachnospiraceae_bacterium_,0.055061787,-0.00990717,-0.035990506,-0.05795874,-0.053321857,0.07751105,0.056713365,-0.086383194,0.028398223,-0.027048163,0.05996066,0.018521957,-0.074409135
3aHSDH%WP_008977467_1_SDR_family_NAD(P)-dependent_oxidoreductase__Faecalimonas_umbilicata_,-0.0112335775,-0.043557987,-0.0033516902,0.0011320773,0.027671823,-0.004293013,0.010447231,-0.0289006,-0.008527633,-0.027992034,0.07167682,0.04398584,-0.046365313
3aHSDH%WP_020436139_1_MULTISPECIES__SDR_family_NAD(P)-dependent_oxidoreductase__Mediterraneibacter_,0.035546035,-0.0059179976,-0.030580234,-0.0013160584,-0.040149488,0.02363608,-0.0325048,0.06169885,0.00058612466,-0.050129175,0.053180236,-0.0030344275,0.028218687
3aHSDH%WP_021919520_1_SDR_family_oxidoreductase__Evtepia_gabavorous_,-0.007515876,-0.022996614,0.016711844,0.005217397,0.010334146,-0.016800024,0.017460339,0.033430412,0.0018949471,0.00837355,-0.01825438,-0.072085604,0.02335363
3aHSDH%WP_044950032_1_SDR_family_NAD(P)-dependent_oxidoreductase__Mediterraneibacter_gnavus_,-0.059355106,-0.0033776949,0.018044902,0.00943336,-0.01133364,-0.0588483,-0.002922642,0.01983287,-0.07575199,0.04488662,0.027056439,0.00080722227,0.018514968
3aHSDH%WP_087213392_1_MULTISPECIES__SDR_family_NAD(P)-dependent_oxidoreductase__Sellimonas_,-0.03404315,-0.02435059,0.030758293,0.02855351,0.030744372,-0.038436793,-0.024289861,0.049594145,-0.006187635,0.028435076,-0.013428008,0.009247597,0.018543808
3aHSDH%WP_104968339_1_3-oxoacyl-ACP_reductase__Streptococcus_pluranimalium_,0.022611381,-0.13093373,-0.042592376,-0.009524063,0.0010901104,0.02307428,0.018588789,-0.0088777775,0.012506207,-0.022609437,0.06059389,0.09393989,-0.034155797
3aHSDH%WP_109137584_1_SDR_family_oxidoreductase__Bifidobacterium_catulorum_,0.023289334,0.037765842,-0.03508614,-0.04255246,-0.043171544,0.022009388,0.08973724,-0.030441461,0.035574954,0.017274123,-0.037488267,-0.09957277,0.00015686391
3aHSDH%WP_231385278_1_SDR_family_NAD(P)-dependent_oxidoreductase__Candidatus_Stoquefichus_massiliensis_,-0.025972145,-0.054479875,0.011289892,0.023912353,0.0635608,-0.039595727,-0.05272206,-0.0050341375,-0.051659852,0.009030334,0.0375302,0.06482016,-0.022282908
3aHSDH%WP_289544896_1_SDR_family_NAD(P)-dependent_oxidoreductase__Enorma_phocaeensis_,-0.0081369355,0.05846007,0.032174744,0.024942057,-0.0011690711,-0.019684084,-0.039738882,-0.024643615,0.017174542,-0.05044489,0.055099916,-0.002380279,-0.00025664852
3aHSDH%WP_316269050_1_SDR_family_NAD(P)-dependent_oxidoreductase__Claveliimonas_bilis_,0.036372915,-0.0030660196,-0.016879717,-0.030183041,-0.036845766,0.049343046,0.08056459,-0.005259186,-0.0012312027,-0.06128655,0.03444037,-0.015086218,-0.036315616
3aHSDH%WP_427737837_1_SDR_family_NAD(P)-dependent_oxidoreductase__Bariatricus_sp__SGI_154_,-0.073874705,0.02682623,0.020651363,0.03519582,0.03302965,-0.090146475,-0.056087226,0.068878494,-0.07001812,0.038396005,0.025245802,0.0024960318,0.06250177
3bHSDH%GENOME124823_1686,-0.04486249,-0.057137154,0.056110933,0.07328935,0.030365119,-0.0648602,-0.017140228,0.09210267,-0.02314739,0.025293946,-0.03490548,-0.023121543,0.034639284
3bHSDH%MEY8522072_1_aldo_keto_reductase__Lachnospiraceae_bacterium_38-10_,-0.0011932116,-0.0541185,0.073194236,0.09308789,0.01170516,-0.0065799444,-0.0060503497,0.0038576985,0.02122867,-0.026035214,-0.050637145,-0.10102956,0.064800456
3bHSDH%WP_100933575_1_SDR_family_NAD(P)-dependent_oxidoreductase___Clostridium__innocuum_,-0.05680639,-0.029279856,0.036446165,0.0307812,0.016512029,-0.062241472,0.0016818636,0.05502845,-0.037429947,-0.0017889285,-0.037832037,0.0065853195,0.036180276
5AR%GENOME006039_2690,0.0005202634,-0.024705827,-0.03261085,-0.036196176,0.00969232,0.0019041998,-0.016688047,-0.02473215,-0.0022217021,0.0039959108,0.053170286,0.062193006,-0.024800723
5AR%GENOME012336_2253,0.0763735,0.01770433,-0.07019004,-0.08334716,-0.04706637,0.052143544,0.10876545,-0.050215892,0.04488594,-0.058401965,-0.007354679,0.01564434,-0.011032743
5AR%GENOME078645_81,0.038790643,-0.06501768,-0.03492047,-0.006907774,-0.023398833,0.020342557,0.047297664,-0.041865896,0.032972164,0.03278978,-0.019366955,0.014146112,-0.07407261
5AR%GENOME084343_2181,0.05263966,0.051084038,0.024481833,-0.013579624,-0.026675994,0.029780943,0.056188107,-0.001550649,0.04174636,-0.054523263,-0.051685452,-0.08425216,0.0400855
5AR%GENOME086572_2986,0.026825462,-0.02952294,-0.027601497,0.008010165,-0.0010799719,0.008691295,0.001868419,-0.011049189,-0.021982381,-0.03730113,-0.044676233,0.011826393,0.033089064
5AR%GENOME107567_81,-0.08352961,-0.009800109,0.055930033,0.039424635,0.06355835,-0.07249456,-0.08314105,0.06224035,-0.07567594,0.015740478,-0.022158666,0.041469797,0.044439718
5AR%GENOME142018_414,0.04760059,0.06335083,-0.0063962867,-0.020661438,-0.02972642,0.04793572,0.032421697,-0.027923765,0.03459593,-0.048921634,0.055708442,-0.031036621,-0.043941207
5AR%GENOME179594_130,-0.018456709,-0.0038920066,0.011157969,0.05342213,-0.0077753942,-0.010012942,-0.014059796,0.021272633,0.028288893,0.01199147,-0.08526128,0.04525167,-0.012542528
5AR%GENOME179896_434,0.03604865,-0.018830903,-0.0065082484,-0.044557676,-0.0067370282,0.042429663,-0.0047537996,-0.044689115,0.0054208296,-0.01573677,0.08676637,-0.06694518,-0.017267084
5AR%HIU55603_1_DUF1295_domain-containing_protein__Candidatus_Gallibacteroides_avistercoris_,-0.05270841,0.026453802,0.045303825,0.03233607,0.037669487,-0.049648814,-0.027259808,0.03291527,-0.028768301,0.0004027839,-0.047657564,-0.08259136,0.14225253
5AR%MBD5276024_1_DUF1295_domain-containing_protein__Bacteroides_sp__,0.041986022,0.021794217,0.0010692016,0.042085353,0.0027812822,0.017147481,-0.018002212,0.03428259,0.04161774,-0.0522793,-0.061342303,-0.061173815,-0.006102536
5AR%MBO5195293_1_DUF1295_domain-containing_protein__Bacteroidales_bacterium_,0.012773945,-0.048965767,0.012658567,0.0053722034,-0.023473494,0.009350629,0.05113534,0.06208641,0.011421426,0.029552529,-0.06961178,-0.04994008,-0.08639565
5AR%MBP3601379_1_DUF1295_domain-containing_protein__Alistipes_sp__,0.0698936,0.10736118,-0.053345088,-0.057920385,-0.03690235,0.06856346,0.009294514,-0.07897618,0.013200412,-0.06872036,0.033859164,0.017043551,-0.028769828
5AR%MBR4740186_1_DUF1295_domain-containing_protein__Bacteroidales_bacterium_,-0.056968916,-0.061234593,0.021503638,0.071343824,0.04597418,-0.047940463,-0.011136293,-0.017850943,-0.04364772,0.04181757,0.0070213065,0.032162014,0.004135021
5AR%MCD7962281_1_DUF1295_domain-containing_protein__Rikenellaceae_bacterium_,-0.0035677608,0.027117323,-0.018185645,-0.032111283,-0.044026244,0.00433236,0.009988129,-0.011973259,-0.0026126804,-0.04384726,0.06502585,0.048311047,-0.037756924
5AR%MCQ2341803_1_DUF1295_domain-containing_protein__Paludibacteraceae_bacterium_,-0.00033620145,0.05232543,0.029256422,-0.00808258,-0.02204669,-0.006325157,-0.083232105,0.03494701,-0.024167944,0.041747294,0.022120526,-0.012428414,0.03757862
5AR%MCR5660240_1_DUF1295_domain-containing_protein__Bacteroidales_bacterium_,0.0042126914,0.060812358,-0.0047487714,-0.0045979177,-0.015400466,0.0028585389,0.04305289,0.01589236,-0.015419644,-0.026481824,-0.013043611,-0.023219151,0.02093457
5AR%WP_035471352_1_MULTISPECIES__DUF1295_domain-containing_protein__Rikenellaceae_,0.005972447,0.04058489,-0.014860335,-0.02523772,-0.014311421,0.0053366823,-0.0010173328,0.026069738,-0.013366245,0.02463471,0.00080816983,0.0009299977,-0.017355284
5AR%WP_282194747_1_DUF1295_domain-containing_protein__Alistipes_ihumii_,0.009474383,-0.056856357,-0.03786325,-0.0196373,-0.0013301506,0.005217737,0.059557024,-0.10025112,-0.0049393275,-0.007991668,0.06996616,0.013791924,0.016419873
5AR%WP_300108487_1_DUF1295_domain-containing_protein__uncultured_Alistipes_sp__,0.040069148,0.01829262,-0.028365074,-0.019322868,-0.027711645,0.03367959,0.056429453,-0.013778542,0.04927683,0.01872378,-0.0055690636,-0.07926243,-0.01849217
5AR%WP_302729833_1_DUF1295_domain-containing_protein__Bacteroides_sp__ET489_,0.002192779,-0.05232804,-0.012092691,-0.02064052,0.0013672683,-0.0014696041,-0.007625454,0.033168048,-0.02673292,0.025235577,0.009369059,0.026590714,0.014940384
5AR%WP_346709278_1_DUF1295_domain-containing_protein__Phocaeicola_salanitronis_,-0.018286882,-0.06161436,0.028775949,0.034693383,0.062399734,-0.014022786,-0.036441054,0.0321224,-0.040407583,-0.009513408,0.01702417,0.03847897,-0.031555403
5BR%CAK7070565_1_MAG__NADPH_dehydrogenase__Parabacteroides_sp__,0.039327256,0.03813012,-0.027366541,-0.04411087,-0.005123669,0.03733475,-0.01377668,-0.032236356,0.061430305,0.046937775,-0.055431202,-0.017682645,-0.072275154
5BR%GENOME006024_4796,-0.07174857,-0.07313781,0.062038813,0.055699967,0.036193162,-0.050496686,-0.093738586,-0.0074097123,0.014473744,0.057348657,-0.04172623,-0.017771155,0.08652851
5BR%HIX74022_1_NADH_flavin_oxidoreductase__Candidatus_Parabacteroides_intestinipullorum_,-0.0237171,-0.06730801,0.033579066,0.038140092,0.04966925,-0.027367532,-0.04732699,0.0052550975,-0.046408664,0.051197138,0.018687062,0.04804852,-0.023852516
5BR%MBO4402754_1_NADH_flavin_oxidoreductase__Bacteroidales_bacterium_,0.08537903,0.07969036,-0.037683833,-0.07356538,-0.047066964,0.09153567,0.023641212,0.014501066,0.10060425,-0.03771966,-0.0067308736,-0.10948643,-0.03363958
5BR%MBO7234306_1_NADH_flavin_oxidoreductase__Paludibacteraceae_bacterium_,-0.038503975,-0.023811052,0.035392,0.025720684,0.008298562,-0.022313995,-0.008439114,0.015701652,-0.020164011,0.04245657,-0.013474137,-0.003708101,-0.019708954
5BR%MBO8446450_1_NADH_flavin_oxidoreductase__Candidatus_Enterocola_intestinipullorum_,-0.04730227,-0.05000416,0.044209734,0.031404417,0.01393262,-0.018501753,-0.002409206,-0.06564275,-0.002468406,0.053766325,-0.028867789,0.038719174,0.013496703
5BR%MBQ8101082_1_NADH_flavin_oxidoreductase__Paludibacteraceae_bacterium_,0.023579573,0.014600197,-0.022654286,-0.042559553,-0.0298254,0.025355754,0.011130806,-0.033293933,0.017111922,-0.01745985,0.04471664,0.02559147,-0.006628392
5BR%MCA9548846_1_NADH_flavin_oxidoreductase__Myxococcales_bacterium_,-0.0056988983,-0.023302123,-0.00044049093,0.0060197012,0.021229904,-0.011855501,0.044998698,0.0026840419,-0.0041402546,0.015621401,-0.016738089,-0.0025633904,0.045519948
5BR%MCH5231198_1_NADH_flavin_oxidoreductase__Muribaculaceae_bacterium_,-0.05198481,-0.03408656,0.09202991,0.07620251,0.038877547,-0.055844873,-0.031554822,0.04500573,-0.10794193,0.009695831,-0.0041824146,-0.03738262,0.050322376
5BR%MCQ2271787_1_NADH_flavin_oxidoreductase__Bacteroidales_bacterium_,0.018433593,-0.021629477,0.0045794733,-0.012892369,0.0029674354,0.012942549,0.008365971,0.04725167,0.020070963,0.0031556406,-0.044764124,-0.0029855128,-0.037703704
5BR%MCR4591939_1_NADH_flavin_oxidoreductase__Bacteroidaceae_bacterium_,-0.028408373,0.003102307,-0.00971043,0.01165944,0.015832627,-0.0066230977,-0.0025153898,-0.038208246,-0.04219155,0.08094525,0.058416143,-0.011118995,-0.011219294
5BR%WP_071425025_1_NADH_flavin_oxidoreductase__Tidjanibacter_massiliensis_,-0.0020739774,-0.025625087,0.007962784,0.0059205694,-0.021622198,-0.012480242,0.0353057,0.0767648,-0.03339435,0.04297869,-0.031878993,0.015195115,-0.009986603
5BR%WP_279088787_1_NADH_flavin_oxidoreductase__Alistipes_putredinis_,0.015818143,0.012114762,0.022225136,0.036947086,-0.0064010294,0.0056629735,0.025564566,0.11583039,-0.009406831,0.029999811,-0.038099013,-0.09219482,-0.0086981105
5BR%WP_295936477_1_NADH_flavin_oxidoreductase__uncultured_Alistipes_sp__,0.038645238,0.01123153,-0.020892134,-0.05070627,-0.029434567,0.025107322,0.012463587,0.0029356321,0.025086686,0.0091179535,0.007299671,-0.037840664,-0.024618905
5BR%WP_300285921_1_NADH_flavin_oxidoreductase__uncultured_Alistipes_sp__,-0.014243885,-0.0011290497,0.024275208,0.011436135,0.007763795,-0.001537372,-0.012762752,0.005661689,-0.024046566,-0.014339524,0.055849656,0.012332308,0.008769113
5BR%WP_394671717_1_NADH_flavin_oxidoreductase__Muribaculum_sp__,0.020470016,0.056448918,-0.03157147,-0.012394742,-0.0056147296,0.010196594,0.018425636,-0.028171122,0.014230704,-0.012327721,-0.036869466,-0.021886375,-0.0059445123
5BR%WP_418992344_1_NADH_flavin_oxidoreductase__Alistipes_sp__,-0.027688803,-0.02725672,-0.0032390775,-0.0084112175,0.048536986,-0.042705994,-0.0028173665,0.07348028,-0.07080886,0.034009837,-0.032336663,0.0134595325,-0.0018495059
7aHSDH%GENOME011662_3430,0.021360492,0.03579048,0.040134504,0.02420869,-0.01747992,0.009954201,0.0076168613,-0.0069779856,0.025058594,0.021847293,0.00976415,-0.12622376,0.052755445
7aHSDH%GENOME018142_1887,-0.045969173,0.089162976,0.0069177984,0.0033651642,0.053454824,-0.05341869,-0.06250274,0.0305125,-0.00726978,0.0155211855,-0.059379205,-0.006376497,0.026616981
7aHSDH%GENOME025100_397,-0.057482276,-0.06484528,0.06131321,0.06732719,0.08428608,-0.08555352,-0.03454463,0.052497845,-0.094753854,0.063908495,-0.09040458,0.032956567,0.031310342
7aHSDH%GENOME067790_2714,-0.013933863,0.046836518,-0.033693522,-0.033378102,-0.019268235,-0.017634407,-0.0033391423,0.06824708,0.0918823,-0.015462505,-0.034514476,-0.02420713,0.046748124
7aHSDH%GENOME070302_884,-0.084982485,0.01518845,0.054153066,0.0367332,0.050791513,-0.08397093,-0.045883827,0.012068404,-0.030845031,0.03474133,-0.049608372,0.036270693,0.08690156
7aHSDH%GENOME086444_1757,0.0018824369,-0.028278472,0.00797149,-0.006531626,0.008695054,-0.0039874287,-0.03941849,0.070190765,0.055498034,-0.029777018,-0.020165855,0.033228934,-0.017546244
7aHSDH%GENOME103762_694,0.0615787,0.016782796,-0.068630956,-0.053874645,-0.03627012,0.044300474,0.01644749,0.010230852,0.06380935,-0.05240163,0.04760279,-0.015851047,-0.034888953
7aHSDH%GENOME122758_282,-0.04709917,-0.106285505,0.05839968,0.060679775,0.07154557,-0.05447515,-0.059002433,0.0025594104,-0.06387083,0.016626997,0.015722292,0.052690048,0.005472553
7aHSDH%GENOME215422_1346,-0.04896406,0.0021608132,0.01214875,0.0017335356,0.07856591,-0.023412103,-0.016770871,0.032065377,-0.037212357,0.0018080405,-0.022067197,-0.0077146385,0.03515749
7aHSDH%MBHC130__Clostridiales_bacterium_1_7_47FAA_,-0.03339112,-0.0045589604,0.037140682,0.060307927,0.06496515,-0.05824399,-0.08781757,0.06470541,-0.044245612,0.048816156,-0.03047745,-0.026246302,0.03205261
7aHSDH%MCI7810995_1_SDR_family_oxidoreductase__Clostridiales_bacterium_,0.016561996,0.026185011,-0.027325494,-0.008076505,0.0012721528,0.016072154,0.001479685,-0.04554765,0.016844727,-0.024916548,0.02274957,-0.00025204133,-0.021313129
7aHSDH%MCI9468093_1_SDR_family_oxidoreductase__Oscillospiraceae_bacterium_,-0.01235129,-0.016618097,0.0061696093,0.019002799,0.0178289,-0.022948463,-0.016684042,-0.025747607,-0.013649301,0.030968927,-0.046687853,0.039414685,-0.0024294662
7aHSDH%MEO8122524_1_7-alpha-hydroxysteroid_dehydrogenase__Burkholderiales_bacterium_,-0.066597,-0.011000607,0.05112302,0.062147275,0.07405332,-0.06521412,-0.059390817,0.0024041706,-0.10086373,0.044470202,0.00032192632,0.028792392,0.052236263
7aHSDH%WP_071121323_1_7alpha-hydroxysteroid_dehydrogenase__Romboutsia_timonensis_,0.013486762,-0.0016269216,-0.062427983,-0.07649878,-0.021349743,0.032648765,-0.012446824,-0.0216121,0.008550313,-0.01860485,0.07001216,0.070706815,-0.035292335
7aHSDH%WP_262434703_1_7alpha-hydroxysteroid_dehydrogenase__Jilunia_laotingensis_,0.016461276,-0.005491495,-0.012855373,-0.035399057,-0.013960971,0.019441303,-0.007433823,-0.029101042,0.014773126,0.004606423,0.03406111,0.03503099,-0.05098978
BSH1%UPI0001652BA3,-0.024194462,-0.028429627,0.02055208,0.019019261,0.025138242,-0.027867319,-0.016477285,0.010834464,-0.038472615,0.018643644,0.01024933,0.05072488,-0.023293966
BSH1%UPI0001DE6025,-0.024803385,0.043485135,0.035556015,0.026888944,0.040042344,-0.021163309,-0.042738374,0.02594956,-0.048099283,0.048083328,-0.022235027,-0.039912406,0.03841994
BSH1%UPI0002624191,-0.042682447,-0.09079404,0.033366535,0.0395353,0.09498603,-0.0454965,-0.032516357,0.021500433,-0.060337737,0.034746632,0.017871557,0.036926046,-0.05387659
BSH1%UPI0002CB0E7D,0.034300342,-0.0017719448,-0.040612016,-0.03866447,-0.06690472,0.0324697,0.09431818,-0.011954747,0.006447339,-0.07139625,-0.014213056,-0.002663738,0.03663041
BSH1%UPI0002F95F26,-0.0065515446,-0.01977868,0.0072342213,0.022022197,-0.02838599,-0.010825494,-0.042239543,0.091220886,-0.0004042337,-0.018385537,-0.0008997658,0.050650578,0.00038546554
BSH1%UPI000334E1FF,0.005802584,0.031664584,-0.06989975,-0.035196397,-0.02011806,0.005348942,0.03029085,0.03647584,-0.0011413347,0.07529531,0.009857851,-0.017563976,0.006240812
BSH1%UPI0003A10C39,0.019833546,0.02234871,-0.058227967,-0.050102353,-0.04562547,0.0226487,0.05434614,-0.06534846,0.024249787,0.04671378,0.038213078,-0.014969088,-0.03534055
BSH1%UPI00044AC395,-0.04875592,0.019586533,0.02478654,0.044891983,0.0417897,-0.049995862,0.0209963,0.02203392,-0.0039049918,0.012540108,-0.11772642,-0.0006867522,0.034782358
BSH1%UPI0004BCDDD9,0.009586047,-0.090729,0.018516662,0.040315274,0.019877844,-0.021835882,-0.0096114185,-0.033955343,0.053855587,-0.0120960465,-0.07591943,0.061762515,-0.021618953
BSH1%UPI0004D69CD5,-0.008645581,0.008874471,0.036291722,0.0326461,-0.006210421,0.004677831,-0.0135379275,-0.056182113,-0.014366236,0.038020395,0.036932107,-0.005326626,-0.022110533
BSH1%UPI0004F8D610,-0.025125183,-0.019986091,0.005645654,-0.04270916,-0.0200612,-0.0011379505,-0.0016764397,-0.04207211,0.021522209,0.010126797,0.033139393,0.036408998,0.0017116165
BSH1%UPI0005DBBD01,0.022803955,0.022666996,-0.038006302,-0.00066401495,-0.015535867,0.031485043,0.010019152,-0.020556878,0.041230902,0.038669858,0.016611025,-0.097189665,-0.0055405404
BSH1%UPI00070D1B8F,-0.000802542,-0.1021523,-0.039574515,-0.009339144,0.029536963,0.004436701,0.011446262,-0.01728015,-0.029545134,-0.003416901,0.025455914,0.09742303,-0.015379907
BSH1%UPI00073AFD00,-0.15556212,-0.034070704,0.104371436,0.11476749,0.12442991,-0.14625694,-0.114140436,0.06225928,-0.16767684,0.10800685,-0.03312443,-0.0046350416,0.072244786
BSH1%UPI00076E9CCB,0.02918592,-0.054136597,-0.035208073,-0.027715271,-0.064466886,0.019658918,0.0764819,0.03664507,-0.035294995,-0.04248926,0.008308145,0.003048419,0.051459927
BSH1%UPI0007933BD5,-0.0048633316,0.009705885,0.047850408,0.019578574,0.003619679,0.002833146,0.01528951,-0.032313667,-0.028095262,0.018188316,-0.008463508,-0.06340083,0.0042811055
BSH1%UPI00095B1DAC,0.03965318,0.021073233,-0.05325357,-0.015685374,-0.053249974,0.020175599,0.093652494,0.05754445,-0.009520151,-0.013327783,0.04584335,-0.056692448,-0.006130438
BSH1%UPI000BCCCB22,0.023612948,0.005302157,-0.010467409,-0.059216905,-0.039266042,0.020445714,0.08427401,0.01882715,0.010009245,0.033466417,-0.011468258,-0.019243749,-0.0630003
BSH1%UPI000BD3EFD5,-0.004922996,-0.035486337,-0.0079192575,0.01839355,0.01666857,0.008650828,0.010263542,-0.031547457,0.018673217,0.031465594,-0.03762527,-0.027685873,-0.06608461
BSH1%UPI000CF9C992,0.013392752,-0.03422188,0.039514493,0.01718839,0.032490566,-0.004000909,-0.037349783,-0.0075795623,0.0113917,0.016274424,-0.11415081,0.01628,0.08277287
BSH1%UPI000EF45382,-0.029537072,-0.025832655,-0.054259107,-0.02814096,0.02815923,0.005551934,-0.069299825,-0.047202792,-0.0063356482,0.02896806,0.10032627,0.097007915,-0.039655194
BSH2%UPI0000382136,-0.04010972,0.013784273,0.05867816,0.08145946,0.050992865,-0.052614406,-0.07050416,0.0030338431,-0.055678412,0.08183432,-0.008796263,0.002509926,0.003368526
BSH2%UPI0001971EB2,-0.03245847,0.023390677,0.019383922,0.06699083,0.03749569,-0.023340652,-0.00069932133,0.0181725,-0.0068361517,0.025431758,-0.018770969,-0.09644414,0.07797938
BSH2%UPI0001C1C05D,-0.039841153,-0.04172301,0.024143333,0.03897078,0.055066336,-0.04832981,-0.008266635,-0.026532905,-0.078381605,-0.015438995,-0.012135127,0.069611475,0.010528462
BSH2%UPI0001CF4F1D,0.04302763,0.0143057285,0.04565681,0.0087769125,-0.043852493,0.024890937,0.076103576,-0.05137928,0.012851776,-0.082348116,0.0016361878,-0.034369703,0.03097226
BSH2%UPI00038B932A,0.019604184,0.06816555,-0.007178224,0.007806567,0.013567578,0.0075295065,-0.026759712,0.0012706311,0.03694273,-0.017643673,-0.067690656,-0.04234075,-0.008445686
BSH2%UPI000396CDDF,0.018401552,-0.057815213,0.015865639,-0.0011421398,-0.03486271,0.0381637,0.011541745,-0.0049522957,0.020674098,-0.03763594,0.014984602,-0.016903989,-0.012360892
BSH2%UPI000508CF7A,-0.027315091,-0.017055927,0.07355076,0.08744278,0.025304908,-0.047719482,-0.028172873,0.08831953,-0.060228724,0.051047314,-0.14763775,-0.05972769,0.08592313
BSH2%UPI00050FFCF5,0.06381603,0.009857849,-0.057261743,-0.046832558,-0.039283946,0.071291916,0.016277032,-0.029929454,0.064150974,-0.057011653,0.049753767,-0.010312151,-0.024473691
BSH2%UPI0005D317A6,-0.069574915,-0.053110313,0.08140253,0.08686288,0.04452534,-0.060587727,-0.0040672156,0.04357378,-0.111073054,-0.048960697,0.025395514,-0.009406831,0.03834873
BSH2%UPI0006649122,-0.048830442,-0.035709385,0.019600052,0.014359542,0.0677397,-0.034160104,-0.032819577,-0.0073620463,-0.045080103,0.007368681,0.0615658,0.053390626,-0.032512143
BSH2%UPI0006BFFEB7,-0.00019318733,0.039648008,0.025622267,0.03303474,0.035412595,0.013603369,-0.022541283,0.07050216,0.04124725,0.026105614,-0.07575872,-0.041517876,-0.0699692
BSH2%UPI0006C0EB58,-0.041562963,-0.038107134,-0.04010191,-0.008113415,0.032165848,-0.0315672,-0.030247808,0.008421173,-0.014066182,0.07815234,0.010067389,0.01957451,0.036311768
BSH2%UPI0006C1ADDE,-0.0040432233,0.007837871,0.051575214,0.05431558,0.028534207,-0.008626311,0.006937236,-0.008617925,-0.020792017,-0.06110295,-0.047560602,-0.05853695,0.059792414
BSH2%UPI0006C23C60,-0.027804026,0.010206455,0.02246058,0.033248212,0.0107983295,-0.022956185,0.025650138,0.11771171,-0.018795634,0.03821951,-0.034554973,-0.017921548,-0.058548745
BSH2%UPI0006C45BC8,-0.027567022,-0.07204813,0.0065260516,-0.028193038,0.027333632,-0.010970668,0.0053078844,0.002488625,-0.08890333,0.02244929,0.090460606,0.06106206,-0.04337664
BSH2%UPI0006C52F45,-0.04210704,-0.055795997,0.08340515,0.034860723,0.022616863,-0.032362834,-0.0402165,-0.0108435545,-0.05830795,-0.0023437673,-0.029081667,0.08464065,0.016747035
BSH2%UPI0006C5C844,-0.0016309894,-0.016587608,-0.017844668,-0.029587839,0.005569007,0.009490361,0.02682555,-0.03549233,-0.026075782,-0.025732532,0.051085595,0.07735171,-0.07728209
BSH2%UPI0006C706B0,-0.000100902806,0.00529891,-0.02248992,-0.0021269522,0.02486389,-0.02012987,-0.0552166,-0.03726524,-0.0028319422,0.012241308,-0.027011309,0.11455791,0.030820012
BSH2%UPI0006CAB5AD,-0.0059598465,0.0366114,-0.020459093,-0.007021074,-0.0034261215,0.010927525,-0.06908511,-0.0064840526,0.03379319,0.04196632,0.055282403,0.015641501,-0.026668511
BSH2%UPI0006CABDF6,-0.04063382,0.027030494,0.037295423,0.027380986,-0.012068719,-0.012718023,-0.056124035,-0.049032208,0.044631135,0.015845636,0.009428423,0.0057425923,0.025046133
BSH2%UPI0006CABE2C,0.06485721,0.0053207623,-0.048885874,-0.055694237,-0.094748534,0.057951536,0.14196862,-0.06138413,-0.0033183692,-0.055675093,0.03873738,0.04099754,-0.019131927
BSH2%UPI00082062C1,0.033946298,-0.016231317,-0.045855127,-0.040441144,-0.035424765,0.017836308,-0.028880449,-0.024534015,0.020368405,0.016075168,0.017055955,0.06989378,-0.022584345
BSH2%UPI000820857A,-0.022703521,-0.042317767,-0.023428544,0.002560854,-0.016316159,-0.027911475,0.030212639,-0.0046172724,-0.03146593,0.061442804,0.015834242,-0.012572544,-0.0039418563
BSH2%UPI0008219BA0,-0.04965249,0.009417177,0.074888356,0.048941713,0.054243937,-0.039037045,-0.054841172,-0.06527503,-0.053362284,-0.022975953,-0.053843807,0.023846343,0.030744879
BSH2%UPI000821B1D8,0.0438188,-0.010844306,0.008940087,-0.052739844,-0.05042975,0.060681418,-0.0021522464,-0.098037,0.06802894,-0.059310153,0.039765466,0.040438622,-0.019247526
BSH2%UPI000821B9AC,0.012346357,0.06326583,-0.0024783954,-0.019764658,0.00038310702,0.00400337,-0.031684205,-0.00088454015,0.033975173,0.031723283,0.0015513874,-0.019258434,-0.027564902
BSH2%UPI000821FD65,-0.013113212,-0.03661658,0.052778464,0.046014443,0.036725048,-0.013940987,-0.013019055,-0.045249816,-0.039516885,-0.00040192978,0.058831,0.02522505,0.0015402026
BSH2%UPI0008222B5A,0.01594733,-0.08745458,0.08905311,0.06787948,-0.00542004,0.0049900142,-0.04992975,0.034141988,0.02857898,0.095107615,-0.09024553,-0.07445524,0.0038919905
BSH2%UPI00082257EE,0.032439873,-0.044122543,-0.015089321,-0.009504879,-0.02074077,0.038331803,0.08721375,0.028138995,-0.03710598,-0.045216188,0.008544165,-0.044982336,0.004464629
BSH2%UPI000822F9A5,-0.018336447,0.036187086,0.07115765,0.044423595,0.05718795,-0.032645494,-0.06318862,0.02149168,-0.018403364,0.035150625,-0.08044489,-0.07289559,0.037473634
BSH2%UPI0008E59C2D,0.02413645,0.012675183,-0.04596169,-0.03034135,0.007479348,0.03723366,-0.027236564,-0.1162447,0.04207165,0.012560563,0.085949354,-0.013611213,-0.030003095
BSH2%UPI00095B7069,0.04154849,-0.030050687,0.017416958,-0.02139127,-0.025372732,0.023215465,0.075892836,-0.0072844937,0.049371883,-0.026410233,-0.08695154,-0.058235988,0.015070936
BSH2%UPI000961A2BF,0.036427423,0.04536237,-0.08116835,-0.029647103,-0.0066997237,0.029364059,0.04827213,-0.025826894,0.022364823,-0.043945603,0.048777994,-0.01911581,0.039553806
BSH2%UPI000965B48B,-0.06124283,-0.01790659,0.06399093,0.043007493,0.060799837,-0.06461057,-0.03336586,0.08124034,-0.095957816,0.04925973,0.015439652,-0.017237911,0.0626312
BSH2%UPI00096829BD,-0.0043529095,-0.012525591,0.06347483,0.048560705,0.014460088,-0.01035609,-0.0035255267,0.026245942,-0.061903905,0.015740091,-0.010430175,-0.046510424,-0.024051499
BSH2%UPI0009698BA7,0.045315143,0.07601587,-0.013891207,-0.03282975,-0.062467426,0.02040435,-0.023803964,0.03984755,0.037466206,-0.03775052,-0.055839863,0.030557204,-0.008616212
BSH2%UPI000B38AD3B,0.021836964,0.03639148,-0.048218027,-0.058234897,-0.0030129708,0.009494472,0.017839184,0.063890584,0.014786852,-0.0019316728,-0.05483477,-0.007066024,-0.042433538
BSH2%UPI000D6581CE,0.036062304,-0.06010609,-0.04260819,-0.05990617,-0.031684335,0.011597436,0.045389853,-0.026507389,-0.011411604,-0.033323888,0.12033794,0.051548548,-0.08384838
BSH2%UPI000D7A6AEA,-0.028444918,-0.021500316,-0.018655606,0.018957667,0.0629348,-0.018261993,-0.07189053,0.03751755,-0.05229615,-0.034820177,0.058016434,0.018111356,0.059388857
BSH2%UPI000D7AF0AB,-0.033319756,0.06600278,-0.024377923,-0.017710028,0.007042035,-0.017061602,0.013674633,-0.009326187,-0.0315701,0.024085954,0.042716604,0.017383574,-0.036704123
BSH2%UPI000DF74F5E,0.025592603,-0.12618159,0.0020301333,0.00073043833,-0.032196768,0.014633346,0.033704076,0.053587135,-0.001488515,-0.05042694,0.013581098,0.044937253,-0.019042812
BSH2%UPI000E466DA6,-0.019206135,0.07621122,0.0015568364,0.0014989941,0.034810968,-0.013961494,-0.005059557,0.082511835,0.0006472106,0.028855378,-0.043574076,-0.1032926,0.042568937
BSH2%UPI000E4E4D64,-0.018829897,0.03868173,0.024436371,0.038817078,0.054699846,-0.034428827,-0.042208377,-0.0060946285,0.018042784,0.0076093953,-0.044207603,-0.02003824,0.008724793
BSH2%UPI000E53BC4B,-0.020779885,0.0607948,0.029149007,0.02608721,0.060039133,-0.024484148,0.009583397,-0.089762256,-0.0040712613,-0.014385734,-0.072402574,0.041745733,0.036837626
BSH2%UPI000E53DAEE,-0.038817298,-0.098533064,0.0049643554,0.018435737,0.049265847,-0.05099451,-0.05242815,0.03626606,-0.071964696,0.07480307,0.009329955,0.0011981449,0.037724294
BSH2%UPI000E80FD85,-0.043252602,-0.052650217,0.059103232,0.052647382,0.05167517,-0.060295347,-0.040697128,-0.017979454,-0.09473359,0.026286868,-0.05313497,-0.020887477,0.102743626
BSH2%UPI000E91045C,0.0022085817,0.004824358,-0.017895395,-0.036480278,-0.008498997,0.018613238,0.028784558,0.055127725,0.016892482,-0.025363844,0.051445566,-0.014966863,-0.01281338
BSH2%UPI000EE4CDBB,-0.035604905,-0.028874721,-0.08376984,-0.05307918,0.0021021902,-0.013259386,-0.003255319,-0.003812228,-0.011790626,0.046286836,0.04878071,0.09685883,-0.04728855
BSH3%UPI00016547A5,0.12291537,0.025546847,-0.031706322,-0.035038415,-0.0932985,0.103195526,0.1069404,-0.06050226,0.11530481,-0.049268182,-0.013653167,-0.10923212,-0.001566102
BSH3%UPI00017EF3F1,0.022642476,-0.010529613,0.016985252,0.0014069643,-0.010662773,0.026518514,-0.010609819,-0.0014363325,0.07807056,-0.023651235,-0.067421764,-0.064869024,-0.017727654
BSH3%UPI0001A5F983,-0.09143929,-0.045858417,0.008977078,-0.011100962,0.056706857,-0.09829584,-0.035480328,0.09137739,-0.0850416,0.04378407,0.021099748,0.08736155,-0.024597693
BSH3%UPI00033CE23D,0.0013609772,0.041323375,0.0400502,0.07457248,0.029388608,-0.022039859,-0.108888954,0.009057692,0.011661047,0.03966416,-0.051740523,-0.04909612,0.037267417
BSH3%UPI00035F5DCE,-0.06915503,-0.05271343,0.030068744,0.03894482,0.035322137,-0.07254919,-0.040488005,0.04113487,-0.054225154,0.062572464,0.018123655,0.03593518,0.023564951
BSH3%UPI0004DA32C0,-0.011189815,-0.04320331,0.042793583,0.049050692,0.03297218,-0.023205424,-0.019950945,0.027475892,-0.042098824,0.014247991,-0.019519547,0.00211804,0.027672723
BSH3%UPI00080CB216,0.026978739,0.062373668,-0.016235387,0.031229403,-0.037830837,-0.000102114376,-0.028327022,0.05346586,-0.014964279,0.0065152575,-0.050643757,-0.03800507,0.037769392
BSH3%UPI00092A5378,-0.011956052,-0.0595278,-0.0021161726,-0.0004463274,-0.021854978,-0.014266185,0.021851294,-0.0026292014,-0.02904598,-0.034979705,0.076125175,0.037363824,0.032940652
BSH3%UPI000CF406F5,-0.011795539,-0.072357595,-0.021437254,-0.032963533,0.03891894,-0.019825049,-0.032306354,0.02695539,-0.039138928,-0.025791882,0.071258366,0.10882753,-0.06466946
BSH3%UPI000E4DFA31,0.049499236,0.031529516,-0.019205742,-0.070685685,-0.07209695,0.04959846,0.03302274,-0.055829033,0.06214117,-0.005148262,0.044389926,0.025467789,-0.051384795
BSH3%UPI000E555DC1,-0.04361612,-0.018435452,0.017370421,0.005910421,0.0148017015,-0.0024499798,-0.04221983,0.0150591675,-0.041834213,0.028128173,0.034578726,0.07117848,-0.04035933
BSH3%UPI000EF23C17,-0.09922154,-0.05657831,0.00925689,0.02447755,0.02304982,-0.071091026,-0.028869843,0.052256364,-0.07951395,-0.016150523,0.028350793,0.07137848,0.061850566
BSH4%UPI00033C4A83,-0.009019638,0.006542101,-0.04217909,0.00024871784,-0.026678186,0.010974664,-0.0009663591,-0.02689485,-0.0010076443,0.01952977,0.06295867,0.056091927,-0.06893418
BSH4%UPI000463D8BF,0.011216582,-0.038474888,-0.016819082,-0.01632383,0.017066931,0.0012282848,-0.041263558,0.011048663,0.037423097,-0.038455565,0.07000225,0.020664303,-0.015652437
BSH4%UPI000D27EFA9,-0.010451053,0.019280244,-0.020668589,-0.016331207,-0.025681257,-0.0056160297,-0.01784387,-0.0037369863,-0.015244914,0.054461528,0.08044137,0.015558231,-0.046013936
BSH4%UPI000E54B9B5,-0.012203983,0.04091883,-0.033296637,0.010032474,0.0015245044,-0.015759444,0.015900591,0.010663808,0.017691338,0.066608675,-0.04652452,-0.07209174,0.055384327
BaiA%QinJ_2012__T2D-016__bin_41_fa_BDDCEIPF_01842__3alpha-hydroxy_bile_acid-CoA-ester_3-dehydrogenase_2,0.025256211,0.019602872,0.0036189503,-0.032508913,-0.032240223,0.03526998,-0.013072356,-0.002637282,0.014301425,-0.04920772,-0.008378614,0.0014497794,0.016245874
BaiA%SRR3992974_bin_8_EOPEKEED_01051__3-oxoacyl-_acyl-carrier-protein__reductase_FabG,-0.021733785,0.0503008,0.009829875,-0.00091811887,0.021374052,-0.022971554,-0.025797522,-0.026169937,-0.012919554,-0.040587325,0.0068534757,0.09956025,0.05990427
BaiA%bai_cluster_2%midas_uncultured_Eubacterium_73696%uncultured_Eubacterium_73696|FMDW01000013_861,0.054141488,-0.012518117,-0.050669454,-0.08402202,-0.07061055,0.054556828,0.057273626,0.019686814,0.031905584,-0.0654591,-0.005894435,0.043826252,-0.011577389
BaiA%bai_cluster_3%midas_Clostridium_hylemonae_61789%Clostridium_hylemonae_61789|NZ_GG657759_1098,0.019260226,0.022051835,-0.028276969,-0.04290872,2.837684e-05,0.025567597,-0.0025107774,-0.0532781,-0.0011340637,-0.0455184,0.051350337,0.034143757,-0.03239089
BaiB%CosteaPI_2017__SID713A038-11-90-0__bin_26_fa_FGHNBBEK_00429__Bile_acid-coenzyme_A_ligase,-0.010888669,-0.036189917,0.057570085,0.08147271,0.05711981,-0.008858654,-0.012401754,0.01569389,-0.021374263,-0.0017658084,-0.044126034,-0.075730294,-0.011166096
BaiB%MDY5565236_1_bile_acid--CoA_ligase_BaiB__Candidatus_Limivicinus_sp__,-0.027575016,-0.053864237,-0.019556371,-0.019420486,0.009388994,-0.014167669,0.015575426,0.0528831,-0.05010131,-0.0099692475,0.021810517,-0.0029688445,-0.032492097
BaiB%Obregon-TitoAJ_2015__NO11__bin_28_fa_ODBMCAMJ_01958__Bile_acid-coenzyme_A_ligase,0.03984124,0.057854496,-0.040851425,-0.035215016,-0.035309814,0.033754885,0.040225774,0.032267403,0.027677316,-0.016800296,-0.037677113,-0.05339117,-0.029368365
BaiB%WP_286151641_1_bile_acid--CoA_ligase_BaiB__Sporofaciens_musculi_,0.0053981035,0.038917232,-0.032971397,-0.020052033,-0.038099553,0.0025382584,0.069523744,0.034117833,-0.013390026,0.031762116,0.019496802,-0.066855334,0.0030976415
BaiB%bai_cluster_10%midas_Lachnoclostridium_nov_76594%Lachnoclostridium_nov_76594|ERS138182_8080_1_84_3_3065,0.05581047,-0.008725742,-0.027113654,-0.04051385,-0.05443793,0.056444835,0.039756898,-0.027855363,0.031486973,-0.084387824,0.0360023,0.008513667,-0.015311709
BaiB%bai_cluster_2%midas_uncultured_Eubacterium_73696%uncultured_Eubacterium_73696|FMDW01000013_871,0.020619016,0.06560534,-0.06665857,-0.085105665,-0.0399927,0.05859624,0.035001844,-0.11273752,0.049996104,-0.030790627,0.11612239,0.051301405,-0.045165602
BaiCD%MCI8583944_1_FAD-dependent_oxidoreductase__Dorea_sp__,-0.040485725,0.0024184224,-0.026836617,0.0016285484,0.03591013,-0.03634239,0.012723722,0.021772915,-0.031446848,0.00089079613,-0.020295262,0.013649637,-0.032307487
BaiCD%MEI3381486_1_FAD-dependent_oxidoreductase__Dorea_sp__,0.054817308,0.042332888,-0.04908851,-0.06366681,-0.086423576,0.06757109,0.07184157,-0.04086947,0.044763513,-0.020014362,-0.017228672,-0.017656477,-0.0505664
BaiCD%RaymondF_2016__P21E7__bin_22_fa_DDJCLBHB_00368__NADH_oxidase,0.020877112,0.012531791,0.03265493,0.049502052,0.036264148,-0.004241645,-0.03372337,0.02177679,0.010806709,-0.01829235,-0.065513864,-0.04907708,0.014539855
BaiCD%XieH_2016__YSZC12003_35390__bin_5_fa_PIKIEFGP_00577__NADH_oxidase,-0.0009062625,-0.04471547,0.01829844,0.016945824,0.016956622,0.0044826274,-0.043267217,0.0893737,0.04410101,0.049496714,-0.052455455,-0.06445622,0.049239144
BaiCD%bai_cluster_1%midas_Clostridium_hiranonis_61655%Clostridium_hiranonis_61655|NZ_DS995354_290,-0.0078102686,-0.020351846,0.0065662377,-0.003543067,0.011149964,0.008194524,-0.007827602,-0.04975139,-0.006597746,-0.019007422,0.048641995,0.019182887,-0.018286102
BaiCD%bai_cluster_10%midas_Lachnoclostridium_nov_76594%Lachnoclostridium_nov_76594|ERS138182_8080_1_84_3_3076,0.04932128,0.0015889353,-0.013048277,-0.03213267,-0.03880211,0.051385555,0.06297923,-0.021197567,0.021833189,-0.032616634,0.032529462,-0.057625495,-0.02075087
BaiE%FengQ_2015__SID531416__bin_49_fa_CEDOFBAM_00064__Bile_acid_7-alpha_dehydratase,0.020462805,0.029620428,0.046581324,0.0011578305,-0.029924486,0.03685461,0.025385583,-0.056324147,0.01897769,0.044488497,-0.06481884,-0.0744504,-0.012568466
BaiE%LiJ_2017__H3M515915__bin_8_fa_COLEEGFP_01274__Bile_acid_7-alpha_dehydratase,-0.02354791,-0.018773753,0.026978998,0.065843605,0.029006254,-0.018914154,-0.04039667,0.014005417,0.008824694,0.052310668,-0.07585625,-0.081273295,0.06320237
BaiE%MCI8938768_1_nuclear_transport_factor_2_family_protein__Dorea_sp__,0.019516522,-0.03023735,0.043573655,0.058985215,-0.012899777,0.017451558,0.063454516,0.042838253,0.012943718,-0.08606274,-0.020604704,-0.02083269,0.018536186
BaiE%bai_cluster_2%midas_uncultured_Eubacterium_73696%uncultured_Eubacterium_73696|FMDW01000013_166,0.03384931,0.0003498487,-0.007946686,-0.04426558,-0.0016989746,0.0417726,0.024364114,-0.07495091,0.028343057,-0.062475704,0.0976581,-0.0014253494,0.0110834865
BaiE%fig|1950888_3_peg_203|__Bile_acid_7-alpha_dehydratase_(EC_4_2_1_106)_(BA7_alpha_dehydratase)_(Bile_acid-inducible_operon_protein_E)____Clostridiales_bacterium_UBA4701_|_1950888_3_,-0.0049485415,-0.018199505,-0.018910633,-0.013841106,0.00197536,0.017215168,0.020206146,-0.02092892,0.009725449,-0.05610931,0.060812876,0.061598964,-0.07139755
BaiF%LiJ_2014__MH0358__bin_56_fa_NPCPOAJM_00305__Bile_acid-CoA_transferase,0.013458215,0.04285638,-0.017617796,-0.039862502,-0.05717092,0.01850147,0.047695685,-0.050018568,0.017663086,-0.08320222,0.025497958,0.0142896,0.048100367
BaiF%RaymondF_2016__P21E7__bin_22_fa_DDJCLBHB_00373__Bile_acid-CoA_transferase,0.054051794,0.032121077,-0.022813693,0.05165761,0.030760841,0.027013686,0.035068873,0.027777815,0.0227553,-0.0113809705,-0.026626801,-0.12635647,-0.06666094
BaiF%SRR4783510_bin_28_GHBMCCFK_00008__L-carnitine_CoA-transferase,0.044503625,0.012425313,-0.06380531,-0.04045449,-0.039961245,0.045950238,0.025984026,-0.061412096,0.05328183,-0.00812656,0.04463899,0.02776416,-0.06810838
BaiF%bai_cluster_17%midas_Proteocatella_sphenisci_59007%Proteocatella_sphenisci_59007|AUID01000012_911,0.019877445,-0.032868925,-0.050890908,-0.016807156,0.002708357,0.03158743,0.036045246,-0.032463335,0.037731104,-0.0429866,-0.033242747,0.008641685,0.021130333
BaiF%bai_cluster_2%midas_uncultured_Eubacterium_73696%uncultured_Eubacterium_73696|FMDW01000013_892,0.042756263,0.07173626,-0.08957091,-0.06214417,-0.048581433,0.056336287,0.02664886,-0.07019269,0.03943675,-0.009175778,0.047455773,0.0023225774,-0.023242125
BaiF%bai_cluster_3%midas_Clostridium_hylemonae_61789%Dorea_sp_89094|KQ236743_10986,0.02887509,-0.0092387935,-0.012925228,-0.012455635,-0.003553074,0.035372943,0.00274435,-0.049367953,0.011099389,-0.022573369,0.02843569,-0.0023011237,-0.05035716
BaiF%fig|1950825_3_peg_1464|__L-carnitine_dehydratase_(EC_4_2_1_89)____Clostridiales_bacterium_UBA1701_|_1950825_3_,0.048279393,0.023434475,0.014152901,-0.003475093,-0.02150941,0.050881147,0.016437339,-0.055286985,0.056646112,-0.07481234,-0.007897023,-0.003963075,-0.034710992
BaiG%LeChatelierE_2013__MH0251__bin_10_fa_BOBEKBFD_00006__Multidrug_resistance_protein_3,-0.018442268,-0.046783365,-0.0063514477,0.034396216,0.0039504007,-0.019099383,0.0054273354,0.03312886,-0.022206675,0.040793847,-0.023358574,0.023563394,-0.0015958775
BaiG%MBE6987074_1_MFS_transporter__Oscillospiraceae_bacterium_,0.021658128,0.012506407,-0.023042517,0.0065295766,-0.020837171,0.02841672,-0.004069919,-0.010522613,0.02663387,0.062050458,-0.012065742,-0.09281841,0.07607323
BaiG%MBR4017991_1_MFS_transporter__Clostridia_bacterium_,-0.06310636,-0.045569018,0.06359176,0.06857224,0.07817478,-0.059588913,-0.04066939,0.049098272,-0.102333196,0.033833504,-0.040895678,-0.041536395,0.0632168
BaiG%MDY4488523_1_MFS_transporter__Candidatus_Limivicinus_sp__,0.013734522,0.011988984,-0.04593243,0.00633928,0.005470326,0.007236837,0.004490605,-0.069516055,0.031466495,0.057575997,-0.044265624,-0.01030816,-0.017888015
BaiG%MEE1256339_1_MFS_transporter__Lachnospiraceae_bacterium_,0.0045369286,0.011745377,-0.0356962,-0.05793238,-0.003907868,0.032791372,-0.00011996509,-0.056438304,0.012105346,-0.0660322,0.06056569,0.08852113,-0.048257902
BaiG%bai_cluster_10%midas_Lachnoclostridium_nov_76594%Lachnoclostridium_nov_76594|ERS138182_8080_1_84_3_3097,0.037872862,0.011911717,-0.027915103,-0.035801303,-0.04778203,0.047020335,0.020793531,-0.03735243,0.01412023,-0.058581367,0.05774592,0.03001763,-0.009764275
BaiH%MEE0204071_1_FAD-dependent_oxidoreductase__Oscillospiraceae_bacterium_,-0.04325277,-0.0016269487,0.003328868,-0.019629894,-0.023416383,-0.044744257,0.030250235,-0.011538523,-0.0976229,0.023994608,0.010310598,0.1165724,0.015502701
BaiH%Obregon-TitoAJ_2015__NO11__bin_28_fa_ODBMCAMJ_01962__NADH_oxidase,0.060964208,0.037039116,-0.08654076,-0.07681305,-0.06423636,0.05270766,0.076909594,0.012612687,0.02551363,-0.09361172,0.0054637613,0.056747686,-0.09141295
BaiH%bai_cluster_1%midas_Clostridium_hiranonis_61655%Clostridium_hiranonis_61655|NZ_DS995354_308,-0.00796898,-0.04562302,0.021537386,0.03573797,0.035594333,0.007655174,0.016276188,0.004352382,-0.013255618,-0.0020749983,-0.030041458,-0.0494029,0.015545701
BaiH%bai_cluster_11%midas_Romboutsia_sp_25236%Romboutsia_sp_25236|FJTZ01000011_310,-0.074507564,-0.0014459821,0.031198543,0.008055848,-0.0174078,-0.04561107,-0.041014984,0.03839813,-0.0644733,-0.0107910605,0.08980728,0.07506394,0.06059059
BaiH%bai_cluster_2%midas_uncultured_Eubacterium_73696%uncultured_Eubacterium_73696|FMDW01000013_836,0.073439315,0.052846298,-0.058342684,-0.059221152,-0.06766744,0.09234391,0.07056777,-0.08508736,0.06419387,-0.07029052,0.07544351,-0.027683409,-0.025522558
BaiI%LiJ_2014__MH0370__bin_37_fa_CDDPILMH_01838__hypothetical_protein,0.005952893,-0.06499264,0.0652708,0.049197525,0.020101624,0.008937698,-0.0007158031,0.008620433,0.022034502,-0.021495225,-0.07661318,-0.01384683,-0.026084678
BaiI%QinJ_2012__CON-070__bin_41_fa_AAAKDJOM_00400__hypothetical_protein,0.015868168,0.024695044,-0.015073513,-0.028192021,0.0029736802,0.022915047,0.02485123,-0.047600582,0.019007474,-0.006184297,0.038526002,-0.0041699023,-0.07377726
BaiI%WP_279004450_1_nuclear_transport_factor_2_family_protein__partial___Clostridium__scindens_,-0.0048436406,-0.0043295785,-0.042360555,-0.06290371,-0.028809302,0.030623121,0.013972275,-0.040821914,0.0036758613,-0.013182139,0.063500986,0.05868788,-0.014336088
BaiI%bai_cluster_2%midas_uncultured_Eubacterium_73696%uncultured_Eubacterium_73696|FMDW01000003_2059,-0.01653734,0.021034183,-0.0018695025,-0.045108274,-0.02389842,0.025103848,0.029597515,-0.072785534,-0.0050690873,-0.037024748,0.08813418,0.04614182,-0.00042757843
