Family,3oxoDCA,3oxoLCA,7oxoDCA,CA,CDCA,DCA,GCA,GCDCA,GDCA,GUDCA,HCA,LCA,TCA,TCDCA,TDCA,UDCA
12aHSDH%GENOME015584_936,-0.056667376,-1.0,0.7518785,0.9105259,-0.006146975,-0.31877536,-0.22087362,-0.5867306,-0.051046584,-1.0,0.36041877,-0.60364485,0.60992897,0.53390414,-0.0074975207,-0.12835932
12aHSDH%GENOME051950_684,0.24133344,-0.45585164,-1.0,-1.0,-0.46098974,0.34487262,0.44399604,1.0,1.0,0.29815552,-1.0,0.43539128,-0.043377973,0.13722126,0.8163116,-1.0
12aHSDH%GENOME055489_1547,-0.54869336,-0.40059513,0.048726466,0.42983964,0.43467134,-0.47377327,0.9118325,0.37635615,-0.3490898,0.26450226,0.31896964,-0.44328117,0.16277869,0.3084243,-0.75200623,0.14270832
12aHSDH%GENOME077010_272,0.860157,0.4346917,0.022051364,-0.43575862,-0.9684718,0.9525136,-0.025593616,-1.0,0.078214616,-0.14199278,0.09776136,1.0,-0.25555864,-1.0,0.36584008,0.51268405
12aHSDH%GENOME136792_1072,0.29973432,-0.04489131,0.050367348,-0.3574739,-0.20136824,0.39480293,-1.0,-0.2211426,0.51394147,-0.19502386,-0.5937183,0.083107136,-0.56448734,-0.60923195,0.6999961,0.26142102
12aHSDH%GENOME211747_1057,-0.54020524,0.35560012,0.82271063,0.046334364,-0.21608075,-0.5116767,0.5019748,0.33632708,-0.5526562,-0.046283238,0.28562656,0.08323971,0.13419315,0.4498752,-0.5567879,-0.5395405
12aHSDH%GENOME225739_454,-1.0,-0.20061979,0.6034239,0.7567059,1.0,-1.0,-0.060938824,0.7351681,-1.0,0.22154185,-0.10012116,-1.0,1.0,1.0,-0.17117558,-0.44363376
12aHSDH%MBE7001463_1_SDR_family_oxidoreductase__Oscillospiraceae_bacterium_,0.22808906,-0.29077417,0.2133956,0.18851869,0.10986045,0.38887855,0.15907861,0.3210934,0.4228651,-0.22552311,-0.47623152,0.30163327,-1.0,-0.041142005,-0.38952595,0.09370826
12aHSDH%MBP3571641_1_SDR_family_oxidoreductase__Clostridia_bacterium_,-0.3590787,0.60755056,-0.068200864,0.42932537,0.21111116,-0.37931013,-0.2845054,-0.2950305,-0.41602004,0.032630187,0.1163705,-1.0,0.64410675,0.87963974,-0.31499875,0.8822672
12aHSDH%MBR0327374_1_SDR_family_oxidoreductase__Clostridia_bacterium_,0.4435925,0.22564878,0.21187258,-0.13399339,-0.2518904,0.72049373,-0.45261943,-1.0,0.658245,-0.49517944,-0.6391435,0.52903986,-0.27915356,-0.6630616,0.57013375,-0.036792457
12aHSDH%MBR2336230_1_SDR_family_oxidoreductase__Clostridia_bacterium_,-1.0,0.91200733,0.2631756,0.4887563,0.4634132,-0.7199098,0.1424014,-0.3871099,-0.34197515,0.7155645,1.0,-0.48423725,0.3472898,1.0,-0.49216488,-0.724702
12aHSDH%MBR6823493_1_SDR_family_oxidoreductase__Bacillota_bacterium_,-0.80776906,0.73979557,0.65471256,0.6225876,0.40153047,-0.561721,0.68250084,0.19045395,-0.2413108,-0.72005165,0.80287147,-0.34968507,0.40898624,-0.63399434,0.26199046,-0.04746498
12aHSDH%MFR3091303_1_SDR_family_NAD(P)-dependent_oxidoreductase__Eggerthella_lenta_,0.08763155,0.3538107,0.11507671,-0.29583943,0.16668174,-0.037168313,-0.52837926,-0.363429,-0.027768146,0.14971775,0.9769014,-0.78861463,-0.22102502,0.18003273,1.0,0.036101446
12aHSDH%NCB62655_1_SDR_family_oxidoreductase__Clostridia_bacterium_,-0.4264455,-1.0,-0.087575406,0.74823636,0.55431646,-0.71234864,1.0,0.62670267,-0.28554967,0.5442348,0.4817481,-1.0,0.19050154,0.7199553,-0.12856066,0.3418776
12aHSDH%WP_055231566_1_SDR_family_NAD(P)-dependent_oxidoreductase__Anaerostipes_hadrus_,0.5117078,0.2283061,-1.0,-0.63422495,-0.1682172,0.27276337,0.081811145,1.0,0.528368,-0.0659551,-1.0,0.12805791,0.41987208,1.0,-0.11472654,-0.72330654
12aHSDH%WP_130435990_1_SDR_family_NAD(P)-dependent_oxidoreductase__Cuneatibacter_caecimuris_,-0.26177815,-0.44148067,-0.36777803,0.23027322,0.39549655,-0.30957183,-0.016383193,-0.01136522,0.20130084,-0.3330112,-0.16795155,0.026939167,-0.12757264,0.83929026,0.19386609,-0.18145953
12aHSDH%WP_160708750_1_SDR_family_NAD(P)-dependent_oxidoreductase__Enterorhabdus_sp__P55_,0.7900109,1.0,0.52418643,-0.23498051,-0.8804808,0.76318353,-0.38911048,-0.2032897,0.837058,-1.0,-0.51441425,0.5809731,-0.43483397,-1.0,-0.04169295,0.786995
12aHSDH%WP_161844252_1_SDR_family_NAD(P)-dependent_oxidoreductase__Pseudoflavonifractor_sp__524-17_,0.5968999,0.84349245,-0.8690811,-0.67162114,-0.86685,0.6401626,0.25544956,0.36842763,0.2538828,-0.5392857,0.2872409,1.0,-0.80607826,-0.1561641,-0.009161089,0.2678181
12aHSDH%WP_256285936_1_SDR_family_NAD(P)-dependent_oxidoreductase__Pseudoflavonifractor_phocaeensis_,-0.70406055,-0.14608608,0.8630969,0.10264286,0.4309681,-0.7261689,-0.74421513,0.1244392,-0.8114999,0.14849398,1.0,-0.7607989,-0.028102057,0.3618149,0.6338223,1.0
12aHSDH%WP_278514144_1_SDR_family_NAD(P)-dependent_oxidoreductase__Methanobrevibacter_smithii_,0.47474885,0.88577044,0.15360345,-0.3755339,-0.3643039,0.34124094,1.0,0.66535646,-0.0332619,-0.86932516,-1.0,0.6537541,-0.23176157,0.3210446,-0.47667253,-1.0
12aHSDH%WP_418471294_1_SDR_family_NAD(P)-dependent_oxidoreductase__Eggerthella_sp__,-0.56106776,-0.77161276,0.74209005,1.0,0.7673868,-0.7907332,0.24170305,-0.1731298,-0.34737387,0.22690916,0.526881,-0.95993865,0.13834628,0.31914657,-0.1582291,0.4612273
12bHSDH%GENOME225741_180,-0.48084813,1.0,0.2674551,-0.09428701,0.17454253,-0.4464449,1.0,1.0,-0.5136272,0.3612193,0.58478963,-0.31867144,-0.13296677,0.37932688,-0.682417,1.0
12bHSDH%MDD6456291_1_SDR_family_NAD(P)-dependent_oxidoreductase__Lachnospiraceae_bacterium_,0.5642016,0.1775489,0.014151367,-0.4976734,0.045031995,0.37272647,0.3099246,0.3525931,-0.28832757,-0.26575902,-0.48933622,0.094417505,-9.952539e-05,-1.0,0.41436172,0.33314705
3aHSDH%3aHSDH%MBO5160353_1_3-oxoacyl-ACP_reductase_FabG__Lachnospiraceae_bacterium_,0.29073668,0.35691753,-0.20654108,-0.08696087,-0.46349886,0.21089053,0.7493336,0.22427525,1.0,-0.067578055,0.23625754,0.51661414,-0.57405704,-1.0,-0.35001537,-0.5913942
3aHSDH%3aHSDH%MBQ7891058_1_3-oxoacyl-ACP_reductase_FabG__Erysipelotrichaceae_bacterium_,0.003817281,0.2710423,-0.15878545,-0.40538526,-0.243138,0.053540453,-0.97807664,-0.31357434,0.28015867,-0.6025399,0.115901336,0.42914376,-0.34103268,-0.22996879,0.6178062,0.12435173
3aHSDH%3aHSDH%MBR6526164_1_3-oxoacyl-ACP_reductase_FabG__Clostridia_bacterium_,-0.82598937,-0.75543624,0.9242064,0.8472384,1.0,-1.0,0.13886425,-0.4327615,-0.9324921,0.19167823,-0.12766969,0.0021146857,0.66238934,0.34423894,-0.13130498,0.4108264
3aHSDH%3aHSDH%MCI8514525_1_3-oxoacyl-ACP_reductase_FabG__Lachnospiraceae_bacterium_,-0.8768687,-0.5175031,0.89258635,0.59620494,0.98663986,-0.6418555,-0.9213186,-0.7183699,-0.37873888,0.78360474,1.0,-0.70140165,-0.2744723,0.60128284,0.07826346,0.56808186
3aHSDH%3aHSDH%MCM1345206_1_3-oxoacyl-ACP_reductase_FabG__Muribaculaceae_bacterium_,-1.0,-0.44096288,0.9817645,1.0,1.0,-1.0,0.5797733,1.0,-0.81840897,0.5209589,0.97424793,-1.0,0.041401893,1.0,-1.0,0.24303055
3aHSDH%3aHSDH%WP_270387972_1_SDR_family_NAD(P)-dependent_oxidoreductase__Blautia_hansenii_,0.37738925,-0.09810611,0.2776237,0.17559698,0.03953558,0.2291826,0.5699406,0.69544804,0.20003852,-0.47744808,0.47840583,0.011220179,-0.8789153,-0.88627315,-0.29825294,0.46158564
3aHSDH%CAG5237306_1_short_chain_dehydrogenase__Streptococcus_pneumoniae_,0.14872119,-0.57840526,0.33864853,-0.4167596,0.020532776,0.098554544,-0.96183544,-1.0,0.08623839,0.09313675,-0.104221426,-0.37403813,1.0,0.7496785,0.5540956,-0.93517554
3aHSDH%GENOME060426_131,0.2994705,1.0,-1.0,-0.9045576,-0.21806285,0.17705621,0.879106,0.46893957,-0.5822543,-0.014819193,-1.0,0.26216137,0.3328808,0.5547208,-0.32305244,-0.24909768
3aHSDH%MBQ9141038_1_SDR_family_oxidoreductase__Lachnospiraceae_bacterium_,-0.25224033,0.3941391,-0.71527,-0.74211377,0.052201398,-0.23497535,0.30203483,0.54986244,0.535133,-0.5282705,-0.09942284,-0.5868229,0.71867615,0.569933,0.19211997,-0.34719208
3aHSDH%MCI6899085_1_SDR_family_oxidoreductase__Mycoplasmatota_bacterium_,-0.66838056,-0.506018,-0.11554232,-0.24702528,0.1054668,-0.6705484,0.7169892,-0.11977788,-0.30004326,0.35122788,0.1695939,-1.0,1.0,0.10679571,0.76006883,0.11764762
3aHSDH%MCI7742844_1_SDR_family_oxidoreductase__Clostridiales_bacterium_,-0.1736256,-0.06991737,-0.15140271,-0.33941567,0.09953379,-0.08925566,0.5746001,0.656656,0.08500893,-0.48794767,-0.50279254,0.01070346,0.30910993,0.8369203,-0.004866241,-0.6785737
3aHSDH%MCI8568452_1_3-oxoacyl-ACP_reductase_FabG__Bacilli_bacterium_,-0.11267386,-0.10382857,-0.010554158,0.12554033,0.67805934,-0.24275278,-0.35345182,-0.54435134,-0.7854757,0.66423595,0.44497934,-0.365794,0.46152994,0.2748342,0.19370362,-0.044894304
3aHSDH%MCM1266841_1_3-oxoacyl-ACP_reductase_FabG__Bacteroidales_bacterium_,-0.5686484,-0.8952552,0.6340754,1.0,0.3754454,-0.69739276,1.0,1.0,0.15645728,0.6919591,0.13601638,-0.531461,-0.07775944,0.17597139,-1.0,0.18113185
3aHSDH%MDE7008868_1_3-oxoacyl-ACP_reductase_FabG__Lachnospiraceae_bacterium_,0.035066027,0.7594649,-0.23323898,-0.6525444,0.37018695,0.200527,-1.0,-0.14369763,-0.43321267,-0.7590569,-0.08818013,0.2856629,0.20794353,0.2827701,0.21366024,-0.42877528
3aHSDH%MFR0796835_1_SDR_family_NAD(P)-dependent_oxidoreductase__Oscillospiraceae_bacterium_,-0.8267248,0.29595524,0.033665895,0.34440318,0.73134243,-0.5207568,0.6265551,0.48078516,-0.9757651,-0.24243814,-0.6310486,-0.23453254,0.63613427,1.0,0.42443788,-0.7970423
3aHSDH%WP_020436139_1_MULTISPECIES__SDR_family_NAD(P)-dependent_oxidoreductase__Mediterraneibacter_,0.56026065,-0.06951663,-0.4875053,-0.0659195,-0.6354766,0.38943392,-0.445331,0.49270466,-0.4898654,0.98925626,-1.0,0.046716236,0.47644594,-0.74674314,0.8443281,0.44661066
3aHSDH%WP_044950032_1_SDR_family_NAD(P)-dependent_oxidoreductase__Mediterraneibacter_gnavus_,-0.9582565,-0.1230485,0.2656216,0.11177441,-0.14901243,-0.9418343,0.51674986,0.68644124,-0.18160678,0.3353107,-0.7615248,-1.0,0.65570813,0.7044852,0.26753837,0.22224836
3aHSDH%WP_087213392_1_MULTISPECIES__SDR_family_NAD(P)-dependent_oxidoreductase__Sellimonas_,-0.58899486,-0.47891694,0.5051614,0.52902776,0.45424157,-0.61803687,0.8584436,-0.13264112,-0.43191037,0.81992525,0.15794776,-0.20430315,0.531018,0.38839293,-0.2807777,0.3180899
3aHSDH%WP_104968339_1_3-oxoacyl-ACP_reductase__Streptococcus_pluranimalium_,0.46369648,-1.0,-0.7038305,-0.18130697,0.050888,0.41300863,-0.67002445,-0.00972769,0.27343452,-0.085542455,-0.22098713,0.2966919,0.858679,-0.26401368,0.95417804,-0.49575478
3aHSDH%WP_109137584_1_SDR_family_oxidoreductase__Bifidobacterium_catulorum_,0.23058376,0.4300362,-0.744134,-1.0,-0.6775358,0.23829928,0.39460996,1.0,1.0,-0.59909105,0.23272382,0.3822906,-0.7993734,0.22768986,-0.5167354,-0.20258243
3aHSDH%WP_182279434_1_SDR_family_NAD(P)-dependent_oxidoreductase__Collinsella_intestinalis_,0.05002501,0.2703601,-0.14825705,-0.09941322,0.15057217,-0.19111,0.00675459,0.42913353,-0.10758902,0.18585868,-0.35081017,0.3181502,-1.0,-0.2889647,-0.2813518,-0.011552493
3aHSDH%WP_191282235_1_SDR_family_oxidoreductase__Pseudolysinimonas_yzui_,0.014993733,-0.10456624,0.43071854,0.35974428,-0.78348786,0.084023856,-0.15138291,-0.91058993,0.11491558,-0.29286966,1.0,0.14784873,0.5192885,-0.82892233,0.29760116,0.67926204
3aHSDH%WP_231385278_1_SDR_family_NAD(P)-dependent_oxidoreductase__Candidatus_Stoquefichus_massiliensis_,-0.47428745,-0.92484474,0.22256395,0.46628475,1.0,-0.6989154,0.16761725,0.29194236,-0.8603375,-0.089888744,-0.725253,-0.86387557,1.0,0.238521,0.48620835,-0.3758825
3aHSDH%WP_289544896_1_SDR_family_NAD(P)-dependent_oxidoreductase__Enorma_phocaeensis_,-0.087637074,0.92571706,0.55845016,0.41235712,0.033376016,-0.24570638,-0.8540612,-0.41218132,-0.61525685,-0.45436817,0.37326545,0.2898085,0.23558716,-0.7788551,0.97113675,0.026568405
3aHSDH%WP_316269050_1_SDR_family_NAD(P)-dependent_oxidoreductase__Claveliimonas_bilis_,0.60338324,0.041125115,-0.26622853,-0.46709597,-0.5465223,0.75040215,-0.75454426,-0.5135729,1.0,-0.07800261,-0.7511358,0.08062846,-0.061373875,-0.9180525,0.62709725,-0.616466
3aHSDH%WP_377204125_1_MULTISPECIES__SDR_family_oxidoreductase__unclassified_Pseudarthrobacter_,-0.13212077,0.29939324,-0.25017032,-0.28767473,0.9150658,-0.21434109,0.09008935,0.9518563,0.41645762,-0.17615141,-0.7985356,-0.37488875,-0.10072409,0.33714136,-0.44198486,-0.8398825
3aHSDH%WP_427737837_1_SDR_family_NAD(P)-dependent_oxidoreductase__Bariatricus_sp__SGI_154_,-1.0,0.34912336,0.25405395,0.44764677,0.5152974,-1.0,0.675327,1.0,-0.9873885,1.0,0.21595769,-1.0,0.5204918,0.6560013,0.28919554,0.8950725
3bHSDH%GENOME124823_1686,-0.761594,-0.97925466,0.8630244,1.0,0.4608036,-1.0,0.25590435,-0.32935017,-0.32902855,1.0,0.3761979,-0.5485468,0.9609134,0.43203923,-0.44390216,0.452141
3bHSDH%MEY8522072_1_aldo_keto_reductase__Lachnospiraceae_bacterium_38-10_,-0.1431766,-0.89106697,1.0,1.0,0.1328776,-0.17240296,0.5812439,-0.23156486,-0.110522546,-0.04907362,1.0,0.17037356,-0.34296525,-0.50872266,-0.8138551,0.9117933
5AR%GENOME006039_2690,0.115122356,-0.26898798,-0.42679015,-0.45215508,0.11785127,0.14495496,-0.44743901,-0.31523442,-0.16788033,-0.40995502,-0.3169288,0.06597437,0.24821004,0.18221158,0.82080936,-0.27011305
5AR%GENOME012336_2253,1.0,0.37079096,-1.0,-1.0,-0.71395665,0.8618368,-0.56748724,-0.34359857,1.0,-0.64791083,-0.63909197,0.7944553,-0.50261754,-0.8607403,0.056270566,-0.084007785
5AR%GENOME078645_81,0.53862154,-0.99872875,-0.5501334,-0.08331634,-0.3280669,0.26019165,0.5756679,0.17058912,0.7127439,-0.7041703,0.12199898,0.44265944,-0.050203897,0.6038826,-0.33848438,-1.0
5AR%GENOME084343_2181,0.78366506,0.77422374,0.41324845,-0.28544164,-0.37676603,0.4575602,-1.0,-0.12415587,0.7941153,0.08490899,-0.25220057,0.66184944,-0.6675235,-0.91084623,-0.65930015,0.63424
5AR%GENOME107567_81,-1.0,-0.17840625,0.8319015,0.5978105,0.95792955,-1.0,1.0,0.32287192,-1.0,0.9221302,1.0,-1.0,0.26130328,0.18655883,-0.45430985,0.66737837
5AR%GENOME140582_2251,0.14028858,0.6654087,-0.30188447,-0.47382444,0.35064787,0.12271153,0.15449741,0.16346557,-0.67814904,-0.9353689,-0.09609892,0.10395795,0.5270216,-0.10222951,0.38560247,0.08066835
5AR%GENOME142018_414,0.84662336,1.0,-0.10019198,-0.38625544,-0.517854,0.8810077,-0.36034945,-0.5351837,0.6479686,-0.49855593,-0.5517747,0.65582955,-0.34584576,-0.84203804,0.97791344,-0.6328665
5AR%GENOME179594_130,-0.2927346,-0.09908393,0.2798456,0.9704117,-0.12683466,-0.18986744,0.42714998,0.10659393,-0.28115737,0.37479275,0.17471702,0.40309572,0.3884481,0.23520295,-1.0,-0.13262472
5AR%HIU55603_1_DUF1295_domain-containing_protein__Candidatus_Gallibacteroides_avistercoris_,-0.92872405,0.16705868,0.53964984,0.22044468,0.45874646,-0.9014969,0.33021486,0.56573415,-0.5633922,0.3913924,1.0,-0.6275579,0.03038284,-0.1449733,-0.85780585,1.0
5AR%MBD5276024_1_DUF1295_domain-containing_protein__Bacteroides_sp__,0.53656226,0.35254458,0.058981195,0.69584686,0.11960189,0.26248056,0.38251925,0.34468117,-0.21815902,0.5523222,1.0,0.5923685,-1.0,-0.94954765,-0.9849259,-0.047514793
5AR%MBO5195293_1_DUF1295_domain-containing_protein__Bacteroidales_bacterium_,0.10171336,-0.94811213,0.046675805,-0.062376853,-0.4945418,0.014161056,1.0,0.86927265,0.56645435,0.7865757,-1.0,0.03543941,0.9033676,0.46085274,-1.0,-1.0
5AR%MBP3601379_1_DUF1295_domain-containing_protein__Alistipes_sp__,1.0,1.0,-0.911088,-1.0,-0.5976659,1.0,-0.84305114,-0.1081728,0.27053252,-1.0,-0.18349692,0.282989,0.2659394,-1.0,0.6840726,-0.48517478
5AR%MBR4740186_1_DUF1295_domain-containing_protein__Bacteroidales_bacterium_,-0.95780057,-0.9719318,0.22544816,1.0,0.7853951,-0.7688543,-0.001077199,1.0,-0.21265173,-0.4879406,1.0,-0.8006734,0.5440017,0.6220842,0.013264492,-0.12197135
5AR%MCD7962281_1_DUF1295_domain-containing_protein__Rikenellaceae_bacterium_,-0.10589628,0.4228241,-0.32092035,-0.53646463,-0.66712886,0.035038326,0.68854684,0.2824186,0.15984964,-0.20075594,0.32596743,-0.08971657,0.20166412,-0.677719,0.98188025,-0.6479749
5AR%MCQ2341803_1_DUF1295_domain-containing_protein__Paludibacteraceae_bacterium_,0.0003540137,0.7387679,0.5373723,-0.13941787,-0.29670113,-0.03236583,-1.0,-1.0,-1.0,0.5296311,0.2775547,-0.2913672,0.52832663,0.6857605,0.4264579,0.68837434
5AR%MDE7159808_1_DUF1295_domain-containing_protein__Muribaculaceae_bacterium_,-0.6006448,-0.06841739,0.55901545,0.031452652,0.23584273,-0.7585801,0.5731941,-0.337064,-0.8146625,-0.5182706,-1.0,-0.49378896,1.0,1.0,-0.27221373,0.34621665
5AR%WP_005657188_1_DUF1295_domain-containing_protein__Bacteroides_stercoris_,-0.3691788,-0.43789384,0.1476629,0.2927351,0.5901328,-0.3650942,-0.091353774,0.584086,-0.38444299,-0.17506137,-0.93132716,0.31835255,0.43303856,0.045300286,0.06402639,-0.2888923
5AR%WP_035471352_1_MULTISPECIES__DUF1295_domain-containing_protein__Rikenellaceae_,0.15466373,0.6685587,-0.26339963,-0.38291252,-0.30583617,0.16183667,0.47682375,-0.26650977,0.023589417,0.44737932,-0.82244474,-0.046354547,0.20485948,0.3475459,-0.017702866,-0.31418672
5AR%WP_282194747_1_DUF1295_domain-containing_protein__Alistipes_ihumii_,0.18163925,-0.79206514,-0.5941327,-0.2894928,0.007584231,0.13988781,0.07376062,-0.31521767,0.94725865,-1.0,-0.21773331,0.023101145,-0.12370647,-0.086976916,1.0,0.27841935
5AR%WP_300108487_1_DUF1295_domain-containing_protein__uncultured_Alistipes_sp__,0.48657948,0.22849318,-0.5685507,-0.46214968,-0.50309694,0.4129429,0.4851353,0.2919155,0.77382225,-0.29764035,0.513465,0.62970954,-0.38931158,0.17192183,-0.25045225,-0.38527653
5AR%WP_418203978_1_DUF1295_domain-containing_protein__Bacteroides_sp__,-1.0,-0.37502035,-0.32435268,0.084752634,0.8567124,-0.9163813,0.14314342,0.55469906,-0.7995987,-0.14536348,-0.8126595,-0.82649815,1.0,1.0,-0.030935831,-0.167007
5BR%CAK7070565_1_MAG__NADPH_dehydrogenase__Parabacteroides_sp__,0.59224284,0.6352439,-0.42748228,-0.70822525,-0.06146823,0.55190295,-0.050618723,1.0,-0.15004334,-0.5737737,-0.63461304,0.906477,-0.8695173,0.8306107,-0.9109233,-1.0
5BR%GENOME006024_4796,-1.0,-1.0,0.9616246,0.83410215,0.5800931,-0.7726324,-0.025885796,0.5987933,-1.0,-0.25657952,0.78122973,0.087817974,0.031609062,0.8429154,-0.6532664,1.0
5BR%GENOME006521_2122,0.06612874,0.6751012,-0.3674696,-0.71188056,-0.26670027,-0.09779215,0.92711323,0.005347422,0.17765889,-0.12577258,1.0,-0.30797258,0.296541,-0.58617246,-0.09140491,1.0
5BR%HIX74022_1_NADH_flavin_oxidoreductase__Candidatus_Parabacteroides_intestinipullorum_,-0.47112283,-1.0,0.4944567,0.6764779,0.7958369,-0.50534284,0.10979914,0.20048116,-0.8470368,-0.030988801,0.16985336,-0.72251517,1.0,0.8771814,0.24883458,-0.45486626
5BR%MBO4402754_1_NADH_flavin_oxidoreductase__Bacteroidales_bacterium_,1.0,1.0,-0.8017352,-1.0,-0.86091036,1.0,0.51075876,0.7937013,0.37813288,0.15131995,-0.5810281,1.0,-1.0,-0.7009738,-0.19779927,-0.6655969
5BR%MBO7234306_1_NADH_flavin_oxidoreductase__Paludibacteraceae_bacterium_,-0.6061249,-0.47180292,0.48613802,0.25433955,0.118535295,-0.40307352,-0.38214916,-0.012888121,-0.21580224,0.16786782,0.76874346,-0.37676036,0.56247777,0.61175996,-0.11058036,-0.40812534
5BR%MBO8446450_1_NADH_flavin_oxidoreductase__Candidatus_Enterocola_intestinipullorum_,-0.567726,-0.68005437,0.7927321,0.6252259,0.27932703,-0.20516203,-0.8628325,-0.2902659,-0.05039618,-1.0,-0.11149164,0.01255148,0.5847135,0.9200095,-0.32368803,0.2768923
5BR%MCA9548846_1_NADH_flavin_oxidoreductase__Myxococcales_bacterium_,-0.17439552,-0.34447667,-0.10568715,-0.023334041,0.2951768,-0.2386878,0.7825673,1.0,0.5860165,-0.040392794,0.8177684,-0.10415703,-0.59194434,0.22375275,-0.48202503,0.7005545
5BR%MCH5231198_1_NADH_flavin_oxidoreductase__Muribaculaceae_bacterium_,-0.84823775,-0.5371213,1.0,1.0,0.5749294,-0.8343651,-0.048116617,-0.8903079,-0.51073366,0.6267766,1.0,-1.0,0.2613445,0.026135517,-6.745408e-05,0.7730362
5BR%MCQ2271787_1_NADH_flavin_oxidoreductase__Bacteroidales_bacterium_,0.19793037,-0.47510025,-0.056705885,-0.32463893,-0.03588424,0.032335233,0.49518842,0.5592797,-0.035169102,0.701144,-0.83001214,0.17694332,1.0,-0.0023833474,-0.68614477,-0.75590867
5BR%MDD5892138_1_NADH_flavin_oxidoreductase__Bacteroidales_bacterium_,-0.44262117,-0.6119498,-0.18296051,0.10675203,0.05307709,-0.6846469,0.20371343,0.46817386,-0.1457867,0.62711585,-0.19392262,-0.7157952,0.26371828,1.0,-0.704247,0.7697947
5BR%MEI7492181_1_NADH_flavin_oxidoreductase__Bacteroidota_bacterium_,0.3882993,0.41368386,-0.22450425,-0.3265435,-0.6507168,0.31789947,0.40638784,-0.891906,0.42087206,-0.36554155,1.0,0.6547923,-0.5867812,-0.5586738,-0.9392006,1.0
5BR%MEZ3591839_1_NADH_flavin_oxidoreductase__Muribaculaceae_bacterium_,0.22462767,0.2908206,0.34971735,-0.0057380293,0.04315512,0.050563075,0.6709077,0.32177484,-0.28763288,0.32370633,0.006866439,-0.04772707,-1.0,0.048992377,-0.6656973,-0.057980932
5BR%WP_071425025_1_NADH_flavin_oxidoreductase__Tidjanibacter_massiliensis_,-0.040946748,-0.4289338,0.12440605,0.10753193,-0.37114713,-0.2208746,0.34004265,0.13132845,0.43680614,1.0,-0.64256424,-0.4993775,0.44492227,0.715583,-0.5026294,-0.2076764
5BR%WP_259010233_1_NADH_flavin_oxidoreductase__Parabacteroides_distasonis_,0.23654184,0.9594388,0.11435974,-0.05566178,-0.49193782,0.32007754,-1.0,-1.0,0.11333364,-0.128807,-0.016250432,0.7733067,-0.36825135,0.16899174,0.26242387,0.20100202
5BR%WP_279088787_1_NADH_flavin_oxidoreductase__Alistipes_putredinis_,0.08285903,0.0035807593,0.17920017,0.40702614,-0.09722708,-0.07798437,-0.1575787,0.16816087,0.14845905,1.0,0.22238857,-0.3041904,0.30006665,0.374265,-0.6466299,-0.33105963
5BR%WP_295936477_1_NADH_flavin_oxidoreductase__uncultured_Alistipes_sp__,0.5917043,0.20104909,-0.35376492,-0.89797723,-0.48185727,0.4211379,-0.31648922,-0.085726164,0.25617233,0.04250519,-0.7801168,0.36418748,-0.064951845,0.15692553,0.2330605,-0.49148247
5BR%WP_300285921_1_NADH_flavin_oxidoreductase__uncultured_Alistipes_sp__,-0.21589665,0.05842961,0.4834874,0.229873,0.114686295,0.0033932782,-0.8317401,-0.59950554,-0.092875205,0.08880469,1.0,-0.35360464,-0.4721563,-0.22824553,0.75225365,0.28204945
5BR%WP_302380465_1_NADH_flavin_oxidoreductase__uncultured_Alistipes_sp__,-0.35716477,0.45695406,-0.6300297,-0.8382785,-0.66261584,0.084090106,-0.36246917,0.6473394,0.21946597,-0.86341786,-0.68638206,0.04979441,0.23015533,1.0,0.59068143,-0.4847054
5BR%WP_394671717_1_NADH_flavin_oxidoreductase__Muribaculum_sp__,0.32273602,0.8593572,-0.5241637,-0.2282971,-0.08814924,0.19199301,-0.077959284,-0.1650051,0.2632182,-0.52202183,0.23248613,0.26669106,-0.33421412,-0.22102496,-0.5130245,-0.09962755
5BR%WP_418992344_1_NADH_flavin_oxidoreductase__Alistipes_sp__,-0.49760255,-0.5586273,-0.11903731,-0.16223224,0.74011177,-0.7192716,0.7989312,-0.10589902,-0.11433817,1.0,0.5991855,-1.0,0.42200264,0.47883576,-0.52526236,-0.13986324
7aHSDH%GENOME007043_1033,-0.3529002,0.21178626,-0.03244819,-0.21163963,-0.40190673,-0.28906944,0.77274996,0.79651624,0.32736188,-0.59730506,-0.57923025,-0.5699765,0.37518027,0.10955123,0.4741064,0.3463931
7aHSDH%GENOME018142_1887,-0.7025796,1.0,0.11834076,-0.0447905,0.83482546,-0.8104347,-0.74140567,0.701691,-0.97509545,0.40275383,1.0,-0.11141922,-0.5956525,0.18231723,-1.0,0.45518133
7aHSDH%GENOME025100_397,-1.0,-1.0,0.87937355,0.99576855,1.0,-1.0,1.0,1.0,-0.6872504,0.7816731,-0.019809274,-1.0,0.9326661,1.0,-1.0,0.28658557
7aHSDH%GENOME086444_1757,0.094131246,-0.3924846,0.11308183,-0.09401085,0.09954702,-0.0380232,0.27747396,-0.23894162,-0.56154114,1.0,-0.4880922,0.8015056,1.0,-0.45434567,-0.22260924,-0.33436063
7aHSDH%GENOME122758_282,-0.74602455,-1.0,0.93225193,1.0,1.0,-0.84763634,0.7500655,0.19158277,-0.8970719,0.042956837,0.10902832,-1.0,0.94555974,0.36418897,0.22057877,0.022899283
7aHSDH%GENOME150027_3593,-0.50570977,-0.11826544,-0.4256636,-0.122059084,0.5739033,-0.56295246,0.607984,0.34508035,-0.5056397,0.46780205,-0.58609074,-0.12473324,0.5634961,0.16425043,0.068685986,-0.36054137
7aHSDH%GENOME215422_1346,-0.72802657,-0.10466255,0.12108217,-0.038209215,1.0,-0.41091686,0.27382332,0.75236195,-0.341887,0.500565,-0.39755842,-0.5936277,0.2516044,-0.036278453,-0.39804235,0.4404984
7aHSDH%MBE5948790_1_SDR_family_oxidoreductase__Lachnospiraceae_bacterium_,-0.37039208,-0.000110434936,0.3413278,-0.06549867,-0.024755942,-0.38726148,0.37648597,0.23869894,0.22491547,-0.26256838,-1.0,-0.39119595,0.31697154,1.0,-0.07926847,-0.26452705
7aHSDH%MBHC130__Clostridiales_bacterium_1_7_47FAA_,-0.60828674,-0.17487311,0.47428125,0.8677319,1.0,-0.95574594,-0.28239453,0.20280583,-1.0,0.9826899,0.9132173,-0.7950703,0.48692507,0.687427,-0.57956076,0.42458567
7aHSDH%WP_071121323_1_7alpha-hydroxysteroid_dehydrogenase__Romboutsia_timonensis_,0.40082362,0.11737698,-0.9940276,-1.0,-0.33394516,0.6362352,-1.0,-0.28369528,0.055089545,-0.2806735,0.29941967,0.27290416,-0.05294831,-0.24407269,1.0,-0.41320425
7aHSDH%WP_262434703_1_7alpha-hydroxysteroid_dehydrogenase__Jilunia_laotingensis_,0.29360342,0.049464036,-0.11703602,-0.46209532,-0.0930809,0.28308195,-1.0,0.07952527,-0.11721317,-0.40210983,-1.0,0.275883,0.5825235,0.3439602,0.5203989,-0.7908777
7aHSDH%WP_288686302_1_SDR_family_NAD(P)-dependent_oxidoreductase__partial__uncultured_Bacteroides_sp__,-0.4046395,0.17401437,0.015319818,0.12717399,0.39170098,-0.31679815,0.010601588,0.28831682,-0.38587305,0.20359774,-1.0,-0.25448984,0.5109429,0.40452975,-0.037307363,-0.057529036
7aHSDH%WP_303013929_1_7alpha-hydroxysteroid_dehydrogenase__uncultured_Bacteroides_sp__,0.18790627,0.59794337,0.21394625,0.2823618,-0.018394684,0.35471755,-1.0,-0.8877454,-0.18620263,-0.3580689,0.46359777,0.08874882,-0.14438012,-1.0,0.18361221,1.0
BSH1%UPI0002624191,-0.7570309,-1.0,0.5005273,0.6602773,1.0,-0.78828984,0.6422734,0.26017544,-0.58264744,0.30265978,-0.16097528,-1.0,1.0,0.6076698,0.1926508,-0.9373858
BSH1%UPI000289C842,0.11533592,0.542137,-1.0,-0.7855245,0.20098771,0.2410639,-0.56434554,-0.83683795,0.64780045,0.5843028,0.6968073,-0.06552541,-0.018049642,-0.5673108,0.54269534,0.9603812
BSH1%UPI0002CB0E7D,0.53769195,0.028263744,-0.699265,-0.65887696,-1.0,0.47108462,0.6169242,0.33253154,1.0,-0.17047893,0.06416434,0.10164601,-0.63046086,-1.0,-0.16960138,0.5865038
BSH1%UPI0002F95F26,-0.19274232,-0.31386617,0.05726005,0.25768846,-0.47010332,-0.23820992,1.0,1.0,-0.70490295,1.0,0.50737035,-0.11508205,-0.05910426,-0.31384498,-0.24761778,-0.069606304
BSH1%UPI000334E1FF,0.06329589,0.421879,-1.0,-0.6349104,-0.33810142,0.058442675,-0.20215133,0.0737109,0.34538394,0.5300217,-0.47349378,-0.05710237,0.55515015,1.0,0.18715382,0.019988611
BSH1%UPI00033F0DE9,0.0023614208,0.08542345,-0.32037807,-0.26481092,-0.045177523,0.3017032,-0.8244947,-0.33085185,0.0121479705,-0.34175605,0.9034849,0.58240914,0.10330628,0.07936758,0.69271845,-0.23421969
BSH1%UPI0003A10C39,0.2880156,0.31708205,-0.95032907,-0.8677284,-0.71067965,0.3474172,-0.4387607,-0.19128233,0.81495893,-1.0,-0.19788152,0.36294946,-0.22342244,0.7897152,0.6231887,-0.5238906
BSH1%UPI00044AC395,-0.7523179,0.2383136,0.36909118,0.78485554,0.63308656,-0.77023184,1.0,0.8119782,0.21905626,0.37843278,0.572573,-0.048145488,-0.57643753,0.1727516,-1.0,0.5363503
BSH1%UPI0004BCDDD9,0.24755414,-1.0,0.4695749,0.90317917,0.31516,-0.21694326,0.2523912,0.051122595,-0.09296019,-0.49002272,0.20616283,0.93005264,-0.16804731,-0.1707749,-1.0,-0.19163047
BSH1%UPI0004D6A0E9,-0.18401738,-0.68809485,0.41283226,0.32118002,-0.14022316,-0.038527384,0.592911,-0.04277256,-0.01603677,0.8037532,0.56515974,-0.26515776,-0.25890976,-0.9640565,0.49547604,0.08094985
BSH1%UPI0004F8D610,-0.25802615,-0.17239301,0.2935112,-0.52114177,-0.2411252,0.14865199,-0.9857006,-0.8750672,0.16393362,-0.53872705,0.8987358,0.48408285,-1.0,0.23156482,0.5953437,0.28769225
BSH1%UPI00064A1F29,-0.4780661,-0.17520142,-0.02707816,0.10067274,0.031910498,-0.4895619,1.0,0.32144848,-0.47037962,0.7058606,-0.4725606,0.42554897,0.3386498,1.0,-0.6227084,-0.89335495
BSH1%UPI00070D1B8F,0.26686278,-1.0,-0.44964704,0.25852805,0.51141536,0.3704798,-0.7395548,-1.0,0.37546867,-0.12421643,-0.9088252,-0.06733128,0.3868485,0.11297458,0.64774144,0.05408904
BSH1%UPI00073AFD00,-1.0,-0.77306163,1.0,1.0,1.0,-1.0,1.0,0.7814459,-1.0,0.8499962,1.0,-1.0,1.0,1.0,-0.7722043,0.91474724
BSH1%UPI00076E9CCB,0.40607914,-0.79919535,-0.560915,-0.49497542,-1.0,0.24907905,-0.11672283,-0.29283977,1.0,0.5482521,0.4032041,-0.46264338,-0.17553945,-0.6867734,0.15741165,0.84083015
BSH1%UPI000949473C,-0.44165784,-0.3888964,0.96737677,0.80927974,0.307572,-0.46255437,1.0,1.0,-0.525878,0.44217637,-1.0,-0.3325235,0.37789124,0.9323177,-1.0,0.35429206
BSH1%UPI00095B1DAC,0.5833473,0.4058535,-0.7754972,-0.21868578,-0.79359126,0.36829805,-0.95349854,-0.75802296,1.0,0.9347449,0.3743835,-0.031003578,-0.9563377,-0.26151538,0.6736207,-0.009659596
BSH1%UPI00095C7CBB,-0.04270513,0.4088932,-0.10508813,-0.18037972,-0.56359625,-0.049463063,0.06670659,-1.0,0.549256,1.0,-0.6158692,0.1473988,0.25634083,-0.56326914,-0.43798068,0.55544823
BSH1%UPI000A00C8F6,0.12073401,0.15583746,0.42480433,0.20423879,-0.07826677,0.14331111,-0.5498137,0.034026604,-0.1315403,-0.024369339,-0.88187885,0.24531382,-0.23233591,0.6633643,0.3044324,-0.4343267
BSH1%UPI000BCCCB22,0.2784101,0.034238916,-0.24672784,-1.0,-0.6451096,0.3085599,-0.083468266,0.16689923,1.0,0.26886877,0.5377555,0.13558404,-0.25656897,0.445138,-0.20073721,-1.0
BSH1%UPI000CF9C992,0.17729636,-0.49455926,0.7192969,0.3736461,0.52940995,-0.11048026,-0.011613904,-0.719184,-0.5729588,-0.12461704,0.6144956,0.16710852,0.25314808,0.25238484,-1.0,1.0
BSH2%UPI0000382136,-0.89983726,0.021913197,0.90830386,1.0,0.8012777,-1.0,0.43570122,1.0,-1.0,-0.17032906,1.0,-1.0,0.2754506,1.0,-0.42154586,-0.018828545
BSH2%UPI00017C25E3,0.44982812,0.2368424,-0.8778888,-0.8667826,-0.33090666,0.46887043,0.10006737,0.9444441,0.42303175,-0.22624609,0.44356284,0.16893908,-0.84828556,0.27685705,-1.0,0.12359095
BSH2%UPI0001C1C05D,-0.5081991,-0.5309234,0.48033622,0.75492156,0.93238306,-0.61635053,0.20372517,-0.023022866,-0.0081639355,-0.31008917,0.07366307,-1.0,0.31866312,-0.15504114,-0.062097587,0.26522267
BSH2%UPI0001CF4F1D,0.5876646,0.196104,0.7016347,0.1193195,-0.68601084,0.32329848,-0.36110532,-0.25948006,1.0,-0.8615408,0.7771665,0.11156908,-0.14404546,-1.0,0.045648385,0.519491
BSH2%UPI0002814877,-0.2737683,-0.086938426,0.434076,0.86742663,0.51537436,-0.30621886,0.029135212,0.25735056,-0.3172061,-0.89914125,1.0,-0.46208525,0.43136814,-0.67954683,0.043560725,0.50631666
BSH2%UPI00038B932A,0.34685647,1.0,-0.15182762,0.09587038,0.2186654,0.23136002,0.11055875,0.062955,-0.2457873,0.08014625,0.71818167,0.5902035,-1.0,-0.28270444,-0.9340947,-0.11285152
BSH2%UPI000396CDDF,0.3454278,-0.8432764,0.34057912,0.062698655,-0.455937,0.5958755,-0.89454204,-1.0,0.27628937,0.04054246,-0.011957297,0.3146613,-0.25088787,-0.5817276,0.3835506,-0.120636985
BSH2%UPI0003AD64AE,0.9083893,0.6403079,-0.3458208,-0.12018767,-0.8795521,0.8917029,0.6645641,0.036070123,0.89992297,0.9875373,-0.28821138,0.87810504,-1.0,-1.0,-0.89972603,0.50228125
BSH2%UPI000508CF7A,-0.6281694,-0.3989499,1.0,1.0,0.31579933,-0.8482851,1.0,1.0,-0.53690475,1.0,1.0,-1.0,-0.9081154,0.74515474,-1.0,1.0
BSH2%UPI00050FFCF5,1.0,0.181823,-0.906,-0.6604695,-0.62208503,1.0,-0.27111793,-0.5014365,0.34073588,-0.4066298,-1.0,1.0,-0.19762938,-0.9609463,0.7831935,-0.3557857
BSH2%UPI0005D317A6,-0.9868117,-0.7802941,1.0,1.0,0.7437225,-0.8488526,-0.034864273,-0.08541301,-0.060708806,0.64969015,0.7575843,-1.0,-0.14030287,-0.9106213,0.32521978,0.63341904
BSH2%UPI0006C0EB58,-0.64484805,-0.65621,-0.74197876,-0.19746676,0.48894897,-0.5288558,0.16943268,-0.07015725,-0.5226274,0.08209131,0.41848153,-0.3437106,0.80074954,1.0,0.0993531,0.5303816
BSH2%UPI0006C1ADDE,-0.16033399,0.12406079,0.82070255,0.8404351,0.38608053,-0.19524617,1.0,1.0,0.04087638,-0.2376592,0.711176,-0.3421988,-1.0,-1.0,-0.9645094,0.8235664
BSH2%UPI0006C23C60,-0.46856195,0.101667486,0.24968152,0.46496308,0.10843527,-0.35842544,0.7416659,0.21193565,0.39674366,1.0,0.7894877,-0.37890446,-0.22724877,0.48817354,-0.5557162,-1.0
BSH2%UPI0006C45BC8,-0.37996647,-1.0,0.1614346,-0.4715162,0.4842857,-0.1603831,-1.0,-0.5013969,0.09433177,0.072821096,0.2945371,-1.0,0.9466466,0.33794835,1.0,-0.6042281
BSH2%UPI0006C4A6B6,0.37837857,0.43321338,-0.064836495,-0.5693267,0.25357956,0.23676182,0.02198423,0.58153087,0.26650292,-0.42533365,0.93706775,0.21728183,-1.0,-0.4947494,-0.5121112,0.030572006
BSH2%UPI0006CAB5AD,-0.14714757,0.5059635,-0.37194583,-0.26592535,-0.10857361,0.10801789,-0.3648193,0.081834584,-0.99714607,-0.15653819,0.3769982,0.40711015,0.640021,0.63987124,0.78707623,-0.48604298
BSH2%UPI0006CABE2C,1.0,0.16488452,-0.62585026,-0.6349274,-1.0,1.0,-0.37027106,-1.0,1.0,-0.85511744,0.4362692,0.1722912,-0.8455787,-0.88677734,0.7317554,-0.059424672
BSH2%UPI00082051E1,0.3244786,-0.33906496,0.7149911,0.42402083,-0.082908496,0.43457845,-0.29190207,-1.0,-0.32421565,0.090154506,-1.0,0.48971695,0.15631777,0.1326741,-0.05120363,-1.0
BSH2%UPI00082062C1,0.55781835,-0.13242696,-0.6147278,-0.5359925,-0.48019692,0.3283974,-0.7780446,0.05303212,-0.4371009,-0.35055688,-1.0,0.44166583,0.5798798,0.44052306,0.34353223,-0.34579808
BSH2%UPI000820857A,-0.50189316,-0.81715876,-0.35952356,0.04950126,-0.2180896,-0.52631015,-0.38548362,-1.0,0.4126529,-0.15735412,1.0,-0.6302755,0.35680658,0.86068434,0.23147966,-0.052424025
BSH2%UPI000820B778,0.0059165885,-0.08091446,0.119732805,0.49325746,-0.24080676,-0.12451301,0.75287133,-0.04137738,0.81154597,0.07094386,-1.0,-0.11658181,-0.2393505,-0.012136589,-0.00091831724,0.35610843
BSH2%UPI000821232B,0.38660285,1.0,-0.5529695,0.19203046,-0.61654454,0.19354214,0.6807551,0.4722722,-1.0,-0.24652265,-0.2847813,0.37887132,0.5861097,0.48317868,-0.34761688,0.5093421
BSH2%UPI0008219BA0,-0.789321,0.1853106,1.0,0.7495561,0.90560335,-0.6158533,-0.22001539,1.0,-0.86973417,-1.0,0.99154884,-0.8974765,-0.113496594,-0.36304054,-0.83782995,0.4868001
BSH2%UPI000821B1D8,0.8081729,-0.018899536,0.40627512,-0.5912257,-0.78088754,1.0,-0.19812271,-1.0,0.15629628,-1.0,-0.42263368,1.0,-0.45207363,-0.9087425,0.75389934,-0.10287889
BSH2%UPI000821B9AC,0.14074236,0.96633846,0.015738737,-0.38917518,0.035523113,0.04439801,-1.0,-0.21381664,-0.45786834,-0.07408409,0.19681576,0.50560886,-0.007098197,0.49495238,0.050790083,-0.3587036
BSH2%UPI000821FD65,-0.110020496,-0.5602636,0.9545626,1.0,0.5948163,-0.11743632,-0.2642185,-1.0,-0.09397407,-0.67396665,-0.0543927,-0.48141536,0.6374059,-0.06473603,1.0,0.07148592
BSH2%UPI0008221FCC,-0.5029719,-1.0,0.44748315,0.38255832,0.8687929,-0.29621556,-1.0,-0.6442941,-0.6092466,-0.060307473,0.08254632,-0.60126615,1.0,0.04003756,0.7488759,0.31514192
BSH2%UPI0008222B5A,0.051279895,-1.0,1.0,0.89879614,-0.10167045,-0.11021142,0.8062949,0.71146077,-0.88496435,0.30811903,0.3717833,0.1795469,0.28840145,1.0,-1.0,-0.16702315
BSH2%UPI000822F9A5,-0.34071574,0.4319394,1.0,0.47280866,0.91320974,-0.5471487,-0.43520436,1.0,-1.0,0.22848979,0.71443236,-0.42172983,-0.38707453,0.50708497,-1.0,0.43354556
BSH2%UPI0008E59C2D,0.31897062,0.11575999,-0.7844473,-0.568528,0.08986131,0.51462156,0.20207135,0.1329698,-0.43486154,-1.0,-0.22874448,0.6169123,0.107148804,0.12550664,1.0,-0.53036946
BSH2%UPI00095B7069,0.6062768,-0.40994248,0.29335117,-0.43529204,-0.47702324,0.38530946,-0.15343007,0.36504272,1.0,-0.080080844,0.685698,0.7295667,-1.0,-0.4987366,-1.0,0.34563982
BSH2%UPI000960BD65,0.017322041,0.06959191,-0.48062116,-0.61470866,-0.15223843,0.0066510765,-1.0,-1.0,0.21704882,0.35445642,1.0,0.23312137,0.54622227,-0.59751105,0.6527897,0.22584356
BSH2%UPI0009611255,-0.47439244,-0.5805843,-1.0,0.43291575,0.4039378,-0.47621226,1.0,1.0,-0.25416237,0.15226947,-0.47558472,0.045301046,0.38159534,1.0,-1.0,-1.0
BSH2%UPI000961A2BF,0.586421,0.79047966,-1.0,-0.31473017,-0.11471361,0.5294211,-0.14038779,-1.0,0.89746153,-0.3115737,1.0,0.45127028,-0.746216,-0.6760854,0.7879156,0.700325
BSH2%UPI000965B48B,-1.0,-0.458992,0.9062819,0.4648411,0.940082,-1.0,0.6784328,0.744783,-0.6611698,1.0,0.7065696,-1.0,0.6744788,0.7588614,0.027673004,0.79921114
BSH2%UPI00096829BD,-0.09101347,-0.24152909,1.0,0.93978226,0.23998779,-0.16915122,0.43909344,0.46402878,-0.018188983,0.4811667,-0.73707265,-0.85461986,-1.0,0.19107231,-0.20955592,-0.35793895
BSH2%UPI000D6581CE,0.63884324,-0.78537387,-0.55529493,-0.8492348,-0.4439253,0.301082,-0.15221585,-1.0,0.7772884,-0.32091781,-1.0,-0.05046668,1.0,-0.4587162,1.0,-1.0
BSH2%UPI000D7A6AEA,-0.34419197,-0.2942055,-0.1655406,0.4143602,1.0,-0.19709294,-1.0,-1.0,-0.9995494,0.6465577,0.8299374,-0.6394399,-0.07251811,-0.55139,1.0,1.0
BSH2%UPI000D7ABA35,-0.010980988,0.29527178,-0.04909442,0.6433283,0.13598889,-0.14772487,1.0,0.08904691,-0.20639236,0.06062574,-0.21148121,-0.21666615,0.63358825,-0.27554843,-0.39327124,0.0054632504
BSH2%UPI000D7ADB68,-0.15374616,-0.27926284,-0.32749167,0.33584532,0.087027475,-0.33758938,0.8435785,0.628998,-0.0011922999,0.6191162,-0.4010929,0.06870562,0.5571083,-0.01762374,-0.6497674,-1.0
BSH2%UPI000D7AF0AB,-0.4060572,1.0,-0.29519942,-0.22505815,0.19105929,-0.18316403,-1.0,0.008096969,0.2172035,-0.12750334,-0.29722267,-0.38875422,-0.22795054,0.4317657,0.6200278,-0.4956417
BSH2%UPI000DF74F5E,0.46209168,-1.0,0.066918686,0.054811914,-0.4809483,0.30437562,-0.79705834,-0.15067016,0.6673049,1.0,0.20486282,0.053745065,-0.43899155,-0.7545379,0.27377045,-0.19505967
BSH2%UPI000DF7AEC4,-0.28972927,0.33463603,-0.1719859,0.47260448,0.16863152,-0.059681695,-0.032933977,-1.0,0.016309906,0.019686352,0.4783246,-0.4207265,1.0,-0.753607,1.0,-0.7634411
BSH2%UPI000DF86417,-0.19034928,0.014504632,0.5956174,0.39663342,0.19583587,-0.26233968,0.7279082,0.45326152,-0.41667873,1.0,0.6069333,-0.101156436,-0.1588953,-0.6655863,-0.5585012,-0.7335216
BSH2%UPI000E40484B,0.47953808,1.0,-0.063391745,-0.5304729,-0.82133317,0.44596976,-0.36008722,-0.6739677,0.9633985,-0.9109186,-0.6481264,0.6633373,-0.18526341,-0.17734239,0.7727108,-1.0
BSH2%UPI000E466DA6,-0.5779397,0.96925896,-0.19294558,-0.31906328,0.58262664,-0.43220627,0.11375463,1.0,-0.3064849,1.0,1.0,-0.32680973,-0.4476001,0.30828363,-0.8739628,0.5160232
BSH2%UPI000E4BF981,0.54340994,0.6909033,-0.423437,-0.780925,-0.07466786,0.46079376,-0.98233616,-0.93390983,0.12531672,-0.049398523,-0.1776777,-0.12839821,0.12711483,-0.0043964665,0.26592794,0.5396662
BSH2%UPI000E4E4D64,-0.39141482,0.5394732,0.30336085,0.5686993,0.7880979,-0.57937014,1.0,0.96946454,-0.62841,-0.10738145,0.6046904,0.14633158,-0.66668105,-0.008557548,-0.94003606,0.07245948
BSH2%UPI000E53BC4B,-0.2255095,0.9163124,0.6591737,0.67174464,1.0,-0.3723884,-1.0,-0.6544759,0.18099225,-1.0,1.0,-0.03689678,0.61683095,-0.124489136,-0.97367936,0.8218157
BSH2%UPI000E53DAEE,-0.5852268,-1.0,-0.032136273,0.22860113,0.7546917,-0.7078892,-0.27305526,-1.0,-0.7584218,0.55014294,-0.32844257,-1.0,1.0,1.0,0.27315456,0.5813289
BSH2%UPI000E80FD85,-0.8225143,-0.89875996,0.8632363,0.7411842,0.80835336,-1.0,1.0,1.0,-0.8167652,-0.44177073,0.6209851,-1.0,0.050034568,0.3953949,-0.92170364,1.0
BSH2%UPI000E8B2418,0.6195346,0.7515411,-0.86181206,-0.7262534,-0.80551064,0.5600707,-0.9298246,-0.7427544,-0.070865765,-0.08220697,-0.31487122,0.7106645,0.25677413,0.30009422,0.3371487,0.95161384
BSH2%UPI000E8E16B0,0.36921468,-0.31287637,-1.0,-0.6921121,-0.25176275,0.2687071,0.4971445,0.09755492,1.0,0.26804036,-0.43147346,0.026299909,0.01384078,-0.1422218,0.48359537,-0.99690336
BSH2%UPI000E91045C,-0.018095234,0.015423327,-0.37834156,-0.76131743,-0.15212914,0.20775613,-0.03073531,0.007466154,0.35506386,0.85162276,0.8804299,0.11835477,0.08297609,-0.5068327,0.7407782,-0.17731188
BSH2%UPI000EC98B2C,-0.6715055,-0.86498,0.6074649,1.0,1.0,-0.64372104,0.96696126,0.8007512,-0.4451572,1.0,0.22188975,-0.11043501,-0.4148552,-0.5587069,-0.91097355,0.39736843
BSH2%UPI000EE4CDBB,-0.42856732,-0.35677245,-1.0,-0.8756475,0.0035673925,-0.13253045,-0.22754419,0.011288295,0.014172264,-0.055785023,-0.46376622,-0.082381085,0.96512884,0.7917465,0.7760238,-0.79086787
BSH3%UPI00016547A5,1.0,0.47726604,-0.59809536,-0.71280926,-1.0,1.0,-0.9041661,-0.36503643,1.0,-1.0,0.35269427,1.0,-1.0,-0.87567544,-0.13946648,-0.01962213
BSH3%UPI00017EF3F1,0.36994046,-0.23032358,0.30967197,0.0034544764,-0.16903943,0.4092822,0.18461303,0.02574716,-0.14938906,0.0018221055,-0.42511696,1.0,-0.80870575,-0.34672478,-1.0,-0.2595044
BSH3%UPI0001A5F983,-1.0,-0.8247273,0.032180484,-0.31593072,0.8415991,-1.0,1.0,1.0,-0.65733606,1.0,0.026880413,-1.0,1.0,0.7587508,0.2003385,-0.5831426
BSH3%UPI0002132A6C,-0.450137,-0.6814597,0.14562169,-0.0105215125,0.8362293,-0.52880573,-0.7475886,0.10086602,-0.49755177,0.8044001,0.23413323,-0.6003357,0.46912643,0.89587015,0.052229542,-0.25178128
BSH3%UPI00033CE23D,-0.08896114,0.518355,0.614189,1.0,0.45780826,-0.39681935,0.15556058,-0.16739908,-1.0,0.025346847,-0.16380931,0.07953195,0.3753798,0.54309374,-0.72059226,0.58124447
BSH3%UPI00035F5DCE,-1.0,-0.95277685,0.41394785,0.633599,0.5787526,-1.0,0.21725237,-0.11435827,-0.7360114,0.6820204,0.078250095,-0.94357497,1.0,1.0,0.25937027,0.3388547
BSH3%UPI00080CB216,0.37011093,0.88943595,-0.30739686,0.49038535,-0.6973682,-0.023553222,0.8395045,0.42490867,-0.39768147,0.8479494,-0.78379625,-0.23139954,0.1223657,-0.01014645,-0.83427536,0.5369131
BSH3%UPI000CF406F5,-0.1489692,-1.0,-0.3925705,-0.5125679,0.6150396,-0.29170015,0.72040284,0.01188967,-0.4280694,0.52840835,-0.00891029,-0.506647,1.0,-0.55506706,1.0,-1.0
BSH3%UPI000E4DFA31,0.9567759,0.63140875,-0.17869185,-1.0,-1.0,0.9614696,-0.55771095,-0.2804641,0.66429514,-0.7973827,-0.7768831,1.0,-0.66918623,0.0144754555,0.7011706,-0.67960364
BSH3%UPI000E555DC1,-0.55736536,-0.19881962,0.39035806,0.22877438,0.23173577,0.042560577,0.21767181,-0.37502423,-0.51456815,0.3839357,0.44426933,-0.47584745,-0.32094494,0.53551686,0.48626602,-0.56409806
BSH3%UPI000EF23C17,-1.0,-0.8827579,0.19824134,0.45859557,0.36542243,-1.0,-0.23141128,-0.8877434,-0.4091175,0.91546184,0.38441777,-1.0,1.0,-0.2920568,0.5006034,1.0
BSH4%UPI000463D8BF,0.19976626,-0.58133537,-0.16269317,-0.28810942,0.30732253,0.032561332,-1.0,-0.16889527,-0.54221183,0.21277876,0.07354702,0.562311,0.4733349,-0.5676869,1.0,-0.1670649
BSH4%UPI000822CCAE,0.81605095,0.06593541,0.36381647,-0.18582797,-0.43820915,0.7613224,-0.37501216,-0.16063152,0.80106395,-0.19831805,0.6479391,0.82551324,-1.0,-1.0,-0.36294168,0.2905454
BSH4%UPI000B375707,-0.16359444,-0.49815986,0.2651919,0.40284535,1.0,-0.15410718,0.09477676,-0.085621126,-0.54167986,-0.19087939,-1.0,0.22035769,0.15728638,-0.15519246,0.099700995,-0.21960412
BSH4%UPI000E54B9B5,-0.36635038,0.43441516,-0.7708882,-0.13269283,-0.0473003,-0.37310222,0.9726439,0.42055053,0.15437508,-0.015348523,1.0,-0.027223064,0.1906954,0.95581645,-0.7515485,0.7431795
BaiA%QinJ_2012__T2D-016__bin_41_fa_BDDCEIPF_01842__3alpha-hydroxy_bile_acid-CoA-ester_3-dehydrogenase_2,0.426032,0.3092101,0.032632038,-0.63712764,-0.56176734,0.544321,-0.48185578,0.026028035,-0.10470771,-0.047010187,0.21091616,0.29776025,-0.20760345,-0.83269733,-0.08012052,0.2508535
BaiA%SRR3992974_bin_8_EOPEKEED_01051__3-oxoacyl-_acyl-carrier-protein__reductase_FabG,-0.140847,0.8850446,0.31705055,0.23071507,0.29209277,-0.2371366,-0.25021294,-0.6419711,-0.33552262,-0.34184873,-0.8303928,-0.030199222,0.9413829,-0.5692522,0.15485243,1.0
BaiA%bai_cluster_2%midas_uncultured_Eubacterium_73696%uncultured_Eubacterium_73696|FMDW01000013_861,1.0,0.020668,-0.61687887,-1.0,-1.0,1.0,-0.5195724,-1.0,1.0,0.46984345,-0.27427456,0.7562916,-0.9423137,-1.0,0.07636538,0.10457679
BaiA%bai_cluster_3%midas_Clostridium_hylemonae_61789%Clostridium_hylemonae_61789|NZ_GG657759_1098,0.38027397,0.41284943,-0.37691036,-0.5949216,-0.010908702,0.47482955,-0.6459113,-0.3803944,0.10225059,-0.8342885,-0.13486624,0.14096782,-0.300065,-0.74515873,0.82337695,-0.4066746
BaiB%CosteaPI_2017__SID713A038-11-90-0__bin_26_fa_FGHNBBEK_00429__Bile_acid-coenzyme_A_ligase,-0.19930623,-0.65925175,0.8845328,1.0,0.92594683,-0.19336285,-0.38019302,-0.08314785,-0.19182307,0.17484872,0.41799542,-0.39836505,-0.19387446,-0.20465747,-0.5909369,-0.22740917
BaiB%MDY5565236_1_bile_acid--CoA_ligase_BaiB__Candidatus_Limivicinus_sp__,-0.549889,-0.93913746,-0.49239197,-0.60208505,0.094157286,-0.38663083,0.61482304,1.0,0.10399232,0.73388934,-0.035005108,-0.8754738,0.808995,-0.25094706,0.15270998,-0.6883107
BaiB%Obregon-TitoAJ_2015__NO11__bin_28_fa_ODBMCAMJ_01958__Bile_acid-coenzyme_A_ligase,0.72128206,0.9797838,-0.67531306,-0.5857317,-0.59216964,0.6322083,-0.030905003,0.7271175,0.6766989,0.545024,-1.0,0.5276645,-1.0,-0.25141013,-0.4715891,-0.48446235
BaiB%WP_286151641_1_bile_acid--CoA_ligase_BaiB__Sporofaciens_musculi_,0.15441164,0.5666761,-0.48225644,-0.17035173,-0.61331505,0.12466761,-0.28330418,-1.0,1.0,0.5781176,0.035051074,-0.12781414,-0.46826258,0.39995465,0.35796422,0.12390337
BaiB%bai_cluster_10%midas_Lachnoclostridium_nov_76594%Lachnoclostridium_nov_76594|ERS138182_8080_1_84_3_3065,0.92117715,-0.04010799,-0.27582446,-0.52330655,-0.8070986,0.90611744,-0.77066576,-1.0,0.66437125,-0.38885418,-0.04466722,0.61801106,-0.3361605,-1.0,0.5947697,-0.09576175
BaiB%bai_cluster_2%midas_uncultured_Eubacterium_73696%uncultured_Eubacterium_73696|FMDW01000013_871,0.48964214,1.0,-0.9484243,-1.0,-0.658794,1.0,-0.9625276,-0.66119426,0.69279003,-1.0,-0.81493324,0.93257946,-0.23663795,-0.4562619,1.0,-0.4991545
BaiCD%HIT29267_1_FAD-dependent_oxidoreductase__Candidatus_Scatomorpha_stercoravium_,0.4350955,0.83610123,-0.019000616,0.15263306,-0.50675887,0.51882344,-0.010966637,0.36869398,-0.34102133,-0.020870926,-1.0,0.5723515,-0.22046778,-0.68396896,-0.3212984,0.19646843
BaiCD%MCI8583944_1_FAD-dependent_oxidoreductase__Dorea_sp__,-0.67652184,0.0033312982,-0.4993043,-0.101958424,0.5333305,-0.5945755,0.84344965,1.0,0.06879523,0.26721603,-0.73414373,-0.48786786,0.12442781,-0.008384473,-0.46920744,-0.6664029
BaiCD%MEI3381486_1_FAD-dependent_oxidoreductase__Dorea_sp__,0.9266409,0.85468775,-0.7096225,-0.9607154,-1.0,1.0,-0.46665466,-0.22114156,1.0,-0.57714283,-0.29676548,0.82367176,-1.0,-0.25870675,-0.15560423,-0.67518437
BaiCD%XieH_2016__YSZC12003_35390__bin_5_fa_PIKIEFGP_00577__NADH_oxidase,-0.0774108,-0.68819165,0.17225754,0.1632647,0.20683461,-0.014829353,0.18854094,1.0,-0.75591236,1.0,0.18716471,0.5700783,-0.45642638,0.7684082,-0.99433446,0.71701264
BaiCD%bai_cluster_1%midas_Clostridium_hiranonis_61655%Clostridium_hiranonis_61655|NZ_DS995354_290,-0.050187234,-0.27229977,0.1695965,0.056240484,0.26959488,0.18772033,-0.75085557,-0.53339356,-0.08220171,-0.73873967,0.34962645,-0.075663686,-0.17244713,-0.33657533,0.7585631,-0.23255424
BaiCD%bai_cluster_10%midas_Lachnoclostridium_nov_76594%Lachnoclostridium_nov_76594|ERS138182_8080_1_84_3_3076,0.67308736,0.017140333,-0.15974683,-0.5127288,-0.53940123,0.72941583,-0.73816144,-0.56603247,0.961896,-0.34780887,0.21437697,0.3490921,-0.77575094,-0.60976696,0.5150039,-0.28422862
BaiE%FengQ_2015__SID531416__bin_49_fa_CEDOFBAM_00064__Bile_acid_7-alpha_dehydratase,0.2803348,0.41046956,0.75489104,-0.05422232,-0.46664396,0.58661103,-0.13444558,0.33023524,0.408569,-0.92844015,0.62884,0.30147445,-1.0,0.6439327,-0.9753584,-0.13580538
BaiE%LiJ_2017__H3M515915__bin_8_fa_COLEEGFP_01274__Bile_acid_7-alpha_dehydratase,-0.3797188,-0.36818394,0.48895362,1.0,0.48121163,-0.32206872,-0.23299095,-0.117109396,-0.6328291,0.15038458,0.578844,0.039013155,-0.8085078,0.7575819,-1.0,1.0
BaiE%MCI8938768_1_nuclear_transport_factor_2_family_protein__Dorea_sp__,0.28151083,-0.43862912,0.7690646,1.0,-0.20877899,0.23859636,-0.01377371,-0.89541054,0.94661826,0.76237327,1.0,0.17685471,-0.64841783,-1.0,-0.33930612,0.42911533
BaiE%bai_cluster_2%midas_uncultured_Eubacterium_73696%uncultured_Eubacterium_73696|FMDW01000013_166,0.56239784,0.018053163,-0.021790631,-0.5979743,0.026252413,0.68943226,-0.38144457,-1.0,0.44042274,-1.0,-0.4993939,0.5057424,0.2797112,-1.0,1.0,0.20855425
BaiE%fig|1950888_3_peg_203|__Bile_acid_7-alpha_dehydratase_(EC_4_2_1_106)_(BA7_alpha_dehydratase)_(Bile_acid-inducible_operon_protein_E)____Clostridiales_bacterium_UBA4701_|_1950888_3_,0.06161327,-0.18825081,-0.2434995,-0.105321586,0.02867283,0.32268938,0.0044894824,-0.16616648,0.39531282,-0.27801317,-0.4885407,0.28869504,-0.01230878,-0.9475447,0.90751356,-0.9918416
BaiF%LiJ_2014__MH0358__bin_56_fa_NPCPOAJM_00305__Bile_acid-CoA_transferase,0.26902923,0.73746014,-0.22452195,-0.60590637,-0.90816313,0.38172174,-0.17363203,-0.14833708,0.80978113,-0.7800321,-0.23366842,0.40838927,-0.50865716,-1.0,0.4379255,0.850101
BaiF%Obregon-TitoAJ_2015__NO11__bin_28_fa_ODBMCAMJ_01956__Bile_acid-CoA_transferase,0.8539844,0.859726,-0.79911685,-0.12481379,-0.49632552,0.67178607,-0.7041877,-0.7997487,0.3243123,-0.26764774,-0.6393291,0.65476316,-0.25362554,-0.25198486,-0.26710597,0.053923782
BaiF%RaymondF_2016__P21E7__bin_22_fa_DDJCLBHB_00373__Bile_acid-CoA_transferase,0.8464223,0.5347285,-0.26097998,0.8122539,0.5296287,0.5044353,-1.0,0.3774841,0.5594205,0.43030947,-0.52951264,0.39014694,-1.0,-0.27488485,-0.40889326,-1.0
BaiF%SRR4783510_bin_28_GHBMCCFK_00008__L-carnitine_CoA-transferase,0.64454824,0.20368603,-0.96996284,-0.5627282,-0.6284709,0.6592402,0.17895266,-0.4472415,0.3715104,-0.9429154,-0.51572347,0.74848837,0.5079896,-0.00587517,0.68369937,-1.0
BaiF%SRR5127813_bin_22_DKEDJIEF_00985__Bile_acid-CoA_transferase,0.11231222,-1.0,1.0,0.22981389,-0.24787028,0.025116889,-0.8258287,-1.0,0.35025588,0.6777607,0.69332325,-0.1494628,-0.3977377,-0.67346287,0.042256925,1.0
BaiF%bai_cluster_17%midas_Proteocatella_sphenisci_59007%Proteocatella_sphenisci_59007|AUID01000012_911,0.4538656,-0.3351771,-0.7693074,-0.24405378,0.058229204,0.62088525,-0.47841287,0.10189466,0.6926702,-0.5992581,0.4804927,0.7033981,-1.0,-0.65015346,-0.3761465,0.4067317
BaiF%bai_cluster_2%midas_uncultured_Eubacterium_73696%uncultured_Eubacterium_73696|FMDW01000013_892,0.71726984,1.0,-1.0,-0.97521836,-0.7993305,0.9108433,-0.64191896,-0.16774979,0.47742173,-1.0,-0.7025836,0.68834776,-0.32060468,-0.047732294,0.79478097,-0.34377816
BaiF%bai_cluster_3%midas_Clostridium_hylemonae_61789%Dorea_sp_89094|KQ236743_10986,0.5053857,-0.020417541,-0.1597403,-0.14475371,-0.019202434,0.583293,-0.71822447,0.109358504,0.0943813,-0.74446595,-1.0,0.29345262,-0.35350028,-0.30666843,0.5148962,-0.81241214
BaiF%bai_cluster_3%midas_Clostridium_hylemonae_61789%Dorea_sp_89094|KQ236743_13110,0.611271,0.30174813,0.43045384,0.136268,-0.36754906,0.70489347,-0.18904449,-1.0,0.4102351,0.15435392,0.43803602,0.46709645,-0.40107095,-1.0,0.3137961,0.6251024
BaiF%fig|1950825_3_peg_1464|__L-carnitine_dehydratase_(EC_4_2_1_89)____Clostridiales_bacterium_UBA1701_|_1950825_3_,0.7044021,0.3196115,0.21945263,-0.068152085,-0.2687482,0.7168411,0.03371582,0.4343261,0.25599474,-0.90922636,0.14140627,0.8337238,-0.5883017,-1.0,-0.17451572,-0.5662879
BaiG%LeChatelierE_2013__MH0251__bin_10_fa_BOBEKBFD_00006__Multidrug_resistance_protein_3,-0.2606485,-0.61666846,-0.06411445,0.63461345,0.037784673,-0.2197899,0.17561693,0.025281234,0.16081585,0.55598706,0.04055908,-0.26799604,-0.3000157,0.69620454,-0.31460568,-0.0048883306
BaiG%MBR4017991_1_MFS_transporter__Clostridia_bacterium_,-1.0,-0.7742209,0.96475375,1.0,1.0,-0.9700827,0.19865873,0.32633945,-0.76030064,0.6437825,0.89737636,-1.0,-0.31248748,0.53010243,-0.7438614,0.87499714
BaiG%MDY4488523_1_MFS_transporter__Candidatus_Limivicinus_sp__,0.18349499,0.20898989,-0.84215456,0.0025470671,0.073234476,0.07280288,0.7752909,0.79336214,0.008024652,-1.0,-0.60975164,0.4838614,-0.094231896,1.0,-0.69528425,-0.40534198
BaiG%MEE1256339_1_MFS_transporter__Lachnospiraceae_bacterium_,0.27912524,0.3481059,-0.35341534,-0.7179068,-0.016590625,0.64332217,-1.0,-1.0,0.13077928,-0.82158476,-0.5071206,0.38171238,0.33123428,-0.9826481,1.0,-0.52608967
BaiG%bai_cluster_10%midas_Lachnoclostridium_nov_76594%Lachnoclostridium_nov_76594|ERS138182_8080_1_84_3_3097,0.71783084,0.34710446,-0.2154837,-0.2973096,-0.7074482,0.8328709,-0.65422463,-1.0,0.46841565,-0.41608685,-0.7552021,0.44009846,-0.19454108,-0.89097285,1.0,0.06886025
BaiH%LiJ_2014__MH0370__bin_37_fa_CDDPILMH_00099__NADH_oxidase,0.5345386,0.23026773,0.29326397,0.32874766,-0.98229045,0.699751,-0.04947133,-0.1279697,0.38305047,-0.054127567,-0.4108836,0.60866684,-0.79509294,-1.0,-0.18375805,0.6279302
BaiH%MEE0204071_1_FAD-dependent_oxidoreductase__Oscillospiraceae_bacterium_,-0.4355576,0.17920387,0.27862343,-0.034794915,-0.2988612,-0.42477515,-0.66078806,-0.34885368,0.6927978,0.049540978,0.3651838,-1.0,-0.32063356,0.526198,0.237281,0.55554813
BaiH%MFR3389927_1_7-beta-dihydroxy-3-oxo-5-beta-cholanoyl-CoA_4-oxidoreductase_BaiH___Clostridium__scindens_,0.37145042,0.649475,-0.35470036,-0.4792352,-0.52863324,0.44093233,-0.29568478,0.2452731,0.02542274,-0.33680737,-0.3949678,0.20774585,0.37518376,-0.8756684,0.641785,-0.46401224
BaiH%Obregon-TitoAJ_2015__NO11__bin_28_fa_ODBMCAMJ_01962__NADH_oxidase,1.0,0.76829374,-1.0,-1.0,-0.9563391,0.94844985,-0.8510193,-0.5215871,1.0,0.27786866,-1.0,0.66557723,-0.36077997,-1.0,0.17985676,-1.0
BaiH%bai_cluster_1%midas_Clostridium_hiranonis_61655%Clostridium_hiranonis_61655|NZ_DS995354_308,-0.071174465,-0.72175986,0.46489775,0.6800092,0.63004655,0.11786986,-1.0,-0.84796983,0.25919393,0.04869522,0.35872146,-0.14749913,-0.44770512,-0.06528735,-0.3524347,0.32344523
BaiH%bai_cluster_11%midas_Romboutsia_sp_25236%Romboutsia_sp_25236|FJTZ01000011_310,-1.0,0.0033164755,0.6421924,0.25557783,-0.23606351,-0.648438,-0.09056122,-0.55749,-0.5723331,0.7211026,0.16946276,-0.86928445,0.61050767,-0.13817495,1.0,1.0
BaiH%bai_cluster_17%midas_Proteocatella_sphenisci_59007%Proteocatella_sphenisci_59007|AUID01000012_928,-0.45359406,-0.05667123,0.5266429,0.4525928,0.73325235,-0.5530784,-0.11431015,-0.68272287,-0.13120522,0.17032458,0.97596365,-0.83339006,-0.05286717,-0.1108419,-0.43160003,0.31104374
BaiH%bai_cluster_2%midas_uncultured_Eubacterium_73696%uncultured_Eubacterium_73696|FMDW01000013_836,1.0,0.94640297,-0.7819981,-0.82452416,-0.97930723,1.0,-1.0,-1.0,1.0,-1.0,0.6091067,1.0,-1.0,-1.0,1.0,-0.1711421
BaiH%bai_cluster_3%midas_Clostridium_hylemonae_61789%Clostridium_hylemonae_61789|NZ_GG657759_22762,0.93905085,0.3956831,-0.70104665,-0.6257356,-0.8599112,0.82097584,-0.5467044,-0.5880259,0.671323,0.50808835,-1.0,0.36159283,0.28141612,-0.81043386,0.016436141,-0.57506853
BaiI%LiJ_2014__MH0370__bin_37_fa_CDDPILMH_01838__hypothetical_protein,0.11156026,-0.96986043,1.0,0.80599284,0.2978948,0.10403285,0.8317719,0.79126525,-0.041396424,0.10840165,-1.0,0.30750784,-0.07770105,-0.29289916,-1.0,-0.51601636
BaiI%LiJ_2014__V1_FI04__bin_94_fa_MJMNNJHI_00331__hypothetical_protein,-0.37867093,0.069953255,-0.6373016,-0.7643177,0.22196594,-0.5150907,0.11592176,1.0,-0.7069697,0.7342411,-0.05793616,-0.40689835,0.08987915,1.0,-0.79287547,-0.13821259
BaiI%QinJ_2012__CON-070__bin_41_fa_AAAKDJOM_00400__hypothetical_protein,0.2313467,0.2720792,-0.27015752,-0.48659003,0.008851663,0.356421,-0.12461243,0.06655208,0.40746567,-0.7498531,0.09565985,0.3242417,-0.22079812,-0.049215306,0.55517095,-1.0
BaiI%WP_279004450_1_nuclear_transport_factor_2_family_protein__partial___Clostridium__scindens_,0.10963592,0.15396969,-0.59473634,-0.9477783,-0.48337245,0.607663,-0.8219034,-0.52877176,0.30897978,-0.5736578,-0.05268649,0.2561921,-0.34725848,-0.17932366,1.0,-0.049026668
BaiI%bai_cluster_2%midas_uncultured_Eubacterium_73696%uncultured_Eubacterium_73696|FMDW01000003_2059,-0.18909255,0.31054002,0.015599363,-0.71514136,-0.3533405,0.39655364,-0.6689167,-1.0,0.46923018,-1.0,0.39147183,0.007115143,0.4212693,-0.6602263,1.0,0.1240061
