Family,3oxoDCA,3oxoLCA,7oxoDCA,CA,CDCA,DCA,GCA,GCDCA,GDCA,GLCA,GUDCA,LCA,TCA,TCDCA,TDCA,TLCA,TUDCA,UDCA,isoUDCA
12aHSDH%GENOME015584_936,-0.025163582,-0.04372081,0.05434045,0.06207257,0.043321494,-0.08686326,0.039169952,0.06656692,-0.013222869,-0.06139786,0.07851794,-0.06096002,0.012530663,0.015008744,-0.07141737,-0.025295487,0.0097307805,0.031487666,0.04655521
12aHSDH%GENOME077010_272,-0.092915334,-0.06479268,0.012608539,0.023732733,0.0055078245,-0.02527197,0.043953482,0.033789724,-0.00027983973,-0.10020339,0.018938966,-0.061279897,0.10340138,0.08976835,0.07566139,0.0019308116,0.04970929,-0.03374015,-0.0354522
12aHSDH%GENOME126416_2228,0.013534628,0.046472237,-0.034750286,-0.024169639,-0.034782577,0.03852412,-0.0013018922,-0.03868016,0.03415093,0.004395887,-0.065268956,0.045196578,-0.048950013,-0.044685002,0.05240548,0.07466181,-0.0291754,-0.023289377,-0.030641021
12aHSDH%GENOME136792_1072,0.036312472,-0.018511442,0.03656672,0.040488947,0.026713587,0.0004990751,-0.034415472,-0.034155957,-0.0038716071,-0.026833627,0.015152207,-0.012789802,-0.047028203,-0.037301436,-0.014269029,-0.006057458,0.042579867,0.0501209,0.030972416
12aHSDH%GENOME187328_883,0.016904421,0.019951848,-0.087038115,-0.040637165,-0.029238664,0.03991922,-0.030548472,-0.020668449,0.042592544,0.019308873,-0.046347685,0.039986648,-0.045408864,-0.0401619,0.07393497,0.10501935,-0.034701064,0.009719214,-0.03970407
12aHSDH%GENOME225739_454,0.0028340167,-0.022161826,-0.0073393863,0.009050348,-0.011892948,0.01563329,0.06806753,0.04932672,0.024293115,0.025692448,0.029373104,-0.0064472016,-0.017676217,-0.015704527,-0.05930286,-0.045968123,-0.042425193,0.008561348,0.017605685
12aHSDH%MBE7001463_1_SDR_family_oxidoreductase__Oscillospiraceae_bacterium_,0.08549012,0.023793394,0.057595707,0.048329078,0.025569977,0.0073544346,-0.023069138,0.0006726706,-0.0059097363,-0.01904469,0.024220401,0.0075700516,-0.02914259,-0.06790973,-0.084009126,-0.066197865,-0.0122355195,0.046592496,0.037402794
12aHSDH%MBP3571641_1_SDR_family_oxidoreductase__Clostridia_bacterium_,-0.05323772,-0.07823125,0.06745492,0.06270845,0.080749005,-0.05946904,0.031543523,0.054179646,-0.0714942,-0.06893168,-0.02135935,-0.07544729,0.03847841,0.052852917,0.0020244922,0.033715494,0.050851546,-0.0076772193,0.034257058
12aHSDH%MBR0327374_1_SDR_family_oxidoreductase__Clostridia_bacterium_,-0.12895413,-0.087708436,0.06695292,0.010091748,-0.019547798,-0.10232813,0.094361916,0.10078794,0.0031743043,-0.010351508,0.058811817,-0.07888086,0.054615937,0.08480699,-0.02441672,-0.03341803,0.06851238,-0.034175403,0.023388928
12aHSDH%MBR6823493_1_SDR_family_oxidoreductase__Bacillota_bacterium_,-0.032780915,0.018300999,-0.052265354,-0.07034349,-0.07895021,-0.010802609,-0.021160204,-0.0071349917,0.038729,0.05189126,0.038269345,0.023518616,-0.04858884,-0.017340023,0.018651541,0.009707846,0.028229356,0.0045666005,0.02154437
12aHSDH%WP_055231566_1_SDR_family_NAD(P)-dependent_oxidoreductase__Anaerostipes_hadrus_,-0.028726136,-0.037236374,0.03519986,0.0171213,0.040169567,-0.002541045,0.010421549,-0.00072187773,-0.017545471,-0.030642329,-0.05746188,-0.011475587,0.02265541,0.03387213,0.02684341,0.001310917,0.022204049,-0.02134248,-0.0274207
12aHSDH%WP_130435990_1_SDR_family_NAD(P)-dependent_oxidoreductase__Cuneatibacter_caecimuris_,-0.03920822,0.00026966058,-0.034516968,-0.09801035,-0.1036932,0.009302818,-0.035737183,-0.040557805,-0.022978218,-0.019144908,0.060483065,0.015978899,0.01827272,0.025697215,0.1017031,0.085502446,0.03308152,-0.036342647,-0.03133779
12aHSDH%WP_160708750_1_SDR_family_NAD(P)-dependent_oxidoreductase__Enterorhabdus_sp__P55_,0.01813635,-0.000659298,0.050609566,0.037370995,0.057903107,-0.038414393,-0.00936652,-0.0061458014,-0.0881553,-0.04564816,-0.010597453,-0.027691236,0.023231888,0.025422767,-0.009916211,0.013989542,0.012853625,-0.0021266448,0.009864379
12aHSDH%WP_161844252_1_SDR_family_NAD(P)-dependent_oxidoreductase__Pseudoflavonifractor_sp__524-17_,0.058589373,0.04229716,-0.0037533313,-0.03126748,-0.02427674,0.048987903,-0.02470405,-0.04393009,-0.0004507874,0.01906998,-0.012050317,0.05071784,-0.021330133,-0.03965055,-0.017265994,-0.030770985,-0.015603897,0.012139487,0.062213108
12aHSDH%WP_418471294_1_SDR_family_NAD(P)-dependent_oxidoreductase__Eggerthella_sp__,-0.033308264,-0.06302729,0.06252489,0.067762926,0.08882209,-0.07655438,0.076373026,0.040419508,-0.07119812,-0.0005144547,-0.032114767,-0.07378376,0.10145738,0.09224822,-0.08161484,-0.04795691,0.047642093,-0.006096909,-0.04929631
12bHSDH%GENOME225741_180,-0.028861903,0.03099953,-0.042999692,-0.04629484,-0.07124626,0.054493397,0.04691917,0.010096634,0.042651232,-0.017828539,-0.042369116,0.051094107,0.014955238,0.0032140866,0.073406614,0.06386822,-0.04924476,-0.06565094,-0.07981146
3aHSDH%3aHSDH%HJB56827_1_3-oxoacyl-ACP_reductase_FabG__Candidatus_Flavonifractor_intestinipullorum_,0.07446457,0.06642041,-0.07338772,-0.06714692,-0.061072096,0.06291806,-0.083114475,-0.07513099,0.067608856,0.07814277,-0.0050989743,0.04932664,-0.07753489,-0.08260239,0.055123556,0.0671135,-0.032494202,0.017837415,0.005882911
3aHSDH%3aHSDH%MBO5160353_1_3-oxoacyl-ACP_reductase_FabG__Lachnospiraceae_bacterium_,0.08792312,0.046754602,0.01034176,-0.007979371,0.009607975,0.025384102,-0.027248649,0.00027148382,-0.01606953,-0.015177507,-0.032956563,0.011495989,-0.037827417,-0.031638347,-0.031144815,-0.01702661,-0.026237367,0.039523676,0.054725286
3aHSDH%3aHSDH%MBQ7891058_1_3-oxoacyl-ACP_reductase_FabG__Erysipelotrichaceae_bacterium_,0.1132889,0.1019052,-0.10410122,-0.053420663,-0.057708286,0.11546584,-0.1197032,-0.12200583,0.079996325,0.08182025,-0.11441572,0.122074775,-0.0837529,-0.10060041,0.08077343,0.08169546,-0.09405984,-0.013773492,-0.060445186
3aHSDH%3aHSDH%MBR6526164_1_3-oxoacyl-ACP_reductase_FabG__Clostridia_bacterium_,-0.005993607,-0.0038747077,0.035035253,0.039930653,0.054703094,-0.002099274,-0.031676356,-0.03370272,-0.055914417,-0.062523834,0.021493964,0.00044983288,-0.029271089,-0.026812658,-0.0029748047,0.015006214,0.020680564,0.048104744,0.055061735
3aHSDH%3aHSDH%MCI8514525_1_3-oxoacyl-ACP_reductase_FabG__Lachnospiraceae_bacterium_,-0.007905287,0.00377092,-0.030181147,-0.012577748,-0.03352001,0.020974495,-0.0105900755,-0.00053893594,0.034839667,0.05130729,-0.103906244,0.011720262,0.023329897,0.028466351,0.037184995,0.0194507,0.055557456,-0.05727763,-0.047107033
3aHSDH%3aHSDH%MCM1345206_1_3-oxoacyl-ACP_reductase_FabG__Muribaculaceae_bacterium_,-0.096919544,-0.017319959,-0.08554908,-0.07331233,-0.036110416,-0.039880544,-0.0033934393,0.05434545,0.02001253,-0.015556658,0.02848381,-0.03253721,0.04801486,0.09767578,0.09783152,0.054633416,0.10145181,-0.08862941,-0.11049673
3aHSDH%3aHSDH%WP_062304377_1_SDR_family_NAD(P)-dependent_oxidoreductase__Sellimonas_intestinalis_,0.033222567,0.011561865,-0.0016772185,0.0053239875,-0.012743989,-0.008508049,-0.08373509,-0.07123466,-0.02412087,0.019598387,-0.030393014,0.015391094,-0.027658537,-0.063740075,-0.009120583,0.07330824,-0.0027564585,0.060927186,0.09947627
3aHSDH%3aHSDH%WP_117582908_1_MULTISPECIES__SDR_family_NAD(P)-dependent_oxidoreductase__unclassified_Collinsella_,0.01595072,0.015311003,0.048302,0.01807612,-0.012706438,0.018177157,-0.007361405,-0.0053648604,0.005231146,-0.020152882,-0.048513494,0.03645072,-0.012729044,-0.014761725,-0.013463502,0.00026671143,-0.021487933,-0.0080423085,-0.0040371455
3aHSDH%3aHSDH%WP_226969791_1_SDR_family_oxidoreductase___Ruminococcus__lactaris_,-0.11878539,-0.029736007,0.010029553,0.0016790145,-0.012316492,-0.078971125,0.023807233,0.004126714,-0.057984985,-0.09726494,0.051219255,-0.041984037,0.058107898,0.079441845,0.03436588,0.018102804,0.13419591,-0.037449867,0.00088389183
3aHSDH%GENOME060426_131,0.06484577,0.06685402,-0.06335001,-0.035647072,-0.03639289,0.061018333,-0.08334915,-0.1282226,-0.04309808,0.039217994,-0.1111675,0.07691187,-0.021084573,-0.07871088,0.11198895,0.12602276,-0.008009207,0.022752687,-0.0124319205
3aHSDH%GENOME084620_3418,-0.001359072,-0.0069753826,0.05798633,0.06717764,0.052475024,0.0036459542,-0.0014363171,0.0049894038,0.0035270036,0.008830179,0.017600317,0.0077388114,-0.03934681,-0.047524106,-0.06765603,-0.054043256,-0.03318721,0.0581043,0.055490762
3aHSDH%GENOME084674_3322,0.04738751,0.057719346,-0.002280433,-0.012895045,-0.04441363,0.053841528,-0.00056948094,-0.056235615,0.019684426,-0.024825847,-0.04359116,0.06807582,-0.0660175,-0.06742727,0.017197032,0.034620777,-0.06509676,0.025011346,0.03031037
3aHSDH%MBQ9141038_1_SDR_family_oxidoreductase__Lachnospiraceae_bacterium_,-0.0736656,-0.0362136,-0.052693047,0.0035579395,-0.013986229,-0.0019058378,0.091092154,0.07099127,0.06237175,0.007632737,0.014734144,-0.020950409,0.055686608,0.060658146,0.06750248,0.031150144,-0.05214892,-0.08851396,-0.10259595
3aHSDH%MCI7742844_1_SDR_family_oxidoreductase__Clostridiales_bacterium_,-0.0451785,0.012732929,-0.0065723276,0.0082454765,-0.0023306266,-0.0019961554,-0.024198318,-0.027129319,-0.009320765,0.0042631663,0.011449261,0.014106117,-0.034870017,-0.016581127,0.02284214,0.032497942,-0.029424641,0.009445383,0.003410777
3aHSDH%MCI8931631_1_SDR_family_oxidoreductase__Lachnospiraceae_bacterium_,0.058319733,0.053756062,-0.0010657503,-0.056191552,-0.05707874,0.057633996,-0.035566665,-0.09327984,0.0012209954,0.022823164,-0.11475693,0.05399106,0.014481813,-0.03215775,0.04623359,0.055520687,0.0022532074,-0.05101686,-0.037869494
3aHSDH%MCM1266841_1_3-oxoacyl-ACP_reductase_FabG__Bacteroidales_bacterium_,0.048669167,0.009294426,-0.009580493,-0.011311676,-0.018058138,-0.014645641,0.0842072,0.058764547,0.026255036,-0.029161498,-0.027539648,-0.010952176,0.010637611,0.0006408382,-0.026556995,-0.03279675,-0.048327927,-0.0051555405,-0.015523851
3aHSDH%MCR4878926_1_SDR_family_NAD(P)-dependent_oxidoreductase__Bacteroidales_bacterium_,-0.1564252,-0.04364112,-0.054141182,-0.08465426,-0.089326486,-0.0971884,0.0064451694,0.057332378,0.020779671,0.017554957,0.06354176,-0.037819605,0.04726233,0.1082799,0.030911546,0.07506194,0.15791053,-0.044658355,-0.03018285
3aHSDH%MDE7008868_1_3-oxoacyl-ACP_reductase_FabG__Lachnospiraceae_bacterium_,-0.030036557,-0.02751587,0.015916193,-0.028931152,-0.04990958,-0.09564624,0.032625865,0.051508427,0.025868768,0.0009098059,0.033538893,-0.03967496,0.07688356,0.08382794,0.010396357,0.0021225312,0.065983705,-0.08427246,-0.02200748
3aHSDH%MDE7282987_1_SDR_family_oxidoreductase__Lachnospiraceae_bacterium_,-0.06303005,-0.00033341654,-0.06594754,-0.028128998,-0.0726102,-0.005635838,0.063228935,0.041565876,0.029836886,-0.028510036,0.014619822,0.010849822,0.029790357,0.05956769,0.054179158,0.033800077,-0.04582608,-0.05339497,-0.06776793
3aHSDH%MDE7415347_1_SDR_family_oxidoreductase__Lachnospiraceae_bacterium_,0.033555,0.11165616,-0.06543542,-0.08947434,-0.10777318,0.08725572,-0.12000969,-0.13320696,0.015488977,0.09657179,-0.10924485,0.12698169,-0.06870864,-0.10018158,0.094348624,0.120870076,-0.050005056,-0.023898428,-0.005061031
3aHSDH%NBI02399_1_3-oxoacyl-ACP_reductase_FabG__Lachnospiraceae_bacterium_,0.008833583,-0.07134507,0.045524854,0.07287746,0.04674416,-0.042593084,0.028022684,0.042546578,-0.05583206,-0.036319625,0.030718125,-0.07149492,0.05252719,0.033163007,-0.06628392,-0.03125515,0.040971126,0.05328988,0.036949027
3aHSDH%WP_044950032_1_SDR_family_NAD(P)-dependent_oxidoreductase__Mediterraneibacter_gnavus_,-0.08049266,-0.162392,0.12016937,0.113187216,0.12038968,-0.12776539,0.099865824,0.098229915,-0.09823459,-0.082048416,0.10230954,-0.15670319,0.11945575,0.11100456,-0.06006581,-0.109157905,0.107814245,0.051236555,0.081247
3aHSDH%WP_104968339_1_3-oxoacyl-ACP_reductase__Streptococcus_pluranimalium_,-0.037326586,-0.059321746,0.00038967477,0.010572994,0.02840112,-0.009192136,0.05734726,0.017730372,0.024672545,-0.0046156733,0.030534811,-0.031550273,0.025643205,0.031950973,-0.02614208,-0.044815272,0.029036984,-0.014175768,0.0007384233
3aHSDH%WP_117562420_1_SDR_family_NAD(P)-dependent_oxidoreductase__Enterocloster_aldenensis_,-0.038729798,-0.030203426,0.06161477,0.023486758,0.01703226,-0.049530264,-0.023378916,-0.01919328,-0.088322505,0.0038232782,0.002327417,-0.026662484,0.0020049685,0.012991127,-0.0076646144,0.00858888,0.061914854,0.014492251,0.036750372
3aHSDH%WP_377204125_1_MULTISPECIES__SDR_family_oxidoreductase__unclassified_Pseudarthrobacter_,-0.041289836,-0.035455752,-0.0014435431,-0.007935001,-0.0021985106,-0.038204975,0.07560698,0.08416582,-0.020297986,-0.010351718,0.07916162,-0.039959792,0.038304344,0.0553103,-0.05693003,-0.06469644,0.04247245,-0.01849735,-0.015412075
3aHSDH%WP_427737837_1_SDR_family_NAD(P)-dependent_oxidoreductase__Bariatricus_sp__SGI_154_,0.036981534,-0.026988564,0.01616614,-0.013332177,-0.018151892,-0.0034183257,0.014824085,-0.0020696444,0.020052891,-0.021148792,0.0002692601,-0.009022767,0.040122308,0.023514459,0.015931014,-0.05635631,-0.0060028182,0.009592208,0.020322017
3bHSDH%GENOME124823_1686,0.07192193,0.008067693,0.024684716,0.03399124,0.07967948,0.0013592958,-0.018066416,0.043836664,-0.04829747,-0.021305509,-0.01435727,0.0057761925,-0.055454664,-0.013643334,-0.07212344,-0.06325174,-0.044081505,0.053724915,0.0814639
3bHSDH%MBS6646402_1_glucose_1-dehydrogenase__Clostridiaceae_bacterium_,0.009884026,-0.07304676,0.060534004,0.042165004,0.030098421,-0.04711485,0.008159626,0.05841264,-0.027443891,-0.03238308,0.010491805,-0.06839657,0.06319188,0.0563574,-0.024950685,-0.026947917,0.04515621,-0.0058007054,0.03372247
3bHSDH%WP_100933575_1_SDR_family_NAD(P)-dependent_oxidoreductase___Clostridium__innocuum_,0.050823875,-0.069560915,0.14747728,0.08197291,0.084334955,-0.09303572,0.033664357,0.04730283,-0.1746723,-0.10599696,0.025507435,-0.114216946,0.0860013,0.06569928,-0.120052606,-0.08192083,0.06314547,0.08231055,0.12169406
5AR%GENOME006039_2690,-0.023170121,-0.015209236,0.012761827,0.022404194,-0.0055191834,-0.023486935,0.019959992,0.025324551,0.008040853,-0.019924395,-0.011487582,-0.015859287,0.041588187,0.026961805,0.013376484,-0.0034704104,0.003979728,-0.049644314,-0.023358025
5AR%GENOME012336_2253,0.06114709,0.06963847,-0.025862716,-0.03781749,0.00648616,0.031466138,-0.050271805,-0.051455665,0.033920676,0.06286886,0.006651129,0.052467704,-0.08058208,-0.0736073,-0.048011385,-0.04259933,-0.043737467,0.07113125,0.03353789
5AR%GENOME013886_753,-0.040637072,0.014871503,-0.029026635,-0.01624969,-0.01422582,0.006807847,0.017553218,0.0047561466,0.060959242,0.04045858,0.03293003,0.0096464185,-0.014725303,-0.021689022,0.0107407365,0.011201841,-0.041426655,-0.04647634,-0.014772377
5AR%GENOME021742_2120,0.007895866,-0.012569991,-0.009496092,0.0048540398,0.005642587,-0.008572156,0.06985308,0.043509778,-0.008984712,-0.02723791,-0.067755625,0.0003229034,0.049746826,0.04514432,0.010240102,-0.025468325,-0.03249151,-0.009730668,-0.016025862
5AR%GENOME084343_2181,-0.03852571,-0.032407664,0.04002378,0.047114283,0.052405175,-0.029017778,0.018891595,0.02559424,-0.028868258,-0.06676927,0.028309243,-0.038540944,0.009126247,0.045436814,-0.07450132,-0.06333059,0.05643122,0.051860917,0.040846907
5AR%GENOME140582_2251,0.0060933554,-0.033381075,0.055390593,0.08734985,0.07742787,-0.029087722,0.0064971386,0.01449067,-0.018120332,-0.04586867,0.04756608,-0.027063895,-0.006076405,-0.04183291,-0.07826776,-0.037552934,-0.0152294645,0.06573107,0.084594175
5AR%GENOME142018_414,-0.017849628,0.009424785,-0.03846905,-0.053800907,-0.059640676,0.0321792,-0.032305174,-0.044245224,0.030149084,0.029561244,-0.0133782625,0.022988012,-0.045221426,-0.04566836,0.078983106,0.07880917,0.0072116726,0.019565918,0.016370758
5AR%GENOME170052_106,0.04152152,0.094071016,-0.07055777,-0.10149074,-0.06153294,0.07676087,-0.07975077,-0.07356063,0.042872533,0.05900773,0.007715775,0.08284152,-0.06625166,-0.06505779,0.03723832,0.05542261,-0.035733204,0.007972847,-0.014251131
5AR%GENOME179594_130,0.00771295,-0.030408738,-0.019169804,0.043738466,0.012817792,-0.0043996684,0.05361692,0.013361713,0.010185336,-0.044400096,-0.032650992,-0.033261925,0.06638909,0.055302825,0.052225098,0.03239025,0.012113261,-0.06357012,-0.10636458
5AR%GENOME179896_434,-0.094249465,-0.016596885,0.015825115,-0.014043816,0.007665983,-0.04832423,0.041945625,0.02414342,-0.010819681,-0.016549252,0.017670833,-0.033521235,0.04790025,0.047271453,0.03102253,0.02692018,0.028951421,-0.06785498,-0.027645433
5AR%HIU55603_1_DUF1295_domain-containing_protein__Candidatus_Gallibacteroides_avistercoris_,-0.05022367,-0.016434683,-0.046798743,-0.049402885,-0.010789516,-0.03479661,0.056936435,0.09111469,0.009001375,0.004787353,0.07685508,-0.023319686,0.035175383,0.059838295,0.014598778,-0.01651194,0.002982757,-0.043333516,-0.033149872
5AR%MBD5276024_1_DUF1295_domain-containing_protein__Bacteroides_sp__,-0.017129228,-0.037111748,0.011026178,0.0114495205,0.03082439,-0.0060994774,0.058165982,0.022926064,0.016414242,-0.02277688,-0.0067651127,-0.0065650432,0.050945777,0.03331202,0.01743348,-0.046795398,0.022247508,-0.05210206,-0.06777315
5AR%MBP3601379_1_DUF1295_domain-containing_protein__Alistipes_sp__,0.037940286,0.029424097,-0.01536912,-0.0012917125,-0.008895933,0.048450492,-0.011389175,-0.006176496,0.018146394,0.0057698954,-0.0049370937,0.037005875,-0.045246705,-0.036423642,-0.002212895,-0.002326662,-0.03635769,0.027987788,0.018285384
5AR%MBQ1253485_1_DUF1295_domain-containing_protein__Alistipes_sp__,0.09605405,0.043791212,-0.06025568,-0.058283877,-0.030534875,0.10193102,-0.0011328766,-0.045897573,0.009983167,0.022742754,-0.045159668,0.06541885,-0.01933711,-0.042682804,-0.014668813,-0.018374145,-0.059008967,0.021799218,-0.031605724
5AR%MBR4740186_1_DUF1295_domain-containing_protein__Bacteroidales_bacterium_,-0.054654337,-0.016020617,0.007441457,-0.010911202,0.014321118,0.0011122515,0.015224241,0.037728142,0.028417923,0.09863764,0.009981629,0.014704318,-0.015104447,0.0008807174,-0.0650351,-0.015093741,0.0139353955,-0.029279757,0.016100097
5AR%MCH5217706_1_DUF1295_domain-containing_protein__Muribaculaceae_bacterium_,-0.05541282,-0.029986296,0.0004081049,0.007608484,0.024010481,-0.059538864,0.035480905,0.033043206,0.0030905537,-0.025788855,0.070081435,-0.029846845,0.038592454,0.043111306,-0.0011205402,-0.050927952,0.014217092,-0.0067545176,-0.017755425
5AR%WP_149192684_1_MULTISPECIES__DUF1295_domain-containing_protein__Bacteroidaceae_,-0.053277053,0.0074087707,-0.04805859,-0.057019833,-0.03472486,-0.0054365327,-0.032247152,-0.056595616,-0.037169673,0.03301355,0.070127584,-0.002296697,0.0024649838,-0.0023529076,0.02761599,0.048955407,0.058607478,-0.011027216,-0.002429196
5AR%WP_300108487_1_DUF1295_domain-containing_protein__uncultured_Alistipes_sp__,-0.05842886,-0.030263068,0.012348555,0.017166479,0.024341915,-0.031788047,0.07562681,0.055833265,0.02519428,-0.017627668,0.0319835,-0.022586016,0.059184045,0.05583996,-0.052674815,-0.065651074,0.005109942,-0.037280075,-0.03669942
5AR%WP_302729833_1_DUF1295_domain-containing_protein__Bacteroides_sp__ET489_,0.033564612,0.07436129,-0.06838618,-0.08181857,-0.08492251,0.09106114,-0.08100435,-0.058706705,0.032563638,0.018452238,-0.042991534,0.083045185,-0.11044956,-0.08714028,0.108719625,0.09732588,-0.028442401,-0.005452587,-0.022345135
5AR%WP_418203978_1_DUF1295_domain-containing_protein__Bacteroides_sp__,-0.007913012,0.004789133,-0.004404837,-0.0008183652,-0.01978759,0.0017564629,-0.0075840075,-0.042128388,-0.052898716,-0.03221342,0.043144096,0.008768542,-0.002979022,-0.0035746654,0.0071998467,-0.010806055,0.052545823,0.018681813,0.035915412
5BR%CAK7070565_1_MAG__NADPH_dehydrogenase__Parabacteroides_sp__,-0.0073310435,0.023873806,-0.01929227,-0.03607613,-0.034871746,0.018422257,-0.039747234,-0.023788579,-0.0024811544,0.0033356834,-0.007964402,0.025845593,-0.034113906,-0.024784332,0.00052209926,-0.007805043,0.025469353,0.06202148,0.042086177
5BR%GENOME006024_4796,0.017378222,-0.019645166,-0.0011607604,0.022029037,0.011188136,-0.05112145,0.036739096,0.011477169,-0.02067323,-0.018730478,-0.053645164,-0.04067875,0.078962795,0.046124633,0.037561767,0.016777351,0.019932337,-0.015247061,0.004546829
5BR%GENOME006521_2122,-0.053065214,-0.0113913305,-0.046627816,-0.03445413,-0.037612297,-0.01148539,0.0071773124,0.035833918,0.015607124,0.0009386355,0.07189098,-0.0009925687,0.017144307,0.021772565,0.023599746,0.031156488,0.0077611106,-0.045941267,-0.017929578
5BR%GENOME141824_1849,-0.013419854,-0.04739356,0.0062827575,0.04921649,0.02705174,-0.048868958,0.046299547,0.08565298,-0.038708363,-0.010793102,0.014678153,-0.041172814,0.033576954,0.05984627,-0.035535667,0.016765347,0.03688091,-0.057112336,-0.04623335
5BR%MBO4402754_1_NADH_flavin_oxidoreductase__Bacteroidales_bacterium_,-0.091364525,-0.02079042,-0.060808256,-0.052493736,-0.071303114,-0.02284217,0.023627007,0.036979057,0.007188046,-0.019963322,-0.009451494,-0.0089452285,0.07288719,0.115398906,0.10968048,0.10105381,0.030919665,-0.13148926,-0.11228971
5BR%MBO7234306_1_NADH_flavin_oxidoreductase__Paludibacteraceae_bacterium_,0.062813155,0.04819827,-0.023161883,-0.039876245,-0.013877895,0.063821495,-0.045381438,-0.014950874,0.06839492,0.038748883,-0.03457985,0.05631965,-0.05428648,-0.05025052,0.017435482,-0.011959425,-0.08154681,0.004035696,-0.010460782
5BR%MBO8446450_1_NADH_flavin_oxidoreductase__Candidatus_Enterocola_intestinipullorum_,0.0077674105,-0.015219049,-0.0043142424,0.0047309864,0.02152858,-0.013341557,0.059691712,0.040708967,0.0032875556,-0.03234967,-0.0072304565,-0.019401552,0.042230397,0.02583539,-0.029181667,-0.04990515,-0.031928133,-0.006044427,-0.006242612
5BR%MBQ8101082_1_NADH_flavin_oxidoreductase__Paludibacteraceae_bacterium_,0.028717734,0.03736972,-0.005759449,-0.0009282753,0.024088835,0.06103919,-0.025425993,-0.030183218,-0.014061761,0.011121639,-0.064370364,0.062096823,-0.032377504,-0.049400557,0.008199655,0.02238589,-0.027606156,0.02068504,-0.0041542905
5BR%MCD8287651_1_NADH_flavin_oxidoreductase__Porphyromonadaceae_bacterium_,0.015030422,0.020589955,-0.046225328,-0.027759518,-0.014630534,0.032303557,-0.027612291,-0.03345884,0.0051762736,0.043885507,-0.044907607,0.044823173,0.013421302,0.005282048,0.011624707,0.025992002,-0.013822649,-0.06563589,-0.041388344
5BR%MCH5231198_1_NADH_flavin_oxidoreductase__Muribaculaceae_bacterium_,-0.0616953,-0.028310385,0.038935144,0.064710714,0.055446867,0.0026153473,0.015115078,-0.023846757,-0.007865304,-0.021589754,-0.084289715,-0.000556113,0.036147017,0.0070504937,0.07578352,0.057715997,0.0054132952,-0.044264704,-0.061558537
5BR%MCQ2066925_1_NADH_flavin_oxidoreductase__Bacteroidaceae_bacterium_,-0.0069179656,-0.013801344,0.058543608,0.053342205,0.018172195,-0.010184416,0.0039760503,-0.024159702,-0.026660563,-0.041860633,0.033059992,-0.02265437,-0.0311553,-0.04886477,-0.051836967,-0.012111318,0.031684384,0.09370546,0.07747816
5BR%MCQ2271787_1_NADH_flavin_oxidoreductase__Bacteroidales_bacterium_,0.012684968,0.019834377,0.03435434,0.004205618,0.010336126,-0.018256912,0.022183748,-0.015065867,-0.053856663,-0.037964765,-0.04231105,-0.020293854,0.02056018,0.010573555,-0.00028625398,-0.007962698,0.004875475,0.0035215998,0.022055777
5BR%MCR4591939_1_NADH_flavin_oxidoreductase__Bacteroidaceae_bacterium_,0.022543285,0.010539894,0.040917188,0.047523428,0.0041128895,0.049245678,-0.02635153,-0.04489848,-0.02284676,-0.03371986,-0.015527482,0.04591775,-0.028439043,-0.05505666,-0.024182016,0.011680715,-0.04780365,0.03690508,0.020367915
5BR%MDD5892138_1_NADH_flavin_oxidoreductase__Bacteroidales_bacterium_,0.05320212,0.018890798,-0.044164233,-0.0078031435,-0.025678022,0.058180295,0.01310902,-0.024350202,0.059942234,0.030346757,-0.094297945,0.04417579,0.017537093,-0.024279848,0.051645126,0.02613851,-0.07617767,-0.054772377,-0.06883103
5BR%MEI7492181_1_NADH_flavin_oxidoreductase__Bacteroidota_bacterium_,0.067282274,0.08835732,-0.025838846,-0.052457385,-0.05698086,0.05596096,-0.01544657,-0.043461308,-0.020122401,0.037690334,-0.032834418,0.07568624,-0.02737515,-0.052967735,-0.046050806,-0.042330872,-0.018415777,0.052244566,0.06090208
5BR%MEZ3591839_1_NADH_flavin_oxidoreductase__Muribaculaceae_bacterium_,-0.078126706,-0.07069155,0.023848932,0.04009911,0.044413276,-0.0866497,0.044883586,0.057835307,-0.0074288053,-0.05074287,0.07944444,-0.06922684,0.07466842,0.10266055,0.012197939,-0.03450004,0.058587175,-0.027938282,-0.009486054
5BR%WP_149192683_1_MULTISPECIES__NADH_flavin_oxidoreductase__Bacteroidaceae_,-0.021472998,-0.015022011,0.04435883,-0.0045997277,0.027634561,-0.038656663,-0.089793876,-0.06421878,-0.117556505,-0.014281044,0.08275509,-0.014244633,-0.006891913,-0.004782298,-0.04357083,0.025940059,0.114245646,0.06885877,0.08654541
5BR%WP_259010233_1_NADH_flavin_oxidoreductase__Parabacteroides_distasonis_,-0.015505737,0.005475513,0.024740502,0.0012151677,0.015669875,-0.016991077,-0.0047724266,-0.011179997,-0.07407468,-0.06466739,-0.007944712,-0.02325893,0.030404959,0.0302301,-0.00987661,-0.008076071,0.02077416,0.03533094,0.07689316
5BR%WP_279088787_1_NADH_flavin_oxidoreductase__Alistipes_putredinis_,0.055001378,0.042990465,-0.04381129,-0.036182035,-0.0371326,0.0535007,-0.0062778587,-0.041933805,0.019123284,0.042784456,-0.049254436,0.05020266,-0.043134995,-0.030247515,-0.013282194,0.0026272624,-0.057015747,0.013122008,-0.006327452
5BR%WP_295936477_1_NADH_flavin_oxidoreductase__uncultured_Alistipes_sp__,-0.0030115834,0.017143916,-0.059185635,-0.07154819,-0.045125145,0.017219681,-0.0024642043,0.022430938,0.04468637,0.04749141,-0.0013355939,0.024263745,-0.0009542392,0.017895283,0.030303646,0.029939117,-0.024966571,-0.023619786,-0.0677114
5BR%WP_300285921_1_NADH_flavin_oxidoreductase__uncultured_Alistipes_sp__,-0.007210469,-0.01613172,0.041719455,0.058426272,0.054439794,-0.026289783,0.034154385,0.044286564,-0.012493499,-0.035854585,0.0012828374,-0.012345211,0.036261622,0.021396317,-0.027626812,-0.065245,0.011287677,0.004780946,0.0058260914
5BR%WP_300748828_1_NADH_flavin_oxidoreductase__uncultured_Alistipes_sp__,0.032146603,0.0070304596,-0.030355267,-0.046662856,-0.0012114923,0.020488966,0.016456459,0.0050039873,-0.024112426,0.017366406,-0.0625709,0.0096353,0.016500808,-0.002106012,0.01165805,0.07029387,0.0159169,-0.037164465,-0.036512814
5BR%WP_302380465_1_NADH_flavin_oxidoreductase__uncultured_Alistipes_sp__,0.05500407,0.049558166,-0.07706785,-0.06587948,-0.056089245,0.07214396,-0.032660592,-0.040509865,0.051914226,0.052380454,-0.052290373,0.0587395,-0.018411502,-0.04658941,0.046093035,0.049342025,-0.030383768,0.01856256,-0.04876986
5BR%WP_394671717_1_NADH_flavin_oxidoreductase__Muribaculum_sp__,0.0023708178,-0.028795168,0.013028515,0.006160028,-0.005591429,-0.024350867,0.03422626,0.05391383,0.015491036,-0.020901192,0.026751792,-0.041308187,0.03714262,0.034878224,-0.017608752,-0.03982441,-0.019519115,-0.024480447,-0.0022651053
5BR%WP_418992344_1_NADH_flavin_oxidoreductase__Alistipes_sp__,-0.023515055,0.01707168,-0.0011731265,0.0030763326,-0.015133855,-0.0010074615,0.004230669,0.004995342,0.009349093,-0.0058050673,0.0060827904,0.039263543,-0.0075673265,-0.00045889706,-0.0017335824,-0.00036492775,-0.030621279,-0.026371999,-0.000953388
7aHSDH%GENOME025100_397,-0.0023522703,-0.00058684015,0.064760715,0.059464417,0.03509796,0.029432528,-0.047254033,-0.07126577,-0.031316794,-0.009495256,-0.0077197957,0.017967302,-0.039755434,-0.06276351,-0.030210212,0.0028539186,-0.0360406,0.033930454,0.056739897
7aHSDH%GENOME067790_2714,0.09721978,0.019498533,0.02179317,0.017843546,0.033089433,0.024740592,-0.05207217,-0.04208503,-0.045236725,0.023647621,-0.021165643,0.0037782737,-0.035174944,-0.05291729,-0.05923568,-0.041151367,-0.042577043,0.06633454,0.09353872
7aHSDH%GENOME086444_1757,-0.027851686,-0.0037321346,-0.0051773717,-0.0004040806,-0.011929976,-0.014179904,0.013243471,0.0006882248,0.0057461066,-0.04723601,0.050792485,-0.01899041,0.018525464,0.05262038,0.036844794,-0.01869109,0.029934173,-0.041176982,-0.037740182
7aHSDH%GENOME150027_3593,-0.03036154,-0.09426591,0.08452225,0.10104904,0.097765945,-0.12112613,0.106319144,0.11197896,-0.04416828,-0.07105936,0.05344168,-0.15222706,0.12355581,0.10943444,-0.0616537,-0.07430481,0.07092904,-0.06018194,-0.023352265
7aHSDH%MBE5948790_1_SDR_family_oxidoreductase__Lachnospiraceae_bacterium_,0.09196196,0.05050358,-0.041010465,-0.04217175,-0.02687392,0.058654174,-0.019894356,-0.025710206,0.056490988,0.043373108,-0.024853239,0.058622103,-0.054916248,-0.051821675,0.044771563,-0.014767765,-0.0838835,0.007086624,-0.03305727
7aHSDH%MBHC130__Clostridiales_bacterium_1_7_47FAA_,0.010773009,-0.02687087,0.051249877,0.029922323,0.015728502,-0.037549127,-0.010364061,-0.029687263,-0.059305135,-0.014962677,0.0699377,-0.020820493,-0.0074201934,-0.02980151,-0.040451225,0.0063905613,0.009576988,0.066627435,0.06101559
7aHSDH%MCI7810995_1_SDR_family_oxidoreductase__Clostridiales_bacterium_,-0.0012343769,-0.012421999,-0.0076543046,0.015087693,0.021660876,-0.022053888,0.017980888,0.032056633,0.006737458,-0.010521845,-0.0032980733,-0.019441718,0.018068688,0.035045832,-0.020210426,0.026708174,0.04403114,-0.023581678,-0.059844475
7aHSDH%MCI9468093_1_SDR_family_oxidoreductase__Oscillospiraceae_bacterium_,-0.03691304,-0.058125887,0.0065034614,0.047738247,0.02940448,-0.050962154,0.06629302,0.09795097,0.044669226,-0.0043934463,0.04347631,-0.062193867,0.051152933,0.058136895,-0.009838408,-0.012450086,0.012664813,-0.05873387,-0.1025507
7aHSDH%MEO8122524_1_7-alpha-hydroxysteroid_dehydrogenase__Burkholderiales_bacterium_,-0.056320585,-0.08441449,0.008702701,0.012823541,0.0071189445,-0.07359313,0.08299922,0.08694404,-0.015413076,-0.023939338,0.056455806,-0.07958273,0.09592289,0.09056428,-0.024077645,-0.034988604,0.08016676,-0.03260151,-0.028555036
7aHSDH%WP_003507641_1_7alpha-hydroxysteroid_dehydrogenase___Clostridium__symbiosum_,-0.004620713,0.019921275,0.01553434,0.015627973,-0.007932105,-0.012059469,-0.03733189,-0.038807333,-0.09191405,-0.001345037,-0.051261734,0.0079718875,-0.008953031,-0.023200411,0.013799701,0.09800251,0.020353176,0.04702176,0.02295874
7aHSDH%WP_021989220_1_7alpha-hydroxysteroid_dehydrogenase__uncultured_Culturomica_sp__,-0.044695638,-0.059736595,0.0049695433,0.021641944,0.029579315,-0.023139356,0.078191936,0.07950224,0.030917931,-0.011857702,0.025419075,-0.027457546,0.04127226,0.04824102,0.019435456,-0.023974486,-0.0013680824,-0.041293737,-0.030102327
7aHSDH%WP_262434703_1_7alpha-hydroxysteroid_dehydrogenase__Jilunia_laotingensis_,-0.0761926,-0.072127245,0.0052905004,0.0246788,-0.010464093,-0.032712936,0.08358975,0.09535657,0.010164503,-0.012073376,0.054474488,-0.045125317,0.04129323,0.044079132,-0.032246627,-0.03295033,0.009639431,0.0143394135,0.019935928
7aHSDH%WP_288686302_1_SDR_family_NAD(P)-dependent_oxidoreductase__partial__uncultured_Bacteroides_sp__,0.0013078264,-0.030441608,0.022296079,0.038931575,0.024836421,0.028272664,0.013439936,0.014544537,0.0018102598,0.010416954,0.0055687283,-0.00315035,-0.009379408,-0.011229033,-0.028771676,0.0039881244,-0.042135715,0.0028713867,0.003857083
7aHSDH%WP_342232791_1_7alpha-hydroxysteroid_dehydrogenase__Pseudoflavonifractor_phocaeensis_,0.0029311457,-0.015373167,0.038778637,0.04336224,0.05987071,-0.04663667,0.0043846415,0.048720278,0.017521888,-0.041250926,0.08356632,-0.061429437,-0.035079103,-0.01600048,-0.05953463,-0.09075505,-0.0028754144,0.07891538,0.069280714
7bHSDH%GENOME075272_507,0.0048044454,-0.016480507,0.02203867,0.0308164,0.06091203,-0.023748072,-0.025819728,0.025671601,0.0037185838,-0.021427289,0.106303126,-0.028415702,-0.041407496,-0.04294856,-0.067410916,-0.091744386,0.0076721516,0.09244227,0.059658684
BSH1%UPI0001652BA3,0.03850429,0.03573859,0.021575356,-0.03716438,-0.042113196,0.026031684,-0.07021033,-0.08027818,-0.029609453,0.024894567,-0.03296105,0.047229756,-0.043177724,-0.057663087,0.027385399,0.059637662,-2.8557033e-05,0.0648618,0.04073502
BSH1%UPI0001B1C28E,-0.024123143,-0.043524295,0.01870551,0.021411898,0.01334322,-0.06015429,0.02339087,0.01828271,0.0030196733,-0.038982358,0.0013257461,-0.07011869,0.06477701,0.07556664,0.05102985,-0.0035466678,0.04172974,-0.045509674,-0.0235602
BSH1%UPI0001DE6025,0.007299689,0.009030577,0.06313167,0.028576264,0.03944945,-0.014221324,-0.0058557005,-0.016386064,-0.09706025,-0.045323405,0.026202977,-0.0012024272,-0.029450424,0.016864978,-0.03593202,0.026223185,0.011988248,0.0248308,0.06400507
BSH1%UPI0002624191,0.006773198,-0.04541736,0.027849711,0.023782993,0.034838006,-0.03343776,0.052213497,0.056296498,0.018123727,-0.008438355,-0.058248363,-0.04581421,0.043942023,0.022635644,0.043169487,0.02098796,-0.0027179,-0.027947206,-0.04090606
BSH1%UPI0002802AC4,-0.038667377,-0.0039273323,-0.0039477106,-0.028566802,-0.016617682,-0.0060003926,-0.017319525,0.0015211558,0.005990019,-0.006663957,0.044151522,-0.0033143354,-0.007330583,0.011230316,0.009577801,-0.013163093,-0.0065414184,0.03828835,0.018324027
BSH1%UPI000289C842,0.08488658,0.030942842,-0.0060722353,-0.017792463,0.0046087923,0.075929195,0.0031928879,-0.022468483,0.025415158,0.028898949,-0.015696239,0.051761784,-0.037992474,-0.065238886,-0.06685327,-0.05362771,-0.094895884,0.045365367,0.014724656
BSH1%UPI0002CB0E7D,0.08671377,0.026414678,-0.016675072,0.016187524,-0.008046891,0.055660624,-0.058751076,-0.0642587,0.011333241,0.014693675,-0.033434052,0.036416996,-0.06697192,-0.0727759,0.003583309,0.012478715,-0.04473106,0.07358573,0.030756395
BSH1%UPI0002F95F26,-0.02957241,-0.027533894,0.0606974,0.009869121,-0.0010602837,-0.03975681,0.09769836,0.06114263,-0.012580713,-0.062257107,-0.031170938,-0.050137803,0.070225865,0.068694636,-0.03309653,-0.07222813,0.010617383,-0.03284079,-0.0007722255
BSH1%UPI00033F0DE9,-0.030428812,-0.031176643,0.04803423,0.06318473,0.052771807,-0.045722675,0.0031927219,0.0015109425,-0.0058006095,-0.05766688,0.05575956,-0.026528586,0.014301045,0.029051732,-0.054403048,-0.09949833,0.06381324,0.0340233,0.03668131
BSH1%UPI00035D264B,0.005099782,-0.03223193,0.053579606,0.040444735,0.034821752,-0.015200827,-0.009846473,0.0071930503,-0.039815933,-0.06462743,0.04464333,-0.028045908,0.0054101343,0.00080345257,-0.044178687,-0.06086552,0.030897105,0.07082131,0.091477916
BSH1%UPI0003A10C39,0.007529634,0.036749024,-0.050718635,-0.035967384,-0.047402754,0.0398631,-0.0056067733,0.0068973857,0.08427701,0.069070674,-0.02002132,0.03482367,-0.0539081,-0.04570796,0.015474342,-0.0197635,-0.028574647,0.0059999037,-0.021407116
BSH1%UPI00041C4F56,0.030126743,0.04441507,-0.118262015,-0.050654363,-0.049643125,0.100582324,0.046341583,-0.0056127016,0.14976335,0.03951069,-0.068832986,0.07351944,-0.026312761,-0.012908589,0.09283913,0.013189391,-0.09810172,-0.07760178,-0.12166861
BSH1%UPI00044AC395,-0.09834416,-0.07600787,0.040284213,0.04095878,0.028443651,-0.034467317,0.08231904,0.062660314,-0.009939405,-0.05489959,0.0740678,-0.05396507,0.05824513,0.07815531,-0.013973044,-0.06144922,0.027050758,-0.017769549,0.019831933
BSH1%UPI0004BCDDD9,-0.005645601,-0.0060573774,0.0035555905,-0.009599188,0.03165232,-0.017979093,0.06302557,0.0317604,0.01161807,-0.025059836,0.014594465,-0.037115984,0.056055326,0.04168385,-0.014915805,-0.05612872,-0.034118295,-0.0486287,-0.021312805
BSH1%UPI0004D69CD5,0.007728147,0.01872606,-0.00014455913,0.0001892975,0.0013040111,0.017519748,-0.056014862,-0.039622974,0.0008749482,0.041527003,-0.038735326,0.0048171417,-0.025325071,-0.048027385,0.039806534,0.067559175,-0.0060961293,0.0384126,0.024957366
BSH1%UPI0004D6A0E9,0.00786145,0.018527396,-0.03059738,-0.020234706,-0.03232731,-0.010857664,-0.038046125,-0.03469173,0.027258404,-0.022034736,-0.01898715,0.018132973,-0.043380853,-0.007515169,0.082887,0.07671044,0.027551148,-0.01236208,-0.011125789
BSH1%UPI0004F8D610,0.05918478,0.09970301,-0.07530672,-0.08599164,-0.0997072,0.054291982,-0.07899833,-0.056297082,0.042088035,0.085792236,-0.0039234594,0.08170413,-0.080035724,-0.07925038,0.001572147,0.004195217,-0.039245177,0.034618653,0.006859452
BSH1%UPI0005DBBD01,0.03739131,0.023591861,0.05590415,0.036964633,0.027997343,0.026068116,-0.058746718,-0.032689866,0.0054477393,0.021566212,-0.047436975,0.0010892708,-0.06392855,-0.045095123,0.0008226082,0.0013598776,-0.024323156,0.020365376,0.014225133
BSH1%UPI00070D1B8F,-0.058315706,-0.015084219,-0.01639829,-0.021478426,-0.009626313,-0.01376556,0.009998655,0.013860127,0.080047905,0.038279608,0.034454487,-0.027992899,0.0039279256,0.014088229,0.048439372,-0.021121556,0.007621042,-0.051291212,-0.026891405
BSH1%UPI00073AFD00,0.021541266,-0.057829585,0.092920296,0.07742536,0.072620876,-0.046839286,0.056287717,0.051251907,-0.078272864,-0.049000047,0.04139483,-0.044497382,0.05695992,0.039616015,-0.081970625,-0.08588468,0.008868329,0.0062896926,0.015822632
BSH1%UPI00076E9CCB,0.037659563,0.0064441576,0.023248807,0.013749919,-0.0071242773,-0.013221567,-0.042466063,-0.022630604,-0.0030188123,0.041724518,-0.0013256486,0.005677404,-0.034993242,-0.034570202,-0.028100275,0.013373672,0.020467505,0.028888118,0.03559117
BSH1%UPI0007933BD5,0.060937528,0.05589225,0.004368144,0.0020862995,-0.004992321,0.023808355,-0.10057935,-0.07769806,-0.034098763,-0.008878015,-0.011473357,0.021190455,-0.045360085,-0.047066674,0.0071553574,0.031664282,0.03472118,0.049223974,0.046242062
BSH1%UPI000801FF16,-0.008905888,0.023544522,-0.07393173,-0.054305725,-0.06560561,0.057553604,-0.010347433,0.017890468,0.067369245,0.010984238,0.04416653,0.03118158,-0.029048612,-0.0005959043,0.040040813,-0.0114406645,-0.027441826,-0.049825426,-0.036932256
BSH1%UPI00093BFB8C,-0.039394468,-0.03587508,0.015832929,0.017026946,0.05271606,-0.053551283,0.020345278,0.032990266,-0.04614993,0.023062956,0.04486269,-0.0656993,0.025250504,0.039907992,-0.011351824,0.005585604,0.08559075,-0.025138069,-0.029285692
BSH1%UPI00095B1DAC,-0.003651917,0.027651682,-0.07219747,-0.053278532,-0.09230092,0.073700845,0.015582127,-0.009973824,0.065465696,0.0283896,-0.056364108,0.03170845,-0.025682712,-0.02096195,0.090455405,0.04742835,-0.0418752,-0.048333067,-0.026892917
BSH1%UPI00095C7CBB,-0.04401086,-0.08446178,0.05067703,0.05982491,0.07544563,-0.07262178,0.04946726,0.06578193,-0.005920807,-0.029462917,0.04981015,-0.06986754,0.054369923,0.045954343,-0.028744001,-0.036736954,0.022710783,-0.006797905,-0.0010061226
BSH1%UPI000963C515,0.023141751,0.018279698,0.021034056,0.023201423,-0.0061056614,0.016153116,0.03912867,0.0156746,0.052178618,0.058827125,0.008348432,0.0038493713,-0.02069934,-0.044771127,-0.06333692,-0.042260677,-0.08707417,-0.008023602,-0.0035363787
BSH1%UPI000BCCCB22,-0.016068596,0.037668575,-0.00617315,-0.01748007,-0.0023146654,0.015840497,-0.03926935,-0.03920329,-0.055604562,-0.031559523,-0.032153003,0.027643478,0.0044971965,0.032825664,0.02758928,-0.02595558,0.019865772,0.026340801,0.050774332
BSH1%UPI000BD3EFD5,0.007059352,-0.012287833,0.07342918,0.0485847,0.045703363,-0.036701318,-0.042560946,-0.036695875,-0.12104403,-0.068049096,0.05684059,-0.0151030235,-0.052437864,-0.03321963,-0.06380974,0.010659002,0.031792,0.11786665,0.13444829
BSH2%UPI0001599717,0.04472166,0.023983728,0.017819418,0.022618385,0.029408542,0.00094147073,-0.043989465,-0.018043546,-0.08539203,0.014832106,-0.018911943,0.021930732,-0.032133445,-0.051736556,-0.08157546,0.0074487305,0.044808555,0.052614123,0.020662747
BSH2%UPI00017C25E3,0.03026189,-0.009191108,0.029233538,0.049338218,-0.013089931,-0.01756387,0.074347384,0.03315787,0.007288881,-0.06838223,-0.0417452,-0.019334348,0.050146516,0.01939949,-0.030126724,-0.07056372,-0.02227608,-0.0041475166,0.02751164
BSH2%UPI0001C1C05D,0.019172125,0.0148122,-0.012987479,-0.008281675,-0.035294197,0.004295309,0.033053447,0.032687183,0.051971678,-0.027680315,-0.005373074,0.0035014143,0.02290838,0.010368909,0.010414485,-0.036356118,-0.016558623,-0.039376512,-0.039676618
BSH2%UPI0001CF4F1D,0.081245214,0.06350577,-0.025707629,-0.0014214076,-0.00653792,0.065140426,-0.047295295,-0.06756648,0.011344305,0.0715217,-0.021960396,0.06048557,-0.06719344,-0.061560355,-0.023040166,-0.011291141,-0.06762498,0.03546132,0.00666688
BSH2%UPI000335FD2D,0.026732082,0.001692749,0.020299202,0.017513419,0.03546721,0.038309976,-0.05100783,-0.072940126,-0.033433333,0.067076966,-0.020491866,0.027876196,-0.036425646,-0.049564037,-0.036659073,-0.035865244,-0.022271406,0.07243567,0.050449017
BSH2%UPI00033AD64E,-0.05478478,-0.012408465,-0.038175672,-0.00418334,0.00033148658,0.023234991,0.037945922,0.04925903,0.06371742,0.033738025,-0.03416738,0.018127594,-0.03397155,-0.010161084,0.024404477,0.03877061,-0.02458713,-0.041178994,-0.058113657
BSH2%UPI00033F049A,0.06346904,0.073926486,-0.032587096,-0.08335174,-0.043310747,0.036780756,-0.09571344,-0.05756183,-0.016563317,0.097266436,-0.05682421,0.05938767,-0.08744806,-0.0681034,-0.030277414,0.055323903,0.026611038,0.06735028,0.039490703
BSH2%UPI00038B932A,0.019950258,-0.0026984597,-0.035200693,-0.0077501177,-0.028880637,-0.009189038,0.0109413015,0.0023776765,0.05313,0.029897202,0.011498969,-0.013206068,0.0076921,-0.029025571,0.046906475,-0.00834485,0.03369604,-0.03197154,-0.06849157
BSH2%UPI000396CDDF,-0.036513492,-0.024831474,0.009744804,0.032413386,0.04477412,0.0022305322,-0.010602678,-0.022926891,-0.015581895,0.024548005,-0.04133034,-0.0015782235,0.01290311,-0.02894719,-0.048081018,0.010834382,0.014003004,0.05962748,0.050208088
BSH2%UPI00050FFCF5,0.0041848393,0.04889874,-0.02805156,0.0037701842,-0.003377168,0.048965808,-0.06360537,-0.050504856,0.04338045,0.07011913,-0.109566756,0.06429813,-0.022405265,-0.044380233,-0.0014474933,0.033332985,-0.00022249237,0.0043957694,0.0065737204
BSH2%UPI0005D317A6,-0.023435498,0.006375349,-0.016551143,0.008490156,-0.010328659,0.014540384,0.0023149357,0.00024828673,0.057995655,0.006925598,0.008605436,0.0037877099,-0.032615434,-0.042133883,0.028206572,0.046253618,-0.033724643,-0.03031592,-0.014916617
BSH2%UPI0005DCCFF2,0.15412864,0.124630354,-0.08491328,-0.039681286,-0.021609223,0.110590346,-0.14499196,-0.11689696,0.044917766,0.10696751,-0.15635982,0.12055598,-0.16475908,-0.15495926,0.039660558,0.12567957,-0.06575791,0.053462878,-0.025727537
BSH2%UPI0006BFFEB7,-0.05031622,-0.058128387,0.08009642,0.084173135,0.04688695,-0.068315804,0.053674422,0.06522983,-0.052039284,-0.081053674,0.017515851,-0.040682968,0.062948,0.072244845,-0.050628923,-0.0728167,-0.001879086,0.004816218,0.058324996
BSH2%UPI0006C0EB58,-0.057976734,-0.061571654,0.033784773,0.074270904,0.060352106,-0.036610324,0.027658235,0.01254147,0.01434845,-0.026152022,0.015355907,-0.022104656,0.05269125,0.023582332,0.0032827426,-0.013971364,0.021218302,-0.037315425,0.028471775
BSH2%UPI0006C1ADDE,-0.032055467,-0.023849975,0.019496247,0.016737493,0.011283097,0.00945831,0.044367008,-0.0056076967,-0.019680405,-0.044947535,0.0111934,0.003035587,0.06858471,0.04436661,-0.020390738,-0.05998796,0.023232188,-0.0050336733,0.00240711
BSH2%UPI0006C28698,0.0123810815,0.03190628,-0.07175957,-0.046525072,-0.055120304,0.057984363,-0.05803418,-0.079971306,0.04570981,0.04416789,-0.09542699,0.052821938,-0.03789748,-0.029377965,0.0769759,0.07829897,-0.008545136,-0.002537216,-0.025643619
BSH2%UPI0006C45BC8,0.044772986,-0.010818682,0.031313367,0.030403461,-0.012125414,-0.010446664,-0.008654509,-0.0010551707,-0.0068366677,0.009140435,0.029305268,-0.0016503744,-0.015189485,-0.067254774,-0.058731914,0.005348865,-0.0049243323,0.04882232,0.036008462
BSH2%UPI0006C4A6B6,-0.057807468,-0.022239981,0.017386628,0.02307043,0.010843499,-0.042766143,0.063208394,0.04330158,0.021143464,-0.034093715,0.04547576,-0.01991669,0.060797624,0.053913273,-0.020433838,-0.07790325,-0.045011755,0.041565746,0.017199853
BSH2%UPI0006C706B0,-0.03713354,-0.021510404,-0.023287935,-0.025585597,-0.05169991,-0.0065687215,-0.007163238,0.018025149,0.010240226,0.026556812,0.0005890341,-0.012223371,0.01404752,0.031798545,0.051628817,0.043068107,0.014923564,-0.055779304,-0.022438955
BSH2%UPI0006CAB5AD,-0.021004952,0.054776568,-0.05472549,-0.086754456,-0.060841884,-0.022607913,-0.053273216,-0.041675434,-0.026513372,0.04620598,0.002750396,0.018305596,0.0028950241,0.0064606713,0.05756444,0.083131276,0.055966653,-0.022023343,-0.014649089
BSH2%UPI0006CABDF6,-0.037524555,0.018125974,0.007540018,0.013617549,0.024992455,-0.018758845,-0.007609786,-0.004803643,0.023408007,-0.034794062,-0.042678285,0.0057291714,0.0125801135,0.034547545,0.033496756,0.0037695817,-0.018855982,-0.05364502,-0.017436864
BSH2%UPI0006CABE2C,0.06423673,0.02401009,0.020941928,0.0374788,0.028491827,0.01396919,-0.04980218,-0.044419345,-0.014569036,0.009558008,0.016402844,0.013260753,-0.055033922,-0.05831221,-0.0403145,-0.03595859,-0.026632622,0.09375677,0.07305339
BSH2%UPI00082051E1,-0.04323184,-0.06787772,-0.0069641154,0.03324847,0.040629365,-0.03513675,0.036345057,0.032036513,-0.011811125,-0.00917791,0.03019552,-0.04072087,0.04349078,0.021410687,0.017726028,0.009157399,0.04245565,-0.020338334,-0.027186597
BSH2%UPI000820857A,-0.03173969,0.03794461,-0.02983867,-0.00898074,-0.042828657,0.061598144,-0.030073812,-0.054450307,0.045885526,0.057488624,-0.07349164,0.0629036,-0.011298333,-0.007822773,0.07626742,0.04229367,-0.04098701,-0.086030014,-0.045319118
BSH2%UPI000820B778,0.027159698,-0.0020694262,-0.030968962,-0.020100994,0.0039945752,-0.002130779,-0.010597029,0.008609677,0.030774059,0.044991113,0.027846584,0.0032460378,-0.04561574,-0.037271157,-0.017907117,0.014611126,-0.021049045,0.031602245,0.013247612
BSH2%UPI000821232B,0.030738633,0.020772154,0.011519287,0.00059430866,0.016159054,-0.005646379,-0.028749006,0.0023792495,-0.032116618,0.052829817,0.0124857435,-0.013437477,-0.019343156,-0.0031855241,-0.10663223,-0.05351535,0.054608632,0.03439244,0.066184
BSH2%UPI0008219BA0,-0.0854278,-0.061868925,0.085013725,0.09079856,0.05512622,-0.05767228,0.048740316,0.0068712966,-0.1074617,-0.12558836,0.050145663,-0.04902783,0.0675535,0.0508462,-0.048759867,-0.06178488,0.0793603,0.058817238,0.07504154
BSH2%UPI0008222B5A,-0.019191876,-0.067338,0.07132462,0.060463168,0.07102487,-0.058425177,0.09509908,0.0622087,-0.00084102043,-0.065559745,0.053432807,-0.07484712,0.06912721,0.05968751,-0.081256084,-0.11686552,0.034128413,0.0072663208,0.022056732
BSH2%UPI00082257EE,0.01725544,0.07204106,-0.029343225,0.004716389,0.010912265,0.03458412,-0.02436246,-0.0477268,0.022088692,0.0012729227,-0.04590013,0.04638299,-0.020398762,-0.0383738,0.031610593,-0.0003518268,-0.033120357,-0.00044470638,-0.020485606
BSH2%UPI00082332C0,0.08426984,0.03261693,0.056581452,0.039809953,0.0030940592,0.013873377,-0.0248469,-0.020845039,-0.00204969,-0.02223727,0.030060034,0.0077712983,-0.06032279,-0.052339125,-0.116385944,-0.07221764,-0.008351636,0.07415682,0.04412115
BSH2%UPI000960BD65,-0.006344856,0.011964506,0.011999491,-0.019082567,-0.026343388,0.02708321,0.029504603,0.0014680019,-0.02222298,-0.030511407,-0.06994812,0.022867423,0.03191645,0.03227317,-0.014709225,0.025203032,0.015283839,-0.008642855,-0.031275354
BSH2%UPI000965B48B,-0.070772864,-0.14334372,0.11214093,0.12459218,0.1407673,-0.13573645,0.09219518,0.099844605,-0.118961684,-0.08615072,0.11635167,-0.16026917,0.08397034,0.11164658,-0.07536887,-0.07299663,0.07253407,-0.005989389,0.05681189
BSH2%UPI00096829BD,0.08281269,0.05159921,0.014561262,-0.021449653,0.03865943,0.07881734,-0.10665392,-0.101755284,-0.03655892,0.07695128,0.015102028,0.05390395,-0.11245899,-0.1274521,-0.043552823,0.036905974,-0.06280573,0.083110265,0.08820755
BSH2%UPI000D1261F9,-0.010494755,0.0068072034,-0.07206721,-0.05653027,-0.02251919,0.012190449,0.0035119846,-0.018943,0.07412405,0.06273507,-0.018613541,0.005118934,-0.0015947244,0.009800526,0.0978679,0.050906707,-0.023301603,-0.069630936,-0.07709135
BSH2%UPI000E40484B,-0.07518728,-0.020380644,-0.059477348,-0.021205837,-0.0009088873,0.020655276,-0.038043063,-0.045696083,0.014825889,0.0305795,-0.0009812302,0.012280578,-0.015190755,-0.0041613663,0.09226867,0.09192421,0.022262746,-0.0052588736,-0.009440219
BSH2%UPI000E4418E2,0.052987877,0.019233827,-0.041242253,-0.032845918,-0.019703718,-0.013366301,0.006977004,0.008342235,0.022422845,0.033766855,-0.015548397,0.004310158,0.019953556,-0.009512324,-0.0011650372,-0.03619579,-0.006843201,0.019266134,0.0033561862
BSH2%UPI000E4BF981,0.042344056,0.023655253,0.02878031,0.041254982,0.02720728,0.00073862006,-0.040857565,-0.052017156,0.013070535,0.009641749,-0.030055769,0.0068625375,-0.025572749,-0.04780817,-0.024935313,-0.019098781,0.0066647897,0.038150635,0.021269312
BSH2%UPI000E4E4D64,-0.03570801,-0.020990143,-0.026021903,-0.030033179,-0.009341539,-0.053197935,0.03754505,0.040072717,0.011629902,0.020769665,0.0662267,-0.03458509,0.020490771,0.05316571,-0.031333588,-0.0040124473,0.058227386,-0.04049562,-0.026034957
BSH2%UPI000E53DAEE,-0.04660349,-0.027772885,0.00906946,0.025464332,0.06066878,-0.026352756,-0.008773511,0.042044405,0.097610295,0.051718358,-0.005978571,-0.04873722,0.0073189316,0.0013144664,0.04266157,-0.016599333,-0.023508651,-0.03579183,-0.04091321
BSH2%UPI000E7D8CB5,-0.0634465,0.011468768,-0.034109913,-0.07627859,-0.07190683,0.024971372,-0.015318993,0.023493718,0.087506905,0.089413136,0.024041004,0.044408623,-0.043324076,-0.043231815,-0.0057790913,0.044971462,-0.05147164,-0.018582407,-0.012811234
BSH2%UPI000E80FD85,0.056198392,0.06238125,-0.028566359,-0.03819282,-0.034029797,0.049062062,-0.10399297,-0.08890298,0.029015927,0.083131105,-0.040422417,0.06070937,-0.098234,-0.092583686,0.059117697,0.05834538,-0.040250827,0.05253704,-0.003662746
BSH2%UPI000E92006C,0.04622177,0.009191414,0.03750665,0.03255417,0.04819385,0.0077653243,0.0010035258,0.018290065,0.047023363,0.039004363,-0.038599912,0.0100405505,-0.028276462,-0.009744298,-0.066089354,-0.07238861,-0.094434194,0.06306351,0.036334906
BSH2%UPI000EC98B2C,0.04876019,-0.010877155,0.044745293,0.016870618,0.045650095,0.0024904693,-0.0013724569,-0.012273598,-0.06630132,-0.038058557,0.05603894,-0.009661939,-0.031465665,-0.0055124476,-0.065340534,-0.07688539,0.026060922,0.0700277,0.0515496
BSH2%UPI000ECC9F84,0.0069886637,0.015619788,-0.012992817,-0.01821382,0.0036216364,0.034902018,-0.026177542,-0.008609455,0.0019215724,0.012218841,-0.06919864,0.02380887,-0.043385707,-0.037600357,0.030486096,0.05746655,0.01523716,0.059245195,0.010888122
BSH2%UPI000EE4CDBB,0.007365998,0.0011173796,0.0036997923,0.021909606,0.016132627,0.0011203514,0.044980064,-0.005265357,0.014114937,-0.029277544,-0.053693324,0.005685584,0.018891193,0.0058318977,-0.006079442,-0.01518983,0.0036358342,-0.013033058,0.0034854722
BSH3%UPI000156F498,-0.0023786807,-0.024103114,0.09703493,0.09979067,0.111538574,-0.025567729,-0.0022462455,-0.0085690655,-0.09835564,-0.0505484,-0.004605081,-0.029203469,-0.004480823,0.0015625652,-0.08358631,-0.004419692,-0.0021972994,0.03182432,0.05813234
BSH3%UPI00016547A5,-0.023095462,-0.00033386349,-0.01002504,-0.013874873,0.013872214,-0.0006104933,0.021592222,0.034251004,0.058604456,-0.011296768,0.015467618,-0.009078395,0.012863516,0.02695448,-0.00024296755,-0.024873301,-0.010463118,-0.018693313,-0.050841432
BSH3%UPI00017EF3F1,-0.014205008,0.030000431,-0.007060617,-0.040467687,-0.027940586,-0.040221926,-0.044361364,-0.024558468,-0.03171721,-0.010719873,0.038835485,0.0225052,-0.027500262,-0.022294434,0.018693896,0.011849631,0.019622767,0.029528497,0.04902588
BSH3%UPI0001A5F983,-0.076141804,-0.06288733,-0.028866835,-0.0013878568,-0.025699578,-0.023892587,0.09823912,0.084716834,0.023334164,-0.013967433,0.027667908,-0.018603453,0.10745305,0.09446662,0.052494563,0.0049881125,0.020839853,-0.13336515,-0.13497786
BSH3%UPI0002132A6C,-0.07641977,-0.03607466,0.01848918,-0.051333074,0.0017878286,-0.088783875,-0.016673941,0.031705663,-0.02960927,-0.008822642,0.047138616,-0.03872448,0.039210785,0.027194899,0.053714544,0.104545936,0.10009207,-0.048190817,-0.031975355
BSH3%UPI00033CE23D,-0.009949276,0.020834692,-0.040385403,-0.044580407,0.008186028,0.006263113,-0.013243106,-0.003459017,0.040693678,0.042349983,0.05138211,0.008555355,-0.029040905,-0.015972275,-0.012723882,-0.039340306,-0.029051133,0.03788595,0.007171543
BSH3%UPI00035F5DCE,-0.055899903,-0.06871867,0.021773119,0.03724962,0.0546769,-0.057380807,0.10321652,0.07160488,-0.0009287232,-0.0806303,0.09168616,-0.064537816,0.059406437,0.04844424,0.0087542,-0.033969305,0.005379539,-0.05495885,-0.03752779
BSH3%UPI0004DA32C0,-0.015650148,-0.009874734,0.022003658,0.0012697001,-0.009622049,-0.020411493,0.033462275,0.0059780627,0.017716918,-0.007806859,-0.0020850208,-0.010223202,0.012975532,0.018762305,-0.024117298,-0.027180023,0.013531458,-0.033736777,-0.011381638
BSH3%UPI00080CB216,0.018509492,0.045319308,-0.041901097,-0.036159392,-0.016244039,0.10923312,-0.04452877,-0.037703276,0.050579935,0.063733175,-0.059213832,0.07790612,-0.086098954,-0.05906805,0.029046422,0.018871764,-0.099179275,-0.010393191,-0.025217462
BSH3%UPI00092A5378,-0.0064548664,0.07375946,-0.07336195,-0.094468854,-0.07569646,0.06838676,-0.10900518,-0.09038529,0.061868325,0.15472741,-0.035810187,0.10361345,-0.08665119,-0.085907795,0.060526323,0.09028332,-0.0380609,0.021492325,-0.024534376
BSH3%UPI0009648BEC,-0.040260945,0.02142731,0.011576728,0.0017042598,-0.02423122,0.018092936,0.0007305292,-0.013798199,0.06882883,0.041805886,0.0077485275,0.030960664,-0.036544956,-0.0228965,-0.006960106,-0.015777882,-0.050823525,-0.0116447555,0.014714174
BSH3%UPI000E3F1C35,0.004093773,-0.006487074,0.045459248,-0.00012491264,0.027995065,-0.0070869606,-0.0047523193,0.0062252213,-0.014825673,-0.0571485,0.035345856,-0.022737922,0.003335862,0.0006293153,-0.037474304,-0.0685023,-0.0034324739,0.059487086,0.07117417
BSH3%UPI000E4DFA31,0.03855976,-0.025721893,0.06517243,0.045008283,0.03972693,-0.0063580927,0.021839466,-0.00048027243,-0.014078763,-0.022380361,-0.013541175,-0.038988493,0.04774814,0.0397246,-0.018773973,-0.03795046,-0.0010919818,-0.05179768,0.011587002
BSH3%UPI000E5302B4,0.015660606,-0.0037831,-0.026102958,-0.01027931,0.009814611,-0.028292691,-0.013162925,0.02881872,-0.02494949,-0.03650734,-0.0073452867,-0.020655775,-0.019322282,0.05308328,0.023647346,0.024342244,0.02423436,-0.0023564913,0.008910784
BSH3%UPI000E555DC1,0.005619155,0.014114564,0.017556673,-0.0006428169,-0.0030638021,0.007140622,0.04488177,0.05177985,-0.03067978,-0.04356478,0.11264081,-0.009417275,-0.016142536,0.005746806,-0.087171994,-0.06867047,-0.04603307,0.012047743,0.027973048
BSH3%UPI000E902C94,-0.10701945,-0.090793096,0.025550377,0.030540783,-0.00036696953,-0.05306222,0.06119455,0.031613532,0.006303348,-0.033014685,-0.011486066,-0.045807406,0.10292716,0.09431978,0.059328858,0.0008733241,0.062003635,-0.113132685,-0.046330538
BSH3%UPI000ED2B3A0,0.022981381,0.007335886,0.001600439,-0.02521748,-0.025625635,-0.021527909,-0.010827083,-0.017123396,-0.021544287,0.013373902,-0.015509814,0.0028701688,0.009424137,0.009481058,0.010327593,0.010172937,0.03869914,-0.01060324,-0.005665046
BSH3%UPI000EF23C17,0.010109547,0.026982095,-0.027955776,-0.038777772,-0.04132848,0.047289692,0.0054138512,-0.053132586,-0.01219382,-0.02963506,0.01639564,0.044682957,-0.031239836,-0.037269183,0.05161992,0.046705354,-0.023937158,-0.03867726,0.004697187
BSH4%UPI0001FAB233,-0.009117723,-0.008111592,0.035527542,0.025768831,-0.029104529,-0.062258948,-0.014420738,-0.0051861955,-0.10592872,-0.08554537,0.057464413,-0.034407552,0.029848251,0.017126407,-0.008663915,0.02063509,0.07077598,0.04828463,0.045200504
BSH4%UPI0006BEFACE,0.04972177,0.03184376,-0.0016124205,-0.013552503,0.005092391,0.06502452,-0.07473291,-0.048810612,0.019169433,0.03107544,-0.0077856146,0.032809388,-0.047110114,-0.051456828,0.00586226,-0.0011520096,-0.04003011,0.0046241563,0.018410768
BSH4%UPI000822CCAE,0.061862074,0.103324935,-0.045887765,-0.034556888,-0.062389817,0.11350296,-0.07548821,-0.093861006,0.06381461,0.06420947,-0.023171883,0.10239741,-0.12671573,-0.12828998,0.010089418,0.03562502,-0.06460889,0.017615564,-0.032353207
BSH4%UPI0008CBCA16,-0.016500033,0.03767517,-0.00027366745,-0.00794317,-0.033590525,0.0016408633,-0.023779305,-0.039899882,0.013334608,-0.023658054,-0.0022426776,0.024449417,0.032735873,0.005517778,0.052931875,-0.016250718,-0.01223151,-0.006403039,-0.039257415
BSH4%UPI000D27EFA9,0.042261057,0.055678055,-0.05204493,-0.036715798,-0.06442541,0.0906794,-0.0361541,-0.06529273,0.033454217,0.041773707,-0.029707339,0.069343425,-0.06720747,-0.06982833,0.083358325,0.05071741,-0.07853723,0.023093082,-0.01296573
BSH4%UPI000E54B9B5,0.016004229,0.031041825,-0.06623111,-0.059538547,-0.056258034,0.09310345,0.03015628,-0.051640283,0.034209073,0.05566422,-0.03926396,0.0802882,-0.04132658,-0.06208497,0.046825875,0.08582092,-0.1046456,-0.01550807,-0.028642572
BaiA%SRR3992974_bin_8_EOPEKEED_01051__3-oxoacyl-_acyl-carrier-protein__reductase_FabG,-0.008058594,-0.031039746,0.038928658,0.026416104,0.01611743,-0.044484805,0.031240432,0.057096187,-0.04944016,-0.070405185,-0.0022434222,-0.04070861,0.05169937,0.06352092,-0.011552409,-0.037799764,0.06600364,-0.033419155,-0.012715941
BaiB%CosteaPI_2017__SID713A038-11-90-0__bin_26_fa_FGHNBBEK_00429__Bile_acid-coenzyme_A_ligase,0.0058136205,-0.040578447,0.0093627395,0.0056301747,0.002146843,-0.056839265,0.012144403,0.05528445,0.01890616,-0.02788124,0.014956024,-0.057003163,0.031462405,0.029314376,0.0072077746,-0.022373755,0.049880408,-0.0054680877,0.003322383
BaiB%bai_cluster_2%midas_uncultured_Eubacterium_73696%uncultured_Eubacterium_73696|FMDW01000013_871,0.053948056,0.016658237,0.024191016,0.018833695,0.047702648,0.025991581,-0.06529832,-0.053135492,-0.01756585,0.050480213,-0.06830494,0.026109865,-0.025120234,-0.0380846,-0.041329503,0.005329911,-0.02181509,0.047928058,0.015929278
BaiB%fig|1950888_3_peg_94|__Long-chain-fatty-acid--CoA_ligase_(EC_6_2_1_3)____Clostridiales_bacterium_UBA4701_|_1950888_3_,-0.06592362,-0.115448385,0.003202199,0.09000742,0.114753924,-0.08464594,0.09749184,0.11966313,-0.005029221,-0.014367793,0.07935239,-0.103765786,0.08101535,0.10235705,-0.06310835,-0.051418867,0.051024474,-0.035353955,-0.045438495
BaiCD%MEI3381486_1_FAD-dependent_oxidoreductase__Dorea_sp__,0.005022428,0.0025559014,-0.0043722373,0.036758963,0.021184735,0.025515085,-0.04544398,-0.030302662,0.019616302,0.019343995,-0.08753736,0.032937363,-0.0044822814,-0.012535828,-0.007771435,-0.011623143,-0.0032436717,0.02960917,0.021852458
BaiCD%RaymondF_2016__P21E7__bin_22_fa_DDJCLBHB_00368__NADH_oxidase,0.012300237,0.031624693,-0.013109874,-0.017466709,0.007639526,0.03081555,-0.08194581,-0.08889314,-0.02987789,0.073796876,-0.018273147,0.05234575,-0.08361047,-0.10042798,0.034431238,0.09963682,-0.03594555,0.077103354,0.04969131
BaiCD%XieH_2016__YSZC12003_35390__bin_5_fa_PIKIEFGP_00577__NADH_oxidase,-0.0914491,-0.025578476,-0.032692023,-0.014304776,-0.02549478,-0.019508993,0.008977198,0.04666724,-0.022438586,0.033152573,0.023277335,-0.0055571343,-0.014408089,0.028045768,0.04284668,0.06301969,0.056274805,-0.038087025,-0.008089088
BaiE%LiJ_2017__H3M515915__bin_8_fa_COLEEGFP_01274__Bile_acid_7-alpha_dehydratase,-0.0094695045,0.021932073,-0.002583509,-0.007747407,0.0025804725,-0.018605413,-0.062957294,-0.025532534,-0.015489604,0.021367608,0.047385365,0.01850431,-0.013884672,-0.018403433,-0.010324541,0.017106889,0.0072720204,-0.014313239,-0.008435682
BaiE%MCI8938768_1_nuclear_transport_factor_2_family_protein__Dorea_sp__,-0.036658674,-0.024992144,0.0062387567,-0.026636135,-0.009784402,-0.021910785,0.020945717,0.038455352,-0.026081957,-0.0044022114,0.038073987,-0.042759284,0.04065124,0.044645905,0.0018626801,-0.019379431,0.044300776,-0.045423962,0.02049271
BaiE%fig|1950888_3_peg_203|__Bile_acid_7-alpha_dehydratase_(EC_4_2_1_106)_(BA7_alpha_dehydratase)_(Bile_acid-inducible_operon_protein_E)____Clostridiales_bacterium_UBA4701_|_1950888_3_,0.07815838,0.03614105,-0.018032767,-0.006722551,-0.0012629601,0.058932956,-0.03638099,-0.017244862,0.028371787,0.060922995,-0.001791866,0.048696447,-0.05281489,-0.05948864,-0.038573258,-0.037569594,-0.05328277,0.04997943,0.0063974536
BaiF%KarlssonFH_2013__S54__bin_27_fa_BBGPADBL_00031__Bile_acid-CoA_transferase,0.0015088215,-0.0088401465,0.004188749,0.023498958,-0.026323507,0.016231064,0.020612739,0.015267122,0.061771024,-0.014336681,0.0013922707,-0.008262248,0.030722998,0.035248514,0.039661955,-0.022990901,-0.018148517,-0.07729353,-0.06508546
BaiF%LiJ_2014__MH0358__bin_56_fa_NPCPOAJM_00305__Bile_acid-CoA_transferase,0.034484193,0.003989747,0.009440603,0.015045331,0.011311307,0.040816218,-0.016523236,-0.041987557,-0.042809986,-0.021930115,-0.0126005495,0.024860391,-0.023673447,-0.034859255,-0.0011824311,0.024545575,-0.011769964,0.025478097,0.0050736587
BaiF%LiJ_2014__V1_FI37__bin_39_fa_IHFOFLIJ_00762__L-carnitine_CoA-transferase,0.035478365,-0.015436766,0.046712708,0.040895127,0.035404865,-0.0002601073,-0.026989114,-0.010602147,-0.043611545,-0.017794807,-0.0032895342,-0.020379342,-0.032830074,-0.031349026,-0.027263258,0.00044154137,0.010150187,0.05411713,0.09274666
BaiF%SRR4783510_bin_28_GHBMCCFK_00008__L-carnitine_CoA-transferase,0.02693448,0.078813195,-0.101095155,-0.068449944,-0.028600324,0.0809002,-0.04165163,-0.0151432445,0.06612809,0.11445259,-0.06195494,0.074778505,-0.07155311,-0.03899699,0.02578608,0.0404955,-0.05413386,0.007709934,-0.08557136
BaiF%bai_cluster_2%midas_uncultured_Eubacterium_73696%uncultured_Eubacterium_73696|FMDW01000013_892,0.054946847,0.018119859,-0.04422597,-0.035315424,0.008923956,0.056933116,0.02596146,0.018532023,0.10355528,0.09506763,-0.007522922,0.05167067,-0.049738582,-0.045730334,-0.030406404,-0.022651417,-0.10306637,-0.030810222,-0.06603036
BaiF%fig|1950825_3_peg_1464|__L-carnitine_dehydratase_(EC_4_2_1_89)____Clostridiales_bacterium_UBA1701_|_1950825_3_,0.066280864,0.06280092,0.007248037,0.021456836,0.030141482,0.016602352,-0.06048471,-0.052763768,-0.021032475,0.00861951,-0.042257033,0.025315605,-0.04335815,-0.06265014,-0.025231933,-0.005772452,-0.027712388,0.10457837,0.04922705
BaiG%LeChatelierE_2013__MH0251__bin_10_fa_BOBEKBFD_00006__Multidrug_resistance_protein_3,-0.054884788,-0.03557936,0.01630439,0.006640428,-0.006620346,-0.04206872,-0.049430948,-0.0051152026,-0.056243423,-0.034379605,0.00815205,-0.022867609,0.045179892,0.041640792,0.023359608,0.01098098,0.08337393,-0.0049368637,0.021204676
BaiG%MBR4017991_1_MFS_transporter__Clostridia_bacterium_,0.013092165,-0.07414197,0.055745196,0.08584153,0.07130484,-0.10028835,0.093526125,0.12751056,-0.03323741,-0.051043898,0.032389916,-0.14819033,0.09059484,0.09995945,-0.044675115,-0.09575369,0.078374654,-0.020452935,-0.021224696
BaiG%MDY4488523_1_MFS_transporter__Candidatus_Limivicinus_sp__,0.083744906,0.05481436,-0.011295884,-0.010137473,0.014712551,0.060607463,-0.06788929,-0.054694105,-0.0098295165,0.084325954,-0.03888282,0.05603092,-0.07209051,-0.049228862,-0.07150134,-0.031997412,-0.08426666,0.06196931,0.036164355
BaiH%MEE0204071_1_FAD-dependent_oxidoreductase__Oscillospiraceae_bacterium_,0.016753726,0.030890284,-0.04271826,-0.021079568,-0.018736513,0.035342507,-0.034792975,-0.06580825,0.00985641,0.035164803,-0.034502305,0.056218125,-0.048821382,-0.023745976,0.043900095,0.044646673,-0.011166653,0.00022122212,-0.014228165
BaiH%Obregon-TitoAJ_2015__NO11__bin_28_fa_ODBMCAMJ_01962__NADH_oxidase,0.04193406,0.06257523,-0.018886602,-0.03200158,-0.005135302,0.062307235,-0.092473,-0.102296375,0.0075968923,0.068938315,-0.08633275,0.050834335,-0.06852672,-0.06678815,0.03697172,0.07384599,-0.057575684,0.014290681,-0.012812282
BaiH%bai_cluster_2%midas_uncultured_Eubacterium_73696%uncultured_Eubacterium_73696|FMDW01000013_836,-0.050109588,0.005862828,-0.029260464,-0.014979298,-0.034363385,-0.01317843,-0.009152957,-0.008683452,0.034025423,0.02947436,-0.04719131,-0.002398804,0.054539803,0.035276983,0.044017456,0.009259405,0.0029834618,-0.03767646,-0.042107873
BaiI%QinJ_2012__CON-070__bin_41_fa_AAAKDJOM_00400__hypothetical_protein,-0.042802475,0.020850528,-0.080442116,-0.057096187,-0.029192343,0.0077715386,-0.010669304,0.0249219,0.07854698,0.11618768,0.012815264,0.037825868,-0.044642698,-0.013431872,0.050492037,0.056481086,-0.014034636,-0.024307564,-0.09273162
