Sample,Run_0,Run_1,Run_2,Run_3,Run_4,Run_5,Run_6,Run_7,Run_8,Run_9,Mean
LCA,0.7177429312260772,0.7087541671811334,0.6965551302629954,0.7131991603901716,0.6996007737580772,0.7014281598551261,0.7045561180392641,0.7219903691813804,0.7190599662509775,0.6765855866979462,0.705947236284315
CA,0.6583940404165123,0.6720418158620406,0.6601555747623162,0.657142857142857,0.6989751821212494,0.6798781742601967,0.6804049882701567,0.6661151582499897,0.6661810100012346,0.6434621558217064,0.668275095690826
isoLCA,0.6614890727250278,0.6725686298720006,0.6413878256574884,0.665160307856937,0.6545581759064905,0.657982466971231,0.6355105568588714,0.6579166152199859,0.6480223895954234,0.6472486315182944,0.6541844672181751
CDCA,0.6334691525702761,0.6455035601103017,0.6234761493188459,0.642655471868955,0.6540313618965303,0.6124130551096842,0.6405317528913034,0.6483681112894596,0.6084454870971725,0.6128410914927769,0.6321735193645306
Glu_DCA,0.586829649750998,0.5566530847429724,0.5681771412108491,0.5961147466765444,0.5935794542536115,0.555648845536486,0.5862534469276042,0.5823188047907149,0.5882948512161995,0.5771659052557928,0.5791035930361772
3oxoDCA,0.5312836975758324,0.5195620858542206,0.49993826398320784,0.5300489772399885,0.5297361814215746,0.49475243857266327,0.5450796394616618,0.5407663497551137,0.5577890274519488,0.5293739967897271,0.5278330658105939
7oxoDCA,0.5060295509733712,0.5016174836399555,0.49346832942338553,0.5162694982919702,0.5271679631230193,0.5119891344610445,0.5057661439683911,0.501650409515578,0.5058319957196362,0.4640490595546775,0.503383956867103
Glu_CA,0.5191999012223731,0.48201012470675386,0.487953245256616,0.54019014693172,0.5089105650903404,0.5051899411449973,0.4789809441494834,0.49853891426925134,0.4659916862164053,0.4494135078404741,0.4936378976828415
Asp_CA,0.4351730666337407,0.4425484627731818,0.4375272667407498,0.48474297238342173,0.4364242499073959,0.44980861834794417,0.4258056550191381,0.4715890850722311,0.4140675803597152,0.3868543441577149,0.4384541301395234
DCA,0.4124048236407787,0.43586451002181337,0.4267440424743795,0.43795530312384234,0.4261513767131744,0.3807465942297403,0.46037782442276826,0.4331975140963905,0.4557682018356175,0.39622175577231755,0.4265431946330822
Phe_CA,0.4018520805037659,0.377207062600321,0.419401572210561,0.4319134049471128,0.37111577561015757,0.440210725603984,0.3838087006626332,0.4339383462978969,0.49200312795818407,0.3613532534880849,0.4112804049882701
Asn_CA,0.46780260937564305,0.384253199983537,0.4286208173848623,0.40581964851627766,0.42213441988722883,0.40809153393423053,0.36329588014981273,0.4235008437255628,0.4120920278223649,0.3826562950158456,0.4098267275795366
Glu_CDCA,0.40040334197637567,0.40041980491418694,0.3914804296826769,0.43109025805655016,0.3948388689961724,0.45334814997736345,0.41857842531999834,0.3906902086677367,0.41890768407622336,0.3629172325801539,0.4062674404247438
3oxoLCA,0.4181997777503395,0.4266781907231345,0.3815697411203029,0.42185454994443755,0.40395933654360616,0.4226612338971889,0.4073836276083467,0.4007655266082232,0.4053257603819401,0.36321356546075645,0.40516113100382756
Gln_CA,0.4117298431905173,0.37058896160019755,0.41329382228258627,0.409293328394452,0.41773881549162445,0.3899329135284191,0.3912664114911305,0.3761863604560233,0.4106926781084084,0.35771494423179817,0.3948438078775157
Tyr_CA,0.3971766061653701,0.3768284150306622,0.3801374655307239,0.3911840968020743,0.37631806395851336,0.39182615137671317,0.365271432687163,0.413277359344775,0.4383339506935013,0.34240441206733335,0.387275795365683
TCDCA,0.34261843025887967,0.37488578836893444,0.4039922624192287,0.3918096884389019,0.3846318475531959,0.34484092686339873,0.3931267234638021,0.39737416141910525,0.36538667325184176,0.40102893361320324,0.37996954356504925
Thr_DCA,0.34740914516195415,0.3609910688562374,0.3838087006626332,0.3587850351895296,0.4014405070584845,0.41554924476272787,0.4027410791455735,0.3536485985924188,0.33970449026628796,0.38858295262789644,0.37526608223237434
Ala_DCA,0.33306992632835325,0.3211507593530065,0.34920360538338063,0.3059554677532205,0.35577231757007033,0.3119973659299502,0.2975264435938593,0.35170597193069103,0.2911058978474708,0.3259579371938922,0.3243445692883895
Phe_DCA,0.3338436844054821,0.3343869613532534,0.2781660287278265,0.39131580030456425,0.33341564802238954,0.3212989257933078,0.3189282627484874,0.30636704119850183,0.3151088611762769,0.2547063423467918,0.31875375560768815
GDCA,0.35289130345310116,0.29153393423056345,0.30376589702432394,0.3389801210025929,0.31119068197719885,0.2581470963493435,0.28542618430258876,0.2744783306581059,0.36681894884142074,0.3025476396262913,0.3085780137465531
GLCA,0.29844836811128944,0.31239247643742024,0.31456558422850556,0.3079145573527596,0.27125159484710043,0.30924805531547106,0.2557435074289007,0.2669712310161748,0.3209532040992715,0.26567065892908587,0.29231592377659793
Thr_CA,0.309050500061736,0.28305552125776845,0.300835494093921,0.30129645635263613,0.27304605506852697,0.280289747705478,0.2041815862040581,0.3148783800469193,0.2692925052475614,0.2603531300160513,0.27962793760546567
Asp_DCA,0.3110260525990863,0.273375313824752,0.25724163476972467,0.32829567436309004,0.2942667819072313,0.26703708276741983,0.25962876075235625,0.31361073383545296,0.23886899617236695,0.2266370333786064,0.27699880643700864
Phe_CDCA,0.28073424702638183,0.23830925628678437,0.18966127505453348,0.21256122154998558,0.19535745153722683,0.2640572910235831,0.2107996872041816,0.30129645635263613,0.28708894102152527,0.23862205210519818,0.24184878791620362
isoCA_aMCA,0.2417993991027699,0.2107173725151253,0.25753796765032716,0.25803185578466475,0.23053874963987325,0.21308803555994565,0.2541466024612092,0.2461456146849405,0.22857966004033417,0.23705807301312914,0.23776433304523187
Trp_CA,0.254788657035848,0.18589126229575667,0.300374531835206,0.23169115528666087,0.23109848952545578,0.2657365106803309,0.1537720706260032,0.22599497880396754,0.3017574186113512,0.19198254928592007,0.23430876239865003
UDCA,0.18748816726344814,0.176128740173684,0.19267399267399266,0.11445857513273242,0.19237765979339008,0.10449849775692471,0.21325266493805817,0.23162530353541588,0.16267851998189076,0.22400296332880604,0.17991850845783428
TDCA,0.20834670947030495,0.12853438696135325,0.17430135407663497,0.1697905091163518,0.19794213277359343,0.11612133185166892,0.09455488331892825,0.15013376136971643,0.1424949582252953,0.19804091040046096,0.15802609375643084
Asn_DCA,0.14998559492941513,0.09371527349055438,0.11266411491130592,0.19785981808453718,0.08989587191834383,0.14270897641684158,0.15564884553648597,0.20195908959953904,0.1357122278470593,0.10272050047330945,0.13828703132073916
Trp_DCA,0.15834876733753137,0.09720541630653988,0.12902827509569081,0.13482322920525167,0.1382310573321809,0.11875540190146931,0.09936206115981396,0.14279129110589786,0.11463966744865621,0.08019920154751616,0.1213384368440548
GUDCA,0.09155862863728031,0.11794871794871793,0.11078734000082313,0.1377207062600321,0.07484874675885911,0.11918343828456186,0.12351319092892127,0.09524632670700085,0.062452154586986046,0.11977610404576695,0.10530353541589495
TLCA,0.14549121290694322,0.07968885047536733,0.10448203481911347,0.05468164794007489,0.14028892455858746,0.032637774210807914,0.10895995390377412,0.12538996583940404,0.0860929332839445,0.13342387949129522,0.10111371774293124
