Family,3oxoDCA,3oxoLCA,7oxoDCA,Ala_DCA,Asn_CA,Asn_DCA,Asp_CA,Asp_DCA,CA,CDCA,DCA,GDCA,GLCA,GUDCA,Gln_CA,Glu_CA,Glu_CDCA,Glu_DCA,IleLeu_CA,LCA,Lys_DCA,Phe_CA,Phe_CDCA,Phe_DCA,TCDCA,TDCA,TLCA,TUDCA,Thr_CA,Thr_DCA,Trp_CA,Trp_DCA,Tyr_CA,UDCA,isoCA_aMCA,isoDCA_isoCDCA,isoLCA,isoUDCA
12aHSDH%GENOME015584_936,-0.3010595,-1.0,1.0,-1.0,1.0,-0.48708183,0.99139416,-1.0,1.0,1.0,-1.0,-0.44614834,-1.0,1.0,0.75333095,1.0,1.0,-1.0,0.46300107,-1.0,-0.10617999,-0.6992321,-0.81126684,-1.0,1.0,-1.0,-0.55919933,1.0,0.9066696,-1.0,1.0,0.12088576,0.21291025,0.8773661,1.0,-0.6614097,-1.0,1.0
12aHSDH%GENOME077010_272,-1.0,-1.0,0.47005332,-0.37034908,0.017662447,-1.0,0.7020816,0.058974516,0.7654933,0.5246609,-0.57034904,-0.2966519,-1.0,1.0,-0.9928769,0.67575777,0.3443974,-0.9917301,0.5704201,-1.0,1.0,-0.6386298,-1.0,-1.0,1.0,1.0,-0.022988662,1.0,0.41330832,0.6763954,-1.0,-0.74699384,1.0,-0.11402451,1.0,-1.0,-1.0,-0.12455724
12aHSDH%GENOME136792_1072,1.0,-0.34601384,1.0,0.67293596,0.25258127,-0.9768263,-0.97006077,-0.72617733,0.4992265,0.56897485,-0.26032892,-0.21399239,-0.33674407,0.3633149,-0.58821994,1.0,-1.0,-0.8621501,0.2738173,-0.37541586,-0.53554416,0.012497463,-0.070971236,-0.27533334,-0.5838953,-0.17647178,-0.5930476,0.8766066,0.37007728,0.26662678,1.0,-0.4222583,0.854213,1.0,1.0,0.6890407,0.266276,1.0
12aHSDH%GENOME187328_883,0.44338542,1.0,-1.0,1.0,-1.0,-0.51375574,-0.6260936,1.0,-1.0,-1.0,1.0,1.0,1.0,-0.87622803,-1.0,-1.0,-1.0,1.0,-1.0,1.0,-0.3133374,0.5315661,-1.0,1.0,-0.88634145,1.0,1.0,-1.0,-1.0,1.0,-1.0,1.0,-1.0,-0.1371039,-1.0,0.71113354,1.0,-0.7004139
12aHSDH%GENOME211747_1057,0.49010196,0.12164943,-0.47288874,-0.4989993,-0.62131,1.0,-1.0,0.3442212,-1.0,-0.8677739,0.37565103,1.0,0.9130527,0.8496089,0.19305064,-1.0,0.32984775,-0.5081944,-0.4867095,0.5200562,-0.7690973,0.8125473,1.0,1.0,-0.13559063,-0.69408846,0.053729057,0.63456225,-0.57904816,-0.0050152214,0.385728,0.39634994,0.6053317,-0.09458907,-0.22764473,0.5742593,0.05601384,-0.0050273105
12aHSDH%MBE7001463_1_SDR_family_oxidoreductase__Oscillospiraceae_bacterium_,1.0,-0.24556671,0.974815,0.060676765,1.0,0.114849135,0.4605886,-1.0,1.0,0.35488763,-0.3433274,-0.81503934,-1.0,0.025936374,1.0,0.43368655,0.22500205,-1.0,1.0,-0.5369375,1.0,-0.18055996,0.5551616,-0.35841998,-1.0,-1.0,-1.0,-0.7700801,1.0,-0.49016562,1.0,0.40960664,0.20680821,0.24103108,-0.015638934,-0.22455776,-0.5430402,0.27926955
12aHSDH%MBP3571641_1_SDR_family_oxidoreductase__Clostridia_bacterium_,-1.0,-1.0,1.0,-1.0,1.0,0.57216835,0.53782845,-1.0,1.0,1.0,-1.0,-1.0,-1.0,-0.17867874,1.0,1.0,1.0,-1.0,1.0,-1.0,1.0,-0.30363622,1.0,-1.0,1.0,0.014035497,0.8270089,1.0,1.0,-1.0,0.9428154,-1.0,1.0,0.2644072,1.0,-1.0,-1.0,0.96262705
12aHSDH%MBR0327374_1_SDR_family_oxidoreductase__Clostridia_bacterium_,-1.0,-1.0,1.0,-1.0,1.0,-0.72040826,1.0,-0.624729,1.0,0.6160354,-1.0,0.25729606,-0.5647446,1.0,1.0,1.0,1.0,-0.7043328,0.62084985,-1.0,-0.79990166,-1.0,0.85798854,-1.0,1.0,-0.26853576,-0.17216873,1.0,1.0,-0.84337443,-0.38876164,-0.79774123,-0.16620813,0.41365755,0.90833676,-1.0,-1.0,1.0
12aHSDH%MBR6823493_1_SDR_family_oxidoreductase__Bacillota_bacterium_,-1.0,0.612867,-1.0,0.9129538,-0.52784616,0.7691639,-0.267978,1.0,-1.0,-1.0,-0.1832463,0.65937096,0.72458625,0.3695303,0.503161,-0.0587807,0.8685266,0.75585765,-0.48297927,0.09990009,-0.8473882,-0.8738349,-0.31464395,0.36295736,-0.50155413,0.642343,0.6034215,1.0,-0.62445897,0.61703455,-0.9866911,-0.4628832,-0.8721211,-0.30442268,-0.7216608,-0.154501,1.0,0.058924716
12aHSDH%WP_055231566_1_SDR_family_NAD(P)-dependent_oxidoreductase__Anaerostipes_hadrus_,-1.0,-1.0,0.71161425,-0.2990448,1.0,1.0,1.0,-0.1623019,0.19044079,0.33165494,-0.59050614,-0.937383,-1.0,-1.0,1.0,0.86105216,1.0,-1.0,0.60661113,-1.0,0.75507915,0.19520104,0.11772824,-1.0,0.53944105,-0.12797935,-0.23002554,0.3469914,1.0,0.7369288,0.9375435,-0.9903204,1.0,-1.0,-0.87427866,-1.0,-1.0,-0.99331623
12aHSDH%WP_103229430_1_SDR_family_NAD(P)-dependent_oxidoreductase__Clostridium_sp__chh4-2_,0.7216109,-0.16655922,1.0,-0.6210336,1.0,0.03967452,0.23328426,-0.52347845,0.4917501,-0.121909685,-0.3052815,-1.0,-1.0,-0.23250385,1.0,0.51319426,0.8749503,-1.0,1.0,0.04269471,-1.0,0.5183963,0.49426565,-0.06337472,0.37442,-0.57540256,-0.046570327,0.4922221,0.46814856,-0.111389495,-0.34286362,-0.22453968,1.0,-0.68179387,1.0,0.7803461,0.055346053,0.78151923
12aHSDH%WP_130435990_1_SDR_family_NAD(P)-dependent_oxidoreductase__Cuneatibacter_caecimuris_,0.27883044,0.6688505,-0.48302582,0.9463106,-1.0,-1.0,-1.0,1.0,-1.0,-1.0,0.97504413,0.53226423,0.26740772,1.0,-1.0,-1.0,-1.0,0.40890244,-0.2347862,1.0,-0.67919713,0.534328,-1.0,1.0,0.7066742,1.0,1.0,1.0,-1.0,1.0,-0.38406157,0.27283552,-1.0,0.13328522,0.43007663,0.27777547,1.0,0.5498678
12aHSDH%WP_160708750_1_SDR_family_NAD(P)-dependent_oxidoreductase__Enterorhabdus_sp__P55_,-0.15278569,-0.801712,1.0,-0.9796575,0.94860864,0.49614373,0.19161788,-1.0,1.0,1.0,-1.0,-1.0,-1.0,-0.7029507,0.968391,0.21222435,0.18625782,-1.0,0.99838287,-1.0,1.0,-0.29586548,0.18865195,-0.6119494,0.9555176,-0.5683169,0.18315737,0.20568316,1.0,-0.9431827,0.16940808,-0.3011381,1.0,-0.006934489,0.95875347,-1.0,-1.0,-0.108857766
12aHSDH%WP_161844252_1_SDR_family_NAD(P)-dependent_oxidoreductase__Pseudoflavonifractor_sp__524-17_,1.0,0.5061589,-0.557131,0.92481214,-0.83149356,-0.21603268,-0.12258031,-0.24521093,-1.0,-1.0,0.7264238,-0.20811383,0.54622614,-0.57519895,-0.253349,0.6695915,-0.9484768,1.0,1.0,1.0,-1.0,1.0,-0.22359884,0.857381,-1.0,-0.20146601,-0.8226574,-0.7819219,-0.14557478,1.0,-0.5236158,-0.44884506,-0.45029438,-0.27220014,0.971482,1.0,0.9453496,1.0
12aHSDH%WP_418471294_1_SDR_family_NAD(P)-dependent_oxidoreductase__Eggerthella_sp__,-0.31589127,-1.0,1.0,-1.0,0.98801064,0.72372395,0.98726904,-1.0,1.0,1.0,-1.0,-1.0,0.05070557,-0.59002453,0.9090609,1.0,1.0,-1.0,1.0,-1.0,-0.27665126,0.31277886,1.0,-0.15770103,1.0,-1.0,-0.8972552,1.0,1.0,-1.0,1.0,-1.0,1.0,0.3631359,0.7177611,-1.0,-1.0,-0.39997193
12bHSDH%GENOME225741_180,-0.31264678,1.0,-1.0,-0.9901737,-1.0,1.0,0.08096762,1.0,-1.0,-1.0,1.0,1.0,0.2393714,-0.54904985,-0.5247974,-0.75699395,-1.0,1.0,-1.0,1.0,-0.103472136,-1.0,-1.0,-0.5951909,-0.06039552,1.0,1.0,-1.0,-1.0,0.95870835,-1.0,0.3144113,-1.0,-0.6500697,-1.0,1.0,1.0,-1.0
3aHSDH%3aHSDH%HJB56827_1_3-oxoacyl-ACP_reductase_FabG__Candidatus_Flavonifractor_intestinipullorum_,1.0,1.0,-1.0,1.0,-1.0,1.0,-1.0,1.0,-1.0,-1.0,1.0,1.0,1.0,-0.22282328,-1.0,-1.0,-1.0,1.0,-1.0,1.0,-1.0,-0.35357252,-1.0,1.0,-1.0,1.0,1.0,-1.0,-1.0,1.0,-1.0,1.0,-1.0,0.2872624,-0.9296942,1.0,1.0,-0.28969944
3aHSDH%3aHSDH%MBO5160353_1_3-oxoacyl-ACP_reductase_FabG__Lachnospiraceae_bacterium_,1.0,0.88348883,-0.6898724,0.3191707,-0.449074,1.0,0.49990746,1.0,-1.0,-1.0,0.049684465,-0.6755381,-0.7778631,-1.0,-1.0,0.2411177,0.76637536,1.0,-0.8139894,0.0674956,-0.8287067,0.35301512,-0.44530556,1.0,-1.0,-1.0,-0.84669787,-0.99892914,0.3201218,0.9414507,-0.07525811,0.4919431,-0.39405403,0.023320861,-0.04518019,0.5968716,0.21122332,0.20304433
3aHSDH%3aHSDH%MBQ7891058_1_3-oxoacyl-ACP_reductase_FabG__Erysipelotrichaceae_bacterium_,1.0,1.0,-1.0,1.0,-1.0,0.14319755,-1.0,1.0,-1.0,-1.0,1.0,1.0,1.0,-1.0,-1.0,-1.0,-1.0,1.0,-1.0,1.0,-1.0,-1.0,-1.0,1.0,-1.0,1.0,1.0,-1.0,-1.0,1.0,-1.0,0.61392015,-1.0,0.27122334,-1.0,1.0,1.0,-0.80663955
3aHSDH%3aHSDH%MBR6526164_1_3-oxoacyl-ACP_reductase_FabG__Clostridia_bacterium_,-0.8194265,-0.88566756,0.8530513,-0.6529345,0.63003594,0.18944375,1.0,-0.44122738,0.57439524,0.7691188,-0.99462354,-1.0,-1.0,0.05641687,0.5985229,0.8805589,0.8645307,0.19041511,1.0,-0.36975226,0.28389418,-0.07832009,0.43035468,0.5143876,-0.74472934,-0.4369611,0.11863195,0.15680736,1.0,-0.9868044,0.3157848,0.01966497,0.6632642,-0.0764648,0.4517087,-1.0,-0.6971357,0.4971755
3aHSDH%3aHSDH%MCI8514525_1_3-oxoacyl-ACP_reductase_FabG__Lachnospiraceae_bacterium_,-0.59973955,0.49226907,-1.0,0.9665985,0.47759277,1.0,0.17197675,1.0,-0.97205734,-1.0,-0.042980902,0.6184577,1.0,-1.0,0.34192717,-0.38359147,0.04506787,1.0,-1.0,0.4627138,-1.0,0.2854631,-0.3529369,0.20461191,-0.2339351,0.076412484,0.39930117,0.46462858,-0.77644634,1.0,-0.49723074,0.7692689,-0.20518956,-1.0,-1.0,-0.21103898,0.51915187,-1.0
3aHSDH%3aHSDH%MCM1345206_1_3-oxoacyl-ACP_reductase_FabG__Muribaculaceae_bacterium_,-1.0,-0.10393883,-1.0,0.25812227,-1.0,0.45831016,0.07897118,1.0,-1.0,-0.24788891,-0.6508041,0.6127727,0.29684916,1.0,-0.88542217,-0.6903927,-0.21230967,0.62935776,-0.6885102,-0.710566,1.0,-1.0,-1.0,-1.0,1.0,1.0,1.0,1.0,-1.0,0.9763726,0.63291013,0.14437129,-1.0,-1.0,-1.0,-1.0,-0.7703169,-1.0
3aHSDH%3aHSDH%WP_062304377_1_SDR_family_NAD(P)-dependent_oxidoreductase__Sellimonas_intestinalis_,0.3047171,0.03332502,-0.8208144,0.6603272,-0.32608584,0.34339896,-0.04043118,-1.0,-0.28312147,-0.7387939,-0.39315766,-0.92495084,-0.073870055,-0.6638555,0.40604302,-1.0,0.23345761,-1.0,0.27234384,-0.23254697,1.0,0.52306163,-0.12831233,1.0,-1.0,-0.3773288,0.94498557,-0.47702366,-0.6599882,-0.3306683,0.9575678,-0.055379048,0.21246257,0.7388594,0.27787784,0.316848,0.5750258,1.0
3aHSDH%3aHSDH%WP_117582908_1_MULTISPECIES__SDR_family_NAD(P)-dependent_oxidoreductase__unclassified_Collinsella_,0.07823311,0.4422399,0.8005411,-1.0,0.9439319,1.0,1.0,0.08010301,0.581754,-0.85099494,-0.38135847,-0.08864049,-1.0,-0.86328524,1.0,1.0,0.9412524,0.6420736,1.0,0.44430733,-0.8542864,0.2891582,-0.60829484,-0.78462696,-0.5404209,-1.0,-0.048719715,-0.6805342,0.3697225,-0.27471596,0.5493485,0.1609525,0.72819746,-0.203858,0.28722432,0.65823627,0.21584973,-0.16010281
3aHSDH%3aHSDH%WP_226969791_1_SDR_family_oxidoreductase___Ruminococcus__lactaris_,-1.0,-1.0,0.87855214,-1.0,1.0,0.9100004,1.0,-1.0,0.26779395,-0.14610459,-1.0,-1.0,-1.0,0.9878662,0.5983571,1.0,1.0,-1.0,0.75394416,-1.0,1.0,-1.0,-0.055994466,-0.87799436,1.0,0.84402585,0.0893478,1.0,1.0,-0.50848967,1.0,-1.0,1.0,-1.0,0.7533853,-1.0,-1.0,-0.1786003
3aHSDH%GENOME060426_131,1.0,1.0,-1.0,1.0,-0.096264854,-0.8901735,0.1842284,1.0,-1.0,-1.0,1.0,-0.838601,1.0,-1.0,-0.5376667,-0.7197684,-1.0,1.0,-1.0,1.0,-0.66684717,-0.65842235,-0.05463637,0.9485082,-1.0,1.0,1.0,-0.7290238,-0.71156836,0.5697975,-1.0,-0.0110692475,-0.5699871,0.1121832,-0.7240758,1.0,1.0,-0.6517922
3aHSDH%GENOME084620_3418,-0.9305223,-0.6730925,0.931592,0.40063044,0.17915115,-1.0,-0.23370945,0.66052365,1.0,0.5022559,-0.7503452,-0.9095231,-0.72051305,-0.6698042,-0.17944233,0.35924107,0.14721379,0.53378373,0.8059003,-0.48920855,0.7324346,0.09183987,-0.31548175,0.90859646,-1.0,-1.0,-1.0,-0.6521226,0.7678078,0.5547506,1.0,0.10082625,0.6053331,0.40726155,0.5788715,-0.6146964,-0.66872656,0.5025828
3aHSDH%GENOME084674_3322,0.6765851,0.81826085,-0.4098693,-0.25135908,-0.47090468,0.7411771,0.18474257,0.90951794,-0.8217192,-0.9648249,0.94041824,0.11083841,-0.91697776,-0.9651437,-0.2904513,-0.64092106,-1.0,0.9824151,-0.63638526,1.0,-0.2820043,-0.40885952,-1.0,-0.8004192,-1.0,0.50582284,0.40848723,-1.0,-0.6602721,1.0,0.12027478,0.8132958,-0.917552,0.47724283,0.25931746,0.6469938,0.54416347,0.33208016
3aHSDH%MBQ9141038_1_SDR_family_oxidoreductase__Lachnospiraceae_bacterium_,-0.4317393,0.21598403,-0.86190665,0.7794206,-0.94593716,-0.13391893,-0.69759804,0.93560815,0.53578216,0.50479084,0.90595907,1.0,1.0,0.5723665,-0.45668617,-1.0,-0.14670779,0.67433673,-1.0,0.38168567,-1.0,-0.49035183,-1.0,0.03536136,1.0,1.0,1.0,-0.9010072,-1.0,0.4396077,0.30515805,1.0,-1.0,-0.56954896,-0.84080034,-0.023703603,-0.241712,-1.0
3aHSDH%MCI7742844_1_SDR_family_oxidoreductase__Clostridiales_bacterium_,-1.0,-0.43224132,-0.6409211,-0.0731647,-0.20902471,0.092212945,0.6211029,-0.04685621,-0.43372968,-0.5957141,-0.5992777,-0.5393259,-0.63593787,0.14702114,-0.73739076,0.5432293,0.23033075,0.22238404,0.8896861,-0.29062736,1.0,-0.7483592,-0.76340735,-0.94362813,-0.7169895,0.13849702,0.5537104,-1.0,0.10672075,-0.18729128,-0.5698783,0.6479694,0.6282015,-0.04792419,-0.3552328,-0.34151495,0.26437712,-0.7022382
3aHSDH%MCI8931631_1_SDR_family_oxidoreductase__Lachnospiraceae_bacterium_,1.0,1.0,0.08454482,-0.52320945,0.847996,1.0,0.07424209,-0.66171646,-1.0,-0.8545194,1.0,0.65598595,0.6786091,-1.0,1.0,-1.0,-1.0,-1.0,-0.440479,1.0,-1.0,0.9592392,0.6020918,-0.12217409,-0.093241885,1.0,1.0,0.09838241,-0.29021302,0.3633806,-0.813907,0.19784482,-0.2885257,-0.5918582,-0.8648849,1.0,1.0,-0.46517843
3aHSDH%MCM1266841_1_3-oxoacyl-ACP_reductase_FabG__Bacteroidales_bacterium_,1.0,-0.20394629,0.13621555,-0.32100376,1.0,1.0,1.0,-0.44735637,0.35520735,-0.24736582,-0.21511926,0.8373862,-0.39665952,-0.6492224,0.41179273,0.60782784,0.3167456,0.19188705,-0.49372065,0.09023411,-0.8194169,1.0,0.82502055,0.33799723,0.57623184,-0.29231948,-0.43066427,-0.92195827,0.046016797,-1.0,-0.68816847,0.41712305,0.60347253,0.241142,-0.00011830269,0.63482296,0.4501321,-0.5165406
3aHSDH%MCR4878926_1_SDR_family_NAD(P)-dependent_oxidoreductase__Bacteroidales_bacterium_,-1.0,-0.40274188,-0.20655644,0.0588132,-0.6997259,0.9230706,-0.5562015,1.0,-1.0,-1.0,-1.0,1.0,1.0,1.0,-0.2483112,0.16564305,-0.49019387,0.5389203,-0.37412786,-0.060076103,-0.28437123,-1.0,1.0,1.0,1.0,1.0,1.0,1.0,-1.0,0.00255745,-1.0,-1.0,-0.33213028,0.010859913,-1.0,-0.98315066,-0.13154513,0.1851451
3aHSDH%MDE7008868_1_3-oxoacyl-ACP_reductase_FabG__Lachnospiraceae_bacterium_,-0.12643793,-0.5767705,1.0,-0.042235814,-0.6829662,0.7863574,0.84058297,0.27505928,-0.12510982,-0.7375534,-1.0,0.6867914,0.5312014,1.0,-1.0,1.0,-0.24171935,0.018918343,1.0,-0.94485503,-0.01051715,-0.046695884,-0.289704,0.74936604,1.0,0.56668234,0.24405116,1.0,-0.27787727,-0.52831256,-0.32812676,-1.0,-0.7066304,-1.0,0.45853126,-1.0,-0.6970042,-0.20308635
3aHSDH%MDE7282987_1_SDR_family_oxidoreductase__Lachnospiraceae_bacterium_,0.23506398,0.8477851,-0.074010596,-1.0,-0.94182676,-0.81858957,-1.0,0.33337888,0.8231673,0.13454352,1.0,1.0,0.48771638,1.0,-0.9846341,-1.0,-1.0,-0.06107881,-1.0,1.0,-0.5362343,-1.0,-0.46261153,-0.88381124,1.0,1.0,1.0,0.12318485,-1.0,-0.18109477,-1.0,-0.9373831,-1.0,0.5188393,-0.26708937,1.0,1.0,0.11726042
3aHSDH%MDE7415347_1_SDR_family_oxidoreductase__Lachnospiraceae_bacterium_,0.018442102,1.0,-1.0,1.0,-1.0,-0.55289394,-0.73843503,1.0,-1.0,-1.0,1.0,0.53372383,1.0,-1.0,-1.0,-1.0,0.030905444,1.0,-1.0,1.0,-0.11530234,-1.0,-1.0,1.0,-1.0,1.0,1.0,-1.0,-1.0,1.0,0.9904743,0.6753557,-1.0,-1.0,-1.0,1.0,1.0,-1.0
3aHSDH%NBI02399_1_3-oxoacyl-ACP_reductase_FabG__Lachnospiraceae_bacterium_,0.8428943,-1.0,1.0,-0.6697816,1.0,-0.303525,-0.43886608,-1.0,1.0,1.0,-0.6945819,-0.8313599,-0.8650243,1.0,1.0,0.69076365,0.7615666,-1.0,0.75799394,-1.0,-0.77541995,0.7628319,0.3185296,-0.7792292,1.0,-1.0,-1.0,1.0,1.0,-0.7152957,0.17616385,0.7206903,1.0,1.0,1.0,-0.29897964,-1.0,0.9875469
3aHSDH%WP_044950032_1_SDR_family_NAD(P)-dependent_oxidoreductase__Mediterraneibacter_gnavus_,-1.0,-1.0,1.0,-1.0,1.0,-1.0,0.3292848,-1.0,1.0,1.0,-1.0,-1.0,-1.0,1.0,1.0,1.0,0.64355916,-1.0,1.0,-1.0,1.0,1.0,1.0,-1.0,1.0,-1.0,-1.0,1.0,1.0,-1.0,1.0,-0.8789583,1.0,1.0,1.0,-1.0,-1.0,1.0
3aHSDH%WP_104968339_1_3-oxoacyl-ACP_reductase__Streptococcus_pluranimalium_,-1.0,-1.0,0.23330458,0.61093086,1.0,1.0,1.0,-1.0,-0.07395095,0.41960624,-0.6432734,0.05036619,-0.316902,0.25645268,0.90290475,1.0,0.8880169,-0.16007872,1.0,-1.0,-1.0,1.0,1.0,0.22255239,0.491303,-0.66326904,-1.0,0.6140925,0.3817564,0.071394846,1.0,0.7332475,0.9138992,-0.73517245,-0.32975173,-0.50747955,-1.0,-0.63898605
3aHSDH%WP_109137584_1_SDR_family_oxidoreductase__Bifidobacterium_catulorum_,0.41558415,0.92308474,-0.11645321,0.6208325,0.4522431,-0.7182767,-0.9591018,-0.6385658,0.020129362,-0.34407216,0.6185094,1.0,0.2008844,0.8571474,-0.19906639,-1.0,-0.73137516,-0.1058876,-1.0,0.8171159,1.0,-1.0,-1.0,-0.07200067,1.0,1.0,0.20449224,-0.45346344,-0.30771205,0.24527505,-1.0,-0.43485016,-1.0,0.3455703,0.9825439,0.40528405,0.4118919,0.14425027
3aHSDH%WP_117562420_1_SDR_family_NAD(P)-dependent_oxidoreductase__Enterocloster_aldenensis_,-1.0,-1.0,1.0,-0.16545555,1.0,-1.0,1.0,-1.0,0.40046898,0.042038348,-1.0,-1.0,-0.8798333,0.10393814,0.9672875,1.0,0.76095384,-0.8406363,1.0,-1.0,1.0,0.89638877,-0.3738472,-0.50996715,0.35081962,-1.0,-0.48980242,1.0,0.9727863,-1.0,1.0,-1.0,1.0,-0.5363797,1.0,-1.0,-0.9389232,0.5004907
3aHSDH%WP_377204125_1_MULTISPECIES__SDR_family_oxidoreductase__unclassified_Pseudarthrobacter_,-0.8904313,-1.0,0.14210197,-0.6635178,0.53045404,-0.72365284,1.0,-0.53284097,0.23841256,0.18038662,-1.0,-0.9566558,-0.6667308,1.0,0.7249221,0.896638,1.0,0.0135700805,0.13484444,-0.9736909,0.14014491,0.5772945,-0.36536592,-0.57394344,1.0,-1.0,-1.0,1.0,-0.15390104,-1.0,1.0,0.057723045,0.25403836,-0.2563836,0.07397442,-0.9951161,-0.48337823,-0.06685283
3aHSDH%WP_427737837_1_SDR_family_NAD(P)-dependent_oxidoreductase__Bariatricus_sp__SGI_154_,1.0,-0.07401528,0.7850921,-0.38646072,0.24574429,0.06214329,0.98552257,-0.32727864,0.2355903,-0.0961091,0.054617204,0.6516819,-0.4013797,0.0058742226,-0.036509834,0.83599955,0.47977284,-0.63331574,0.9488957,0.28313902,-1.0,-0.23192956,-0.9751994,0.0562882,0.5692134,0.4976976,-0.9220408,0.58787954,-0.5989535,-0.010199492,-0.8551517,0.1263875,-0.62470496,0.88054156,0.4073264,0.77416843,0.68352854,1.0
3bHSDH%GENOME124823_1686,1.0,0.20191216,0.64414716,-0.2905422,-0.6763972,-0.791488,-0.9814913,-0.52423507,0.7043484,1.0,0.2971892,-0.4962951,-0.618288,0.3664959,0.0012288387,-1.0,-0.113093644,-1.0,-0.5318199,0.15543802,1.0,-1.0,-0.89279836,-1.0,-0.3105422,-1.0,-1.0,-0.74003005,-0.39241752,0.6178201,0.50127083,0.13879713,-0.8867777,1.0,0.24024446,0.19969116,-0.10090132,1.0
3bHSDH%MBS6646402_1_glucose_1-dehydrogenase__Clostridiaceae_bacterium_,0.3083662,-1.0,1.0,0.1785305,1.0,-1.0,0.5121773,-0.8316842,1.0,1.0,-1.0,-1.0,-1.0,0.36154705,-0.36205122,1.0,0.14810802,-1.0,1.0,-1.0,0.14409746,1.0,0.485549,-0.90323883,1.0,-1.0,-0.71091366,1.0,1.0,-1.0,0.45470753,0.3269207,1.0,0.40095007,1.0,-0.27108604,-1.0,0.61167216
3bHSDH%WP_100933575_1_SDR_family_NAD(P)-dependent_oxidoreductase___Clostridium__innocuum_,1.0,-1.0,1.0,-1.0,1.0,-0.5428225,1.0,-1.0,1.0,1.0,-1.0,-1.0,-1.0,0.5751254,1.0,1.0,1.0,-1.0,1.0,-1.0,0.7550773,1.0,1.0,-1.0,1.0,-1.0,-1.0,1.0,1.0,-1.0,1.0,-1.0,1.0,1.0,1.0,-0.93520766,-1.0,1.0
5AR%GENOME012336_2253,1.0,1.0,-1.0,0.7134394,-1.0,-0.50995994,-0.6898818,1.0,-1.0,-0.5449875,0.4703578,0.6566234,1.0,-0.16598184,-0.55356866,-1.0,-1.0,1.0,0.06042,1.0,-1.0,-0.51421845,-0.39355552,1.0,-1.0,-0.40751487,-0.99870694,-1.0,-0.6286907,1.0,-0.1853255,0.4005404,-1.0,1.0,-0.30926502,1.0,1.0,0.9888426
5AR%GENOME013886_753,-1.0,-0.041574508,-0.5695754,1.0,-0.6199599,0.772528,-0.46568432,0.24166322,-0.391508,-0.08638357,0.03632414,1.0,1.0,0.6441003,-0.71573615,-0.28103766,0.0040494334,0.7171088,-0.7714963,0.122686006,0.6221736,-1.0,-1.0,-0.39558086,-0.36365312,0.29673332,0.24648347,-1.0,-0.3927894,1.0,0.03517628,-0.20407839,-0.71224684,-0.6880171,0.08207612,-0.3198223,0.10071622,0.032303043
5AR%GENOME021742_2120,1.0,0.5836217,-0.07820734,-0.8574676,0.49422947,0.5678478,-0.6464608,-0.8273604,0.67816186,0.8154478,0.7147452,0.29954886,-0.018223017,-1.0,0.6551226,-0.63123024,0.20920505,-0.27629548,-0.67212266,0.680122,-0.0037215853,-0.4801284,0.5842273,-0.104822345,1.0,0.31417024,0.005576522,-0.35991722,0.3185039,-0.7248372,-0.9727426,-1.0,-0.1068347,0.7375854,-0.37254933,0.9065392,0.9137935,0.023563322
5AR%GENOME078645_81,0.015065678,-0.46492577,0.98977077,-0.86840916,0.19342759,-0.88533336,-1.0,-0.64309174,0.87497824,0.59033245,-0.72264564,-0.0748056,-0.03699792,0.14663436,0.042021845,0.78382736,1.0,-1.0,-0.055181764,-0.60545564,0.83346546,0.11686323,1.0,-0.22428249,0.4775324,-0.660238,-0.60840464,0.85268205,0.5542089,-1.0,0.5911107,-1.0,0.9228321,0.98912,-0.108013,-0.15308611,0.35475686,0.83790314
5AR%GENOME084343_2181,-1.0,-1.0,0.88756174,-0.5315484,-0.13014998,-0.19473267,-0.8227772,0.65414774,1.0,0.9236574,-1.0,-0.9170296,-1.0,0.781258,1.0,0.57030904,1.0,-0.6050183,0.09621623,-0.85215354,1.0,-0.37445194,-0.21223632,0.10311025,0.064814545,-1.0,-1.0,0.90110016,0.60313874,-1.0,0.24413063,-1.0,1.0,1.0,0.908165,-0.4899353,-0.9644869,1.0
5AR%GENOME086572_2986,0.5843323,-0.598304,-0.16820484,0.89915955,-0.06480304,-0.8113769,-0.453597,-0.2808246,0.5475655,0.0037719752,0.10211238,0.50785804,0.39463297,-0.01589524,-0.14749551,-0.27310565,-0.32846636,0.27149895,0.6937074,0.17610902,0.37397367,1.0,0.21232693,0.15323038,-0.4294435,-0.13824975,0.6295134,-0.8368685,-0.5855521,-0.65536255,-0.4885832,1.0,0.39988273,-0.2825699,-0.0112445885,-0.13385524,-0.45362905,-0.49994236
5AR%GENOME107567_81,0.318494,0.017192286,0.06476073,-0.8826852,0.5036091,1.0,0.8470599,-1.0,-0.28278878,-0.68441606,0.11648487,0.5001507,-0.5740858,-0.0040583625,0.8881933,0.075857766,1.0,-0.4005369,-1.0,-0.28219885,0.27766266,0.12986982,-0.47779292,0.051581334,0.519536,0.43662795,0.86604124,0.4994454,0.35792312,0.27741435,-1.0,-0.24030036,-0.75453424,0.017208695,-0.17779012,0.19321768,-0.07098983,0.3327833
5AR%GENOME140582_2251,-0.09539215,-0.97285956,1.0,-1.0,0.46510452,1.0,0.25258377,-0.6359273,1.0,1.0,-1.0,-0.97855896,-1.0,1.0,-0.37634644,-0.399354,1.0,-1.0,0.021193769,-1.0,0.8361876,0.60485804,-0.20817453,0.5969747,-0.6928358,-1.0,-1.0,-0.4450237,0.72956806,-1.0,1.0,-0.7548954,1.0,1.0,1.0,-0.14324696,-1.0,1.0
5AR%GENOME142018_414,-0.34887862,-0.15229663,-1.0,0.8819352,-1.0,-1.0,-1.0,0.11307071,-1.0,-1.0,0.90504974,1.0,0.68796664,0.41868263,-1.0,-1.0,0.49484655,0.38273808,-1.0,0.6360657,0.75266653,-1.0,-1.0,0.83536935,-1.0,1.0,1.0,-0.07073568,-0.5418901,1.0,-1.0,0.30363315,-0.74672824,0.6049928,-0.80483204,0.710009,1.0,0.51168185
5AR%GENOME170052_106,0.9279482,1.0,-1.0,1.0,-1.0,0.59458184,-1.0,1.0,-1.0,-1.0,1.0,1.0,1.0,-0.50304174,-1.0,-1.0,-0.21375479,1.0,-1.0,1.0,-0.63271165,-0.6570728,-0.6492852,1.0,-1.0,0.63879657,0.6917262,-0.9299399,-1.0,1.0,-0.67008376,1.0,-1.0,-0.22708277,-1.0,1.0,1.0,-1.0
5AR%GENOME179594_130,0.076116115,-1.0,-0.27406433,0.12251406,1.0,1.0,1.0,0.619409,0.9994834,0.5379657,-1.0,-0.25673592,-1.0,-0.56833225,0.90079623,1.0,-0.36225456,0.18947949,0.77056354,-0.8998578,-0.6927061,1.0,0.6203123,-0.48237267,1.0,1.0,0.4148521,0.36315617,0.11433128,-1.0,0.9138576,1.0,0.725352,-1.0,-0.74107367,-1.0,-1.0,-1.0
5AR%GENOME179896_434,-1.0,-1.0,-0.29668164,0.8734251,1.0,1.0,1.0,1.0,-1.0,-0.4782913,-1.0,-0.51961446,-0.842982,-0.09402079,0.99961084,0.4384577,1.0,0.20472255,1.0,-1.0,-0.39381778,1.0,0.8965993,1.0,0.973009,0.47184238,0.11784117,0.18673019,1.0,0.92326784,0.38719702,-0.14812492,1.0,-1.0,0.029784987,-1.0,-1.0,-1.0
5AR%MBD5276024_1_DUF1295_domain-containing_protein__Bacteroides_sp__,0.49344552,-0.47534922,-0.13221125,0.4087881,1.0,0.8525158,1.0,-0.2787179,0.29576394,0.77244526,0.3395357,0.61771595,-0.28564805,-0.063576244,1.0,0.20279805,0.43965322,-0.9377477,0.24585961,-0.09540336,-1.0,-0.034719706,0.9071363,-0.46968776,0.8002599,0.0644054,-1.0,0.4117496,1.0,-0.8878284,0.7176214,0.35981658,1.0,-1.0,-1.0,-0.29743376,-0.4174183,-1.0
5AR%MBP3601379_1_DUF1295_domain-containing_protein__Alistipes_sp__,1.0,0.841982,-0.18709224,0.3900228,0.22440661,0.18288141,-1.0,-0.95489407,0.24101649,-0.13277128,1.0,0.16344178,0.38608676,-0.43508646,0.072741576,-0.11966027,-0.93735105,0.5736709,-0.8123918,0.9541066,-1.0,0.46473828,0.91198516,0.73777866,-0.8448299,-0.22181389,-0.014422,-1.0,-0.8188716,-0.2134627,-0.2905209,0.136657,-0.010469024,1.0,0.0115831755,1.0,0.9485725,0.57964796
5AR%MBQ1253485_1_DUF1295_domain-containing_protein__Alistipes_sp__,1.0,1.0,-1.0,-0.39195448,1.0,1.0,0.3068604,1.0,-1.0,-0.6401288,1.0,0.97869205,0.91917723,-0.6391361,1.0,-0.9951289,-0.5809369,0.3888505,-1.0,1.0,-1.0,0.10603683,0.008191888,0.13144553,-0.7564243,0.11650366,0.11859952,-1.0,-1.0,0.10090338,-0.26472017,1.0,-1.0,0.7408585,-1.0,1.0,1.0,-1.0
5AR%MBR4740186_1_DUF1295_domain-containing_protein__Bacteroidales_bacterium_,-1.0,-0.07780073,-0.10526694,0.17898425,1.0,1.0,0.5816853,-0.77834934,0.07861345,-0.042885736,-0.059785653,0.75438976,1.0,0.1201852,0.46936616,0.2301614,0.55305046,-0.0722389,-0.35825473,0.2530905,-0.8263622,-0.40845707,0.9791294,0.513533,0.28914985,-1.0,-0.32028598,0.019882418,0.2988824,0.4485539,1.0,-1.0,-0.041899376,-1.0,0.3044607,-0.6820278,0.47261107,0.51165146
5AR%MCH5217706_1_DUF1295_domain-containing_protein__Muribaculaceae_bacterium_,0.24812795,0.13496032,0.59980273,-0.41287312,0.3721751,0.33041278,-0.8961038,-0.38145474,0.8949325,1.0,-0.27345502,0.6630811,0.30425888,1.0,-0.09849491,-0.51476896,-0.3841111,-0.5821357,-1.0,0.3131927,-1.0,-0.7478141,-0.32957354,-1.0,1.0,0.65477175,-0.022001402,1.0,0.82982105,0.8735618,-0.7786061,-0.6852243,-0.46697348,0.80754226,0.26444533,0.4356321,0.41759637,0.75665265
5AR%MCQ2341803_1_DUF1295_domain-containing_protein__Paludibacteraceae_bacterium_,1.0,1.0,-0.22289678,0.10336077,-0.21253847,0.71464616,-1.0,0.15148257,0.08878687,0.5547473,0.11850272,-0.37542814,-0.62224823,0.84960425,0.20069508,-0.0077650496,-0.90261924,-1.0,-0.062027484,0.15160191,-0.5063377,-0.18396923,0.98628724,-0.12598674,0.43417102,0.9271211,1.0,1.0,0.14977935,-0.37238142,-0.12681623,-0.12833901,0.6148588,1.0,-1.0,-0.053698547,0.3536584,0.11165349
5AR%MCR5660240_1_DUF1295_domain-containing_protein__Bacteroidales_bacterium_,0.24660942,0.71000314,-0.82159865,0.2433399,-0.76961184,-0.96808356,-0.9303561,1.0,-0.78931266,-0.057626873,0.9573989,0.49528164,-0.25926003,-1.0,-0.93918455,-0.80527556,-0.4849273,1.0,-1.0,1.0,0.7724582,-1.0,-1.0,0.0064414856,-0.7182928,0.7546616,0.8830857,-0.6384561,-0.6463362,0.8343902,-0.7955579,0.9926958,-1.0,0.79640263,-0.34669432,0.9621478,0.9458668,-0.31627455
5AR%WP_149192684_1_MULTISPECIES__DUF1295_domain-containing_protein__Bacteroidaceae_,-1.0,-0.06592105,-0.84517336,1.0,-1.0,0.26850688,-1.0,0.44517592,-1.0,-0.7686246,0.26221645,-0.46205392,1.0,1.0,-1.0,-0.65820026,-1.0,-0.37966198,0.6102173,0.2921479,-1.0,-0.06387752,-0.80684036,-0.08444469,0.32701662,1.0,1.0,1.0,-0.7954951,1.0,1.0,0.4818921,-0.6931134,-0.21185468,-0.5003352,-0.078240305,0.29438525,0.080039084
5AR%WP_300108487_1_DUF1295_domain-containing_protein__uncultured_Alistipes_sp__,-1.0,-0.90751195,0.4213455,0.1447769,0.045096863,-0.97607416,-0.61623067,-0.44153297,0.5016713,0.8298839,-0.3607573,0.5224737,-0.1325,1.0,0.56258255,0.1485168,1.0,-1.0,0.83093566,-0.62161726,1.0,-0.0083066905,1.0,-0.9463191,1.0,-0.45073646,-1.0,0.23147391,0.11475017,-1.0,0.1657537,-1.0,1.0,-0.506793,-0.95999795,-0.7995481,-0.84994006,-0.49689877
5AR%WP_302729833_1_DUF1295_domain-containing_protein__Bacteroides_sp__ET489_,1.0,1.0,-1.0,0.3452876,-0.9830819,0.9505833,-0.8219296,0.8529713,-1.0,-1.0,1.0,1.0,0.86913514,-0.8029348,-0.91773945,-1.0,-0.64544845,1.0,-1.0,1.0,-1.0,-1.0,-1.0,-0.07055008,-1.0,1.0,1.0,-0.40820122,-1.0,1.0,-1.0,0.693242,-1.0,0.38959768,-1.0,1.0,1.0,-0.6922103
5AR%WP_346709278_1_DUF1295_domain-containing_protein__Phocaeicola_salanitronis_,0.021368608,-0.6769154,0.5948156,-0.92832536,0.6399976,0.3000106,0.75403047,0.05470867,0.69694424,0.62374383,-0.74274504,-0.32261378,-0.88277286,-0.2819821,0.3396113,1.0,0.5617471,-0.20281623,0.36937743,-0.4840172,-0.0721526,0.33788922,-0.18145174,-0.20542417,0.00743074,-0.7703613,-1.0,-0.27391,1.0,-0.32377705,-0.0048962077,-0.21029021,0.45376706,-0.8673504,0.7092344,-0.50055724,-0.43664876,-0.033950247
5AR%WP_418203978_1_DUF1295_domain-containing_protein__Bacteroides_sp__,-0.9390222,0.029119145,-0.19868954,-0.35297573,-0.58707076,-0.93689007,-0.059764575,0.08409867,0.018423919,-0.1736836,-0.8142154,-1.0,-0.75948906,0.8372458,-0.6964476,0.5806966,-0.5492499,0.045122642,0.85321766,-0.5078152,0.65240204,0.8557959,0.41412857,0.637324,-0.3614429,0.44814843,-0.6714823,0.86784077,-0.07766952,-0.6562097,0.18372938,0.3555739,1.0,0.37291992,1.0,-0.8808929,-0.5631937,0.79194057
5BR%CAK7070565_1_MAG__NADPH_dehydrogenase__Parabacteroides_sp__,-0.17381087,0.814814,-0.20989926,-0.27789778,0.7530349,0.9328961,1.0,0.5704032,-0.9846801,-0.80590844,0.17331098,0.35395917,-0.35149914,-0.50107956,-0.44553557,-0.3251545,-0.21877629,0.99554515,-0.7264748,0.833909,-0.88756305,-1.0,-0.9655436,-0.26895127,-0.7150395,0.1671433,-0.46209913,0.4350767,-0.34842888,0.2691189,-0.6330326,0.23548643,-1.0,1.0,-0.5097425,0.7223273,1.0,0.6294576
5BR%GENOME006024_4796,0.5945789,-0.091849916,0.32756868,0.13362838,-1.0,-0.1294748,0.14311154,-0.37846974,1.0,0.34865323,-0.79033494,-0.31172782,-1.0,-0.631841,-1.0,0.5469501,1.0,0.49306208,-0.70100087,-0.6330393,1.0,-1.0,-1.0,-1.0,1.0,1.0,0.2821567,1.0,0.094777375,-1.0,-0.5674678,0.037711535,-0.21441679,0.50547874,0.07580665,-0.20979795,-0.6759406,0.4864515
5BR%GENOME006521_2122,-0.6844273,0.29019362,-0.67349946,0.57420737,-1.0,-1.0,-0.8091497,0.26831746,-0.14492467,0.35387936,0.15303314,1.0,0.42811927,1.0,-1.0,-0.48286253,-0.49488539,-0.32404888,-0.49332458,-0.02274612,1.0,0.06533842,-1.0,-1.0,1.0,0.8714716,0.5753376,0.4961334,-0.44346148,0.054548495,-0.17970099,-0.70644057,-0.4495601,-0.115442805,-0.7507177,0.16642584,0.181777,0.28953594
5BR%GENOME141824_1849,-0.73537177,-1.0,0.60930586,-1.0,0.3668179,-0.15382645,1.0,-1.0,0.7945237,0.61869,-1.0,-0.9944097,-0.57467276,0.5653377,0.2621009,1.0,0.7530914,-1.0,1.0,-1.0,1.0,0.7305242,1.0,-1.0,1.0,-1.0,-0.026807448,1.0,0.45395398,-1.0,0.92993975,-0.03672093,0.788053,-1.0,0.18291782,-1.0,-1.0,-1.0
5BR%HIX74022_1_NADH_flavin_oxidoreductase__Candidatus_Parabacteroides_intestinipullorum_,0.11373515,0.12202034,-0.32886964,0.46924126,-1.0,-0.36264592,-0.93885076,0.9532411,0.1289868,-0.2154284,0.7880726,0.7733316,0.84197515,0.026206901,-1.0,-0.20725365,-1.0,0.807388,-0.3267909,1.0,0.18699181,-0.20469467,-0.9452249,0.36842707,-0.15674078,0.37973794,0.43503276,0.13518925,-0.7984324,0.3668297,-0.95882446,-0.33770508,-1.0,0.23559956,0.3720735,0.5302617,0.6690024,-0.04625326
5BR%MBO4402754_1_NADH_flavin_oxidoreductase__Bacteroidales_bacterium_,-1.0,-0.1845137,-0.670212,0.09666667,-1.0,-1.0,-0.3344057,0.087477855,-0.4454564,-0.5180705,0.22472613,0.8244389,0.49952662,0.5391252,-1.0,-0.97498214,-0.17519933,-0.58480537,0.62242734,0.6058382,0.2799492,0.16619183,0.66138923,-0.86183447,1.0,1.0,1.0,0.9621576,-1.0,-0.4698802,-0.050264668,0.3370029,0.10648945,-1.0,0.2926509,-0.79441786,-0.5492202,-1.0
5BR%MBO7234306_1_NADH_flavin_oxidoreductase__Paludibacteraceae_bacterium_,1.0,1.0,-0.9885515,1.0,-1.0,0.8939323,-1.0,1.0,-1.0,-0.3045766,1.0,1.0,1.0,-0.47154143,-1.0,-1.0,-1.0,1.0,-1.0,1.0,-1.0,-0.018229062,-1.0,1.0,-1.0,0.20239793,0.042989817,-1.0,-1.0,1.0,-0.8259264,1.0,-1.0,1.0,0.4781966,1.0,1.0,-0.04039722
5BR%MBO8446450_1_NADH_flavin_oxidoreductase__Candidatus_Enterocola_intestinipullorum_,0.38422582,-0.4103634,0.0045407745,-1.0,0.7564843,0.4427601,0.3907877,0.45649612,-0.20580824,0.84391314,-0.071776174,0.39506766,-0.46832514,0.05749288,0.9206051,0.4420964,-1.0,0.07012976,-0.023045564,-0.27317595,-0.70055646,0.61625504,0.3963898,-0.65404004,0.8804101,-0.60367805,-0.8727076,-0.44681138,0.05141035,-0.48351893,0.93128186,0.63792807,0.7330243,0.15741965,0.6739951,-0.0270895,-0.7365374,-0.007051482
5BR%MBQ8101082_1_NADH_flavin_oxidoreductase__Paludibacteraceae_bacterium_,-0.39547944,0.11575632,-0.49876276,0.7003647,0.3362644,0.09386871,0.6604594,0.82399493,-0.30828017,-0.18414348,0.24929939,-1.0,0.23832329,-1.0,1.0,0.5197524,-0.19459549,0.5105824,0.5490792,0.613364,0.06699401,0.83773625,1.0,0.16218977,-1.0,-0.809644,-0.44209018,-1.0,0.12024128,0.029070467,0.50025874,0.55151075,0.79859287,-0.22091345,-1.0,-0.29174882,0.47349328,-0.5855593
5BR%MCD8287651_1_NADH_flavin_oxidoreductase__Porphyromonadaceae_bacterium_,-1.0,-0.06369454,-1.0,0.56214434,0.42259637,-0.25442055,1.0,0.062160123,-1.0,-1.0,0.1850066,-0.6503725,0.4664904,-1.0,0.4271692,0.76897234,1.0,0.6811326,-0.5254354,0.33691356,1.0,-0.47904035,-0.67057526,-0.518383,-0.5650313,-0.32518062,0.5895008,-0.9082647,-0.20948358,0.39577562,0.71804035,1.0,0.41476777,-1.0,-1.0,-0.8725098,0.21549837,-1.0
5BR%MCH5231198_1_NADH_flavin_oxidoreductase__Muribaculaceae_bacterium_,-1.0,-1.0,1.0,0.9649534,0.474369,0.17938459,1.0,0.5845938,1.0,1.0,-0.48068216,-0.5635959,-0.92760843,-1.0,-1.0,1.0,-0.56057054,0.32961473,0.34350467,-0.19201447,0.3593657,0.24982364,0.21593396,-0.4501306,0.015556382,0.9816309,0.67794436,-0.88804716,0.68369436,0.6989553,0.061033946,-0.27946123,1.0,-1.0,0.75167066,-1.0,-0.7645945,-1.0
5BR%MCQ2066925_1_NADH_flavin_oxidoreductase__Bacteroidaceae_bacterium_,-0.49086976,-0.6193952,1.0,-1.0,0.4829107,-0.96591145,-0.78174794,-0.59459347,1.0,0.78028744,-0.34880263,-0.71329546,-1.0,1.0,0.100550495,0.008696287,1.0,-1.0,0.045524105,-0.41695392,0.90975463,-1.0,-0.11832692,-0.08547394,-0.35271338,-1.0,-0.77631646,1.0,1.0,-1.0,-0.06212404,0.041833367,0.83997,1.0,1.0,-0.586319,-0.34899387,1.0
5BR%MCQ2271787_1_NADH_flavin_oxidoreductase__Bacteroidales_bacterium_,0.28542152,0.43033355,1.0,-1.0,0.88709605,-0.18847464,0.5615411,-0.6676225,0.24217525,0.09181625,-0.47371447,-1.0,-1.0,-0.87325966,0.6154481,1.0,-0.34350368,-0.36266044,0.76258284,-0.5735406,0.5551416,1.0,0.7542829,-0.09877871,0.32552254,-0.29401597,-0.37856758,-0.12383395,0.3231398,-1.0,-0.042789176,-0.0974352,0.9989322,0.114349164,0.88532686,-0.3269106,-0.31383625,0.72791165
5BR%MCR4591939_1_NADH_flavin_oxidoreductase__Bacteroidaceae_bacterium_,0.3047252,0.26442587,0.93327886,-1.0,-0.72679716,-0.5070342,-0.8240591,0.8932957,1.0,0.41391766,1.0,-0.26371512,-0.48484194,-0.18079637,-1.0,-0.4243948,-1.0,-0.4090978,-0.07000613,1.0,1.0,-0.6926944,-1.0,0.5542242,-1.0,0.10568068,0.43645176,-0.96056277,0.6779499,1.0,-1.0,-1.0,-0.56599134,1.0,1.0,1.0,0.096910395,1.0
5BR%MDD5892138_1_NADH_flavin_oxidoreductase__Bacteroidales_bacterium_,1.0,1.0,-1.0,0.9701083,-0.51838034,1.0,0.9148408,0.66991556,-0.84729636,-1.0,1.0,1.0,1.0,-1.0,-0.38935906,-1.0,-0.7966217,0.8938075,-1.0,1.0,-0.33115482,0.39957592,-0.86077416,0.9717055,-1.0,1.0,0.52138984,-1.0,-1.0,1.0,-0.61376727,0.51401806,-1.0,-1.0,-0.6413944,1.0,1.0,-1.0
5BR%MEI7492181_1_NADH_flavin_oxidoreductase__Bacteroidota_bacterium_,1.0,1.0,-0.8669744,-0.5854564,-0.55471057,0.13370512,-0.2368858,0.09263248,-1.0,-1.0,1.0,0.053469144,1.0,-1.0,-0.73653704,-1.0,-0.19670208,0.9699357,-1.0,1.0,-0.50041044,-0.36827025,-0.23210095,1.0,-1.0,-0.83527696,-0.5095052,-0.8508326,-1.0,0.423865,-1.0,-0.63913983,-1.0,1.0,-1.0,1.0,1.0,1.0
5BR%MEZ3591839_1_NADH_flavin_oxidoreductase__Muribaculaceae_bacterium_,-1.0,-1.0,1.0,-0.53698677,-0.48437858,-0.34511817,-0.99106574,-0.07621942,1.0,1.0,-1.0,-0.056064636,-0.8416852,1.0,-0.33553836,0.49968767,-0.13257553,-1.0,0.8320338,-1.0,0.48376822,-1.0,-0.18521543,-1.0,1.0,0.9239791,-0.5484992,1.0,1.0,0.41183785,0.4188667,-0.44308272,0.056728188,-0.036618326,1.0,-0.9504195,-1.0,0.28026882
5BR%WP_149192683_1_MULTISPECIES__NADH_flavin_oxidoreductase__Bacteroidaceae_,-1.0,-1.0,1.0,-0.5689216,0.5980837,0.85592747,-1.0,-0.7200875,-0.25167388,0.38539654,-1.0,-1.0,-1.0,1.0,-0.026269443,1.0,-0.33816817,-1.0,1.0,-1.0,1.0,0.5097929,0.68362916,-0.3749919,0.35032883,-1.0,0.2279436,1.0,1.0,-0.33924055,1.0,-1.0,1.0,1.0,1.0,-1.0,-1.0,1.0
5BR%WP_259010233_1_NADH_flavin_oxidoreductase__Parabacteroides_distasonis_,0.18600604,-0.3323694,1.0,-1.0,0.48977208,-0.8429863,0.42574984,-1.0,1.0,0.90525687,-0.28100485,-0.870889,-1.0,0.5044221,0.89510596,0.066292204,0.26317403,-1.0,-0.21308348,-0.34852833,0.18336904,-1.0,-0.4997718,-1.0,1.0,0.106951214,0.37320578,0.82527906,0.9139275,-0.65792984,0.43765217,0.1309661,0.29586333,1.0,0.95215607,0.22696611,0.0026524803,1.0
5BR%WP_279088787_1_NADH_flavin_oxidoreductase__Alistipes_putredinis_,1.0,1.0,-1.0,0.47058767,-1.0,-0.07609662,-1.0,1.0,-0.78256893,-0.87214494,1.0,0.88012695,1.0,-0.7357937,-1.0,-1.0,-0.007583238,0.84542125,-0.5539414,1.0,-0.25858438,-0.05150884,-0.060775705,0.95716995,-0.8637968,0.4086644,0.46921864,-0.8319305,-1.0,0.5600759,-0.049762037,-0.33582956,-0.8038615,0.48130944,-0.9335711,1.0,1.0,-0.111607134
5BR%WP_295936477_1_NADH_flavin_oxidoreductase__uncultured_Alistipes_sp__,0.8741228,1.0,-1.0,0.91139615,-1.0,0.34241542,-1.0,0.6733493,-1.0,-0.7171629,1.0,1.0,1.0,0.20871212,-0.32542315,-1.0,-1.0,0.3552955,-1.0,1.0,-1.0,0.18431653,0.09982506,0.6089389,0.34775314,1.0,1.0,0.28987134,-1.0,0.08879145,-0.05762189,0.84178346,-1.0,0.03695896,-1.0,0.66957957,1.0,-0.82049626
5BR%WP_300285921_1_NADH_flavin_oxidoreductase__uncultured_Alistipes_sp__,-0.47821918,-0.7469391,1.0,-0.687943,0.7134555,0.09081825,0.873202,-0.41487592,1.0,1.0,-1.0,-0.392871,-0.99841106,0.43670663,0.34554404,1.0,0.30068547,-0.3385849,0.7363113,-0.6315293,0.49256736,-0.082237564,-0.5602699,-0.98867595,0.17404039,-1.0,-0.83473104,0.11573262,1.0,-0.5819334,0.6920458,-1.0,0.7252576,-0.597304,1.0,-0.43025994,-1.0,-0.040992606
5BR%WP_300748828_1_NADH_flavin_oxidoreductase__uncultured_Alistipes_sp__,0.3606993,-0.084044985,-0.31562182,-0.6236885,0.025215885,0.19286907,0.08155405,-0.7606525,-0.2574058,0.071551226,0.102632985,-0.9900937,-0.67765474,-0.8410507,0.41554314,0.24811858,0.68221253,-0.7465784,0.426985,-0.025656909,0.26694083,0.5227558,1.0,0.7456837,0.36084187,0.3287498,1.0,0.44033328,-0.020747555,-0.12210229,-0.31727543,0.7202141,0.64706993,-0.7059065,-0.37132818,-0.28504437,-0.6136835,-0.5321063
5BR%WP_302380465_1_NADH_flavin_oxidoreductase__uncultured_Alistipes_sp__,1.0,1.0,-1.0,0.4283993,-0.8980575,1.0,0.36403087,1.0,-1.0,-1.0,1.0,1.0,1.0,-1.0,-0.34982738,-0.9100599,-1.0,1.0,-0.24887918,1.0,-1.0,1.0,0.10763645,1.0,-1.0,0.9311464,1.0,-1.0,-1.0,0.8373104,-0.5357974,1.0,-0.57262504,-0.19050899,-0.9587842,1.0,1.0,-1.0
5BR%WP_394671717_1_NADH_flavin_oxidoreductase__Muribaculum_sp__,-0.18527122,-0.72003096,-0.18147679,-0.28038657,1.0,0.96731955,1.0,-0.049729224,-0.17674454,-0.4720354,-0.26906905,0.20533459,-0.6331916,0.29619017,1.0,0.5415141,0.13213429,0.18234284,0.6079579,-1.0,-0.032943826,0.68809086,0.84411246,-0.7704628,0.27738234,-0.8778415,-1.0,-0.53740394,0.19489892,0.060698476,-0.46236563,0.64452386,0.28734154,-0.9009993,0.084443256,-0.34511703,-1.0,-0.06364987
5BR%WP_418992344_1_NADH_flavin_oxidoreductase__Alistipes_sp__,-1.0,-0.08946806,0.14614516,0.018329198,-0.1040038,0.13478212,-0.30344877,0.4217068,0.100963734,-0.2989575,0.007293305,0.19873157,-0.18565321,-0.00017608036,0.23670326,-0.0070023895,1.0,-0.7365062,0.44204307,0.1344451,-0.032278836,-0.11580365,0.05009115,-0.08493719,0.87118345,-0.2491206,-0.40673125,-0.6361578,0.36423323,-0.09505863,-0.26380137,0.21986909,0.34160355,-0.7798898,-0.4498098,0.011220412,-0.10930967,-0.12181176
7aHSDH%GENOME025100_397,-1.0,-1.0,0.60266674,-0.5059472,1.0,0.6126371,1.0,-0.5858264,0.33843645,-0.65268445,-1.0,-1.0,-1.0,-0.94573456,0.016544942,1.0,1.0,-0.24039611,0.54468,-1.0,1.0,0.015741259,-1.0,-1.0,-1.0,-1.0,-1.0,-1.0,1.0,0.7537624,1.0,0.2984222,1.0,-1.0,1.0,-1.0,-1.0,0.47743073
7aHSDH%GENOME067790_2714,1.0,1.0,0.5364843,1.0,-1.0,-0.94612646,0.05624723,0.41603634,0.3643098,0.56934536,0.6386912,-0.87610537,0.033595677,-0.44542062,-1.0,-0.119193666,-1.0,0.21180515,0.6109169,0.044899266,0.23711413,0.5617309,-1.0,-0.6108074,-1.0,-0.98977584,-0.90139306,-0.9370738,-0.3168002,0.5555624,-0.89817584,-1.0,-1.0,1.0,1.0,1.0,1.0,1.0
7aHSDH%GENOME086444_1757,-0.068758525,0.49824667,0.1606211,-0.30156842,-0.8897233,-0.52808785,-1.0,0.8678495,-0.23497349,-0.22196227,-0.2586315,0.8327602,-0.9300802,1.0,-1.0,-0.72020847,-1.0,-0.25399214,-0.9428919,-0.34989452,1.0,-1.0,0.0018709068,0.13731964,1.0,1.0,0.28747422,0.71649253,-0.9600217,-0.44841725,1.0,0.63274074,0.0058877547,-0.49329954,-0.021788647,-0.18012676,0.13341388,-0.15593107
7aHSDH%GENOME150027_3593,-1.0,-1.0,1.0,-0.81446815,1.0,0.867482,1.0,-1.0,1.0,1.0,-1.0,-1.0,-1.0,1.0,1.0,1.0,1.0,-1.0,1.0,-1.0,0.73017424,1.0,1.0,-1.0,1.0,-1.0,-1.0,1.0,1.0,-1.0,1.0,-1.0,1.0,-1.0,1.0,-1.0,-1.0,-0.80637306
7aHSDH%MBE5948790_1_SDR_family_oxidoreductase__Lachnospiraceae_bacterium_,1.0,1.0,-1.0,-0.14184058,-1.0,-0.44105047,-1.0,0.5904378,-0.9255813,-0.4890462,1.0,1.0,1.0,-0.034391537,-0.2838241,-1.0,-1.0,1.0,-1.0,1.0,-1.0,0.90045756,-0.3772144,1.0,-1.0,0.5439744,-0.12640351,-1.0,-1.0,-0.22120857,0.16909765,1.0,-1.0,0.38625675,-0.1353285,1.0,1.0,-0.8140716
7aHSDH%MBHC130__Clostridiales_bacterium_1_7_47FAA_,0.19089104,-0.9245365,1.0,-0.38362175,1.0,-1.0,0.13728711,-1.0,1.0,0.72488105,-1.0,-1.0,-1.0,1.0,0.14128979,1.0,-0.011630772,-0.6615636,0.9865125,-1.0,0.7312953,0.26918107,0.8553355,-0.31329912,-0.838119,-1.0,0.014979713,0.46108902,1.0,-1.0,-0.32269543,-0.16638108,0.5930596,1.0,1.0,-0.13133663,-0.60454535,1.0
7aHSDH%MCI7810995_1_SDR_family_oxidoreductase__Clostridiales_bacterium_,-0.5272399,0.1381256,-0.87465715,-0.10767282,0.5538653,-0.27436903,-0.31071112,-0.061920345,-0.6344258,-0.025970306,-0.61788595,-0.36082956,-0.26806328,-0.95955104,0.5278463,0.70402414,1.0,-0.21408491,0.82133996,-1.0,1.0,0.18596928,1.0,0.51452523,0.27778867,-0.50960064,0.12002698,0.29404002,0.67378044,-1.0,0.24279283,-0.33790442,0.74152106,-1.0,-1.0,-1.0,-0.12077269,-1.0
7aHSDH%MCI9468093_1_SDR_family_oxidoreductase__Oscillospiraceae_bacterium_,-0.94761485,-1.0,0.9144999,-0.7399444,0.91400254,1.0,0.59065723,-0.21749364,1.0,1.0,-1.0,0.60551536,-0.3248999,0.5765384,1.0,1.0,1.0,-0.75238234,1.0,-1.0,0.57565826,0.52691144,1.0,-0.45505658,1.0,0.13319823,0.21728611,0.27794048,0.52243054,-1.0,0.85323745,-1.0,1.0,-1.0,0.097456075,-1.0,-1.0,-1.0
7aHSDH%MEO8122524_1_7-alpha-hydroxysteroid_dehydrogenase__Burkholderiales_bacterium_,-0.9962339,-1.0,0.465436,-0.30543378,0.7030566,1.0,1.0,-1.0,0.5662681,0.5443805,-1.0,-0.045419715,-0.363827,1.0,0.76954144,0.5844062,0.59766454,-1.0,1.0,-1.0,0.10443245,1.0,1.0,-0.2849181,1.0,-0.16392116,-0.7326707,1.0,0.6018356,-0.86862195,1.0,-0.08340429,1.0,-0.7110991,0.16538109,-0.88328636,-1.0,0.11482444
7aHSDH%WP_003507641_1_7alpha-hydroxysteroid_dehydrogenase___Clostridium__symbiosum_,0.1822256,-0.054190323,1.0,-1.0,0.78334355,-1.0,-0.76322,-0.819581,0.6589545,0.3361189,-0.5586175,-1.0,-0.64171225,-0.37344432,0.7286196,0.60475075,-1.0,0.34024352,0.6828572,0.10538843,-0.56099665,0.316493,1.0,0.97466326,-0.26432446,0.2185302,1.0,0.98646784,0.39033288,-0.34737986,-0.96401954,-1.0,0.97320724,1.0,1.0,-0.47249827,0.010173956,1.0
7aHSDH%WP_021989220_1_7alpha-hydroxysteroid_dehydrogenase__uncultured_Culturomica_sp__,-0.5796316,-1.0,0.12451442,0.3174546,0.051232558,1.0,1.0,-0.21945454,0.8704634,1.0,0.022749683,0.6540243,0.26398236,1.0,-0.4248677,0.42680225,-0.35004184,-0.052012213,-0.1296875,-0.2851252,0.038861804,-0.43438193,-0.018907176,-1.0,1.0,0.609361,-0.14097504,0.41393661,-0.9713432,-0.24451105,-1.0,0.24329229,-0.32947284,-0.3125591,0.6359049,-0.35827327,-0.23748547,-0.1431187
7aHSDH%WP_262434703_1_7alpha-hydroxysteroid_dehydrogenase__Jilunia_laotingensis_,-1.0,-1.0,0.45298645,-1.0,0.32664108,-0.11255706,1.0,-0.2839295,1.0,0.13683157,-0.3547456,0.6393132,-0.40767416,1.0,0.6529993,0.0105363075,0.15704295,0.10292854,0.3801033,-0.9342375,-0.17027211,-0.3141624,-0.23259896,-0.84105456,0.922619,-0.21241489,-0.13431351,0.65741664,0.33175018,-0.82551974,0.23491757,0.18653844,0.8450182,0.7866373,1.0,-0.8649707,-1.0,0.7591867
7aHSDH%WP_288686302_1_SDR_family_NAD(P)-dependent_oxidoreductase__partial__uncultured_Bacteroides_sp__,-0.7411136,-0.88910985,0.6617721,-0.17789419,-0.087762095,-1.0,0.5335904,0.4392018,1.0,0.52423936,0.042175833,-0.35412213,-0.09681857,-0.2343817,-0.57580376,0.45219418,-0.052121174,-0.014070145,1.0,-0.6058583,0.23839545,1.0,0.47771886,-0.75274044,-0.27757365,-0.2180077,0.0027851486,-0.7154022,0.49418986,-0.17958844,0.96694,0.68757653,1.0,-0.2560996,0.33222497,-0.52948886,-0.67476135,-0.11490296
7aHSDH%WP_342232791_1_7alpha-hydroxysteroid_dehydrogenase__Pseudoflavonifractor_phocaeensis_,-0.33488044,-0.5406919,0.52289736,-1.0,0.533325,1.0,-0.53660285,1.0,0.7533033,1.0,-1.0,-0.28388074,-1.0,1.0,-0.12118738,1.0,1.0,0.6147706,-0.22788444,-1.0,-0.16445109,-0.4285539,-1.0,-1.0,-0.32550642,-1.0,-1.0,-0.51872534,1.0,-0.547256,1.0,-0.28139248,0.4818012,1.0,0.809847,-0.53233945,-1.0,1.0
7bHSDH%GENOME075272_507,0.30982664,0.2867934,0.8280915,-0.4356019,-0.9462274,-0.90530163,-1.0,-1.0,1.0,1.0,-0.39634928,0.14437261,-0.38493934,1.0,-1.0,-0.08867859,1.0,-1.0,-0.012323285,-0.7864553,1.0,-1.0,-1.0,-1.0,0.12621,-1.0,-1.0,0.30667546,0.7765372,-1.0,0.9831394,-0.09587828,0.25593147,1.0,0.29720837,-0.27359012,-0.46057683,1.0
BSH1%UPI0001652BA3,0.18671334,0.97436464,-0.3854484,-0.5081411,-0.004272227,0.33064282,-0.08349084,0.99474245,-1.0,-1.0,0.27976072,-0.42796475,0.49394903,-1.0,-0.3402859,-0.47363377,-0.8848844,0.92175704,-0.6736115,1.0,0.8573794,-0.30773476,-0.53143317,1.0,-0.7624322,1.0,1.0,-0.16383508,-0.24380928,-0.43337598,-0.81342155,-0.55200094,-0.9290065,0.70493805,-0.1725143,0.72117406,0.969601,0.33143246
BSH1%UPI0001B1C28E,-0.52826846,-1.0,1.0,-0.3501888,-0.25940108,-0.13632423,0.60275316,-0.6118712,1.0,1.0,-1.0,0.061118245,-0.9404121,0.68216807,0.011599882,1.0,0.27990612,-1.0,1.0,-1.0,0.5827882,0.68945634,-0.007672462,-1.0,1.0,0.9958743,-0.65089107,1.0,0.66600883,-1.0,0.31623986,-1.0,1.0,-0.3540843,1.0,-1.0,-1.0,0.5267884
BSH1%UPI0001DE6025,0.41354123,0.06768554,1.0,-1.0,0.23384187,-0.073567435,-1.0,-1.0,1.0,1.0,0.22716676,-1.0,-1.0,0.8836557,-0.092818074,0.15412612,1.0,-1.0,0.26691723,-0.017495716,-0.0836777,-1.0,1.0,-0.15459113,0.37889013,-0.9739772,0.6648465,0.30891365,0.6472312,-1.0,1.0,-0.84350705,0.5585981,1.0,1.0,-0.16350113,-0.12671089,1.0
BSH1%UPI0002624191,0.33647344,-0.7806085,0.96211743,-0.028121347,-0.03101,-0.75655043,-0.05260643,-0.99932796,0.9537056,1.0,-1.0,0.1503625,-0.60312283,-0.010861988,0.21709333,0.36469445,-0.75482225,-1.0,-0.044627097,-1.0,0.13973354,1.0,0.10792659,-0.9766946,1.0,0.7269224,0.1859792,0.036923125,0.12901726,0.072564214,1.0,0.56569844,1.0,-0.2659338,0.8204995,-0.38978904,-0.96227944,-0.18208414
BSH1%UPI0002802AC4,-0.5155892,0.27096358,-0.063388266,0.009020863,0.13416371,-0.48315826,-0.7277558,0.47994632,-0.31772226,0.3644277,0.4205387,1.0,0.34201527,0.95450145,-0.44858262,-0.7103463,-0.0016077772,0.012441307,-1.0,0.21494496,-0.52522004,-0.80569065,-1.0,-1.0,0.6969337,0.5759495,-0.25367728,0.010603935,-0.068349876,0.47224978,0.008274843,0.5608016,-0.70392895,1.0,-0.9599711,0.75206536,0.032333296,0.8403161
BSH1%UPI000289C842,1.0,0.9487668,-0.21385743,0.47473827,-0.4118467,0.69310313,0.482586,1.0,-0.7214526,-0.38061905,1.0,0.65232736,0.87363505,-1.0,0.55009395,-1.0,-0.9869345,0.047111403,-1.0,1.0,-1.0,-1.0,-1.0,-0.7218138,-1.0,-1.0,-1.0,-1.0,-0.3580165,1.0,-0.7390418,0.81183535,-1.0,0.928403,-0.55006415,1.0,1.0,0.48382056
BSH1%UPI0002CB0E7D,1.0,1.0,-0.15023428,0.13879733,-0.056751203,0.7977053,-1.0,-0.13700438,-0.030582262,-0.16470799,1.0,0.26063198,0.7782156,-0.3354597,0.5976223,0.0062275655,-1.0,0.96171635,-0.47592837,0.9421044,-1.0,0.40422112,0.19187734,1.0,-1.0,0.17907707,0.9357894,-0.80216044,-0.6629279,-0.1072418,-1.0,0.5276937,-0.14067385,1.0,0.5845126,1.0,1.0,0.8246052
BSH1%UPI0002F95F26,0.16036369,-0.85064155,1.0,-1.0,1.0,0.2534188,-0.047895342,-1.0,0.7619707,1.0,-0.877865,-0.054095853,-1.0,-0.18351054,1.0,0.7163305,0.667424,-1.0,0.03752555,-0.96953005,1.0,-1.0,0.5834848,-1.0,1.0,-0.6550839,-1.0,0.7263687,1.0,-0.8892042,0.32893547,-1.0,0.44546694,-0.28728548,0.4447059,-0.56802505,-0.8396469,1.0
BSH1%UPI00033F0DE9,-1.0,-1.0,1.0,-1.0,1.0,0.08469864,0.16139047,-0.2243263,1.0,1.0,-1.0,-0.73097277,-1.0,1.0,1.0,1.0,1.0,-1.0,0.45318034,-1.0,1.0,-0.06403352,0.24757524,-1.0,0.890105,-1.0,-1.0,1.0,0.9402648,-0.97474277,0.20309725,-1.0,1.0,0.9959806,0.38680062,-1.0,-0.9921105,1.0
BSH1%UPI00035D264B,-0.46355796,-1.0,1.0,-0.73219264,-0.560455,-1.0,-1.0,-0.6263188,1.0,1.0,-0.69694847,-1.0,-1.0,1.0,-0.4334645,0.046349335,0.5200679,-0.02761676,0.6778705,-1.0,1.0,0.29561928,0.14676538,-0.84090596,0.16334496,-1.0,-1.0,0.6855203,1.0,0.70502883,0.86272633,-0.05151876,1.0,1.0,0.89148366,-0.3777432,-1.0,1.0
BSH1%UPI0003A10C39,0.7671932,1.0,-1.0,1.0,-1.0,-0.7653903,0.0669965,1.0,-0.6504639,-0.3504846,1.0,1.0,1.0,-0.26500595,-1.0,-1.0,-1.0,1.0,-1.0,1.0,-1.0,-0.88606906,-1.0,0.5170689,-1.0,0.7401126,0.01477984,-0.750789,-1.0,0.94623464,0.7934025,1.0,-1.0,0.69172275,-0.726725,1.0,0.86788887,-0.5015296
BSH1%UPI00041C4F56,1.0,1.0,-1.0,1.0,-1.0,0.45143196,-0.3839164,0.45846286,-1.0,-1.0,1.0,1.0,1.0,-1.0,-1.0,-1.0,-0.5115598,1.0,-1.0,1.0,0.018942736,-0.6183339,-1.0,0.28873226,-0.0737883,1.0,1.0,-1.0,-1.0,1.0,-1.0,1.0,-1.0,-1.0,-1.0,1.0,1.0,-1.0
BSH1%UPI00044AC395,-1.0,-1.0,0.89720434,0.78639066,0.1491136,-1.0,1.0,0.08416543,-0.23446687,-0.23402104,-1.0,-0.77632964,-1.0,0.8115668,0.24039829,0.4842061,0.009315211,-1.0,1.0,-1.0,0.83350146,1.0,-0.19624433,-0.8359635,1.0,-0.8945492,-1.0,0.24510218,1.0,0.8472446,1.0,0.33738855,1.0,-1.0,1.0,-1.0,-1.0,0.07258045
BSH1%UPI0004BCDDD9,-1.0,-0.35808325,0.13369524,-0.013304537,0.18356615,0.35804772,1.0,0.26745874,-0.343342,0.3834081,-0.8397973,0.12937514,-0.92232084,-0.029717937,-0.14230196,0.15967907,0.6541043,-0.5082333,0.90689623,-1.0,-0.28720987,1.0,-0.62709093,-0.44364408,0.83512974,0.041582175,-1.0,-0.6233891,1.0,0.7538456,1.0,0.850857,1.0,-1.0,-0.07014314,-1.0,-1.0,-0.8455668
BSH1%UPI0004D69CD5,0.8107393,0.40621242,-0.27818266,0.745124,-0.8258849,0.059367493,-1.0,0.8747725,0.080031365,-0.21694246,0.95270205,0.6488915,1.0,-0.867791,-0.35026422,-0.18832521,-1.0,1.0,-0.7761715,0.44804922,-1.0,0.12585492,0.33442137,0.46282828,-1.0,0.5365049,1.0,-0.25598952,-1.0,0.12388311,-0.809617,0.7480174,0.55309117,1.0,-0.63210034,1.0,0.84069526,0.21086676
BSH1%UPI0004D6A0E9,1.0,0.8158215,-0.73808604,-0.15281886,0.07733589,1.0,-0.7916393,-0.31549442,0.0837683,-0.50905,0.7903814,0.9115827,-0.45645556,-0.3782359,-0.42563167,-1.0,-0.29487672,0.45799667,-0.96581864,1.0,-1.0,-1.0,-0.9857133,-0.3166419,-0.13145426,1.0,1.0,0.41538176,-0.21734491,1.0,-0.8515131,0.09517298,-1.0,-0.3459531,-0.75652003,0.84137815,1.0,-0.26746947
BSH1%UPI0004F8D610,1.0,1.0,-1.0,0.34643582,-0.724577,-0.70153546,-1.0,0.008914535,-1.0,-1.0,1.0,0.91461533,1.0,-0.027522262,0.52291787,-1.0,-1.0,1.0,-1.0,1.0,-1.0,-0.9163038,-0.048308108,1.0,-1.0,0.1303516,0.8444386,-0.3501493,-1.0,0.45374864,-1.0,0.7275769,-1.0,1.0,-0.9858693,1.0,1.0,0.6355377
BSH1%UPI0005DBBD01,0.110885315,0.23852856,0.6635278,1.0,-1.0,-0.6959721,-0.7686307,0.89471626,0.11217467,-0.03730784,0.21923272,-0.33000568,0.2846082,-1.0,-1.0,-0.04806985,-0.7934001,0.8496631,-0.8722331,0.14069167,1.0,-1.0,-1.0,-0.549094,-1.0,-0.27721593,-0.04741787,-1.0,0.20468527,0.75859004,1.0,-0.5523131,-0.11717938,0.041240454,0.24640289,-0.19939639,-0.16314648,-0.31150338
BSH1%UPI00070D1B8F,-1.0,-0.7464639,-0.72231686,1.0,-0.53086525,-0.73784494,0.20529196,0.29699063,-0.7205841,-0.47465903,-0.40115505,1.0,1.0,0.98933023,-1.0,-1.0,0.23779756,0.9725586,-1.0,-0.6527532,0.5931217,-1.0,-1.0,-1.0,0.44753078,1.0,-0.6154613,0.038936075,-0.1984958,0.95966434,1.0,0.7912912,-1.0,-1.0,-0.75610936,-0.5623302,-0.64754444,-0.6648672
BSH1%UPI00073AFD00,0.303401,-1.0,1.0,-0.28594783,1.0,-1.0,0.3948237,-1.0,1.0,1.0,-1.0,-1.0,-1.0,0.63343734,-0.13134167,1.0,-0.5128814,-1.0,1.0,-1.0,0.85034186,1.0,1.0,-0.8030047,0.89718324,-1.0,-1.0,0.38434455,1.0,-1.0,1.0,-0.79747325,1.0,0.23117726,1.0,-1.0,-1.0,0.7305409
BSH1%UPI0007933BD5,0.95897454,1.0,-0.11949381,0.030657351,0.19892614,0.8780912,-1.0,-0.024650646,-0.19287911,0.05303633,0.93785554,-0.40320683,0.018935397,-0.46287185,-0.34165764,0.25522944,-0.41903958,0.08842613,-0.4420239,0.27734774,0.024383783,1.0,0.9297362,1.0,-1.0,-0.09368138,0.48795953,0.44533828,-0.22278245,0.31210914,-1.0,-0.30948362,-0.04490181,1.0,-0.19757432,0.29978123,0.8813133,1.0
BSH1%UPI000801FF16,0.11311221,1.0,-1.0,1.0,-0.29668674,0.9873782,-1.0,-0.56352156,-1.0,-1.0,1.0,1.0,0.851867,0.81575847,0.21086031,-1.0,-0.38459313,-0.40736932,-1.0,1.0,-0.96578,-0.25065848,0.1283424,0.008225566,0.13618444,1.0,0.32200873,-0.76879245,-0.84199786,1.0,-1.0,0.752413,-1.0,-0.6862782,-1.0,1.0,1.0,-0.3558724
BSH1%UPI00093BFB8C,-1.0,-1.0,0.44319686,-0.31335884,0.11813674,-0.39023405,1.0,-1.0,0.65391994,1.0,-1.0,-1.0,-0.13809581,0.4285255,0.70798564,1.0,0.10658248,-1.0,1.0,-1.0,1.0,1.0,0.09546387,-1.0,0.749758,-0.7812797,-1.0,1.0,0.9363993,-0.6837123,1.0,-0.056115102,1.0,-0.7524505,0.07985259,-1.0,-1.0,-0.9710035
BSH1%UPI00095B1DAC,0.25245148,0.79329324,-1.0,1.0,-0.37898934,0.8729213,0.5089297,0.7825862,-1.0,-1.0,1.0,1.0,0.22114962,-1.0,0.1531369,-1.0,-0.030754896,0.57841605,-1.0,0.9257427,-1.0,0.5213064,-0.6412616,0.1398813,-0.27704734,1.0,1.0,-1.0,-1.0,1.0,-1.0,1.0,-1.0,-1.0,-1.0,1.0,0.47552854,-0.8814299
BSH1%UPI00095C7CBB,-0.33404344,-1.0,1.0,-0.4031015,0.8902719,0.29588935,-0.82024664,-0.7688394,1.0,1.0,-1.0,-0.46831423,-0.54234415,0.7422825,0.4870907,0.023174195,1.0,-1.0,1.0,-1.0,1.0,0.29971504,-0.06510841,-0.5224581,1.0,-0.42523083,-0.41047946,0.7503161,1.0,-1.0,0.37656274,-0.8809461,0.58041465,-0.18748307,0.39499587,-1.0,-1.0,0.59888214
BSH1%UPI000963C515,0.2717674,0.65668416,0.14753686,1.0,-0.08349291,0.48612922,0.73851955,-0.36946905,-0.044800535,-0.019426072,0.09604902,1.0,1.0,-0.11391996,-0.519958,-0.028688744,0.37879136,0.7968594,0.11940498,-0.029430514,-0.12485674,-0.07581664,0.5973851,-0.33987024,-0.9940394,-1.0,-1.0,-1.0,0.55011725,0.38565737,0.10924216,-0.22159438,-0.2677801,-0.36807647,0.16176581,0.14977355,0.18146747,-0.6271843
BSH1%UPI000BCCCB22,-0.2395467,0.8655495,-0.27541518,0.21914814,-0.76144195,-0.37229213,-0.2950227,-0.7647773,-0.05967526,0.37287304,0.7944328,-0.29106393,-0.26713997,-0.4183064,0.18038455,-1.0,-0.50873214,-0.9122192,-0.702554,1.0,1.0,-1.0,-0.5694734,0.41809794,0.5442189,0.70058274,-0.3813311,0.586325,-0.08953514,1.0,-1.0,-1.0,-1.0,0.8511468,-1.0,0.6093994,1.0,1.0
BSH1%UPI000BD3EFD5,0.31867608,-0.26362476,1.0,-1.0,1.0,-1.0,-0.22969143,-1.0,1.0,1.0,-1.0,-1.0,-1.0,1.0,0.73421496,0.625121,1.0,-1.0,-0.09744178,-0.7334865,0.5102942,-0.95851994,0.9910597,-0.65393203,-0.31782457,-1.0,0.17906328,1.0,1.0,-1.0,1.0,-1.0,1.0,1.0,1.0,1.0,-0.22961067,1.0
BSH2%UPI0001599717,-0.12864238,0.08606075,0.039117124,-1.0,1.0,0.4789616,0.65496767,-0.602328,0.22632891,-0.023584602,-0.8800589,-1.0,-0.5425394,-1.0,1.0,1.0,1.0,-0.2554058,0.8768718,-0.31980127,1.0,1.0,1.0,-0.065767266,-1.0,-1.0,-1.0,0.47901836,1.0,-1.0,1.0,-0.45843166,0.2023138,-0.14594744,-0.94862103,-1.0,-0.20264381,0.06101449
BSH2%UPI00017C25E3,1.0,0.28308827,1.0,-1.0,1.0,1.0,1.0,-0.38682318,1.0,0.37329116,0.2568204,0.33512506,-1.0,-0.8864464,0.9638979,0.6092724,0.26652807,-1.0,1.0,-0.10554164,-0.82209355,-1.0,-0.06555758,-0.7520482,0.7292408,-0.37526938,-0.87225056,-0.21617955,1.0,0.044879936,-0.74243283,-0.24353822,-0.5311816,0.23782194,0.27048856,0.42200738,-0.2818639,1.0
BSH2%UPI0001C1C05D,0.8966302,0.22158447,-0.3989462,0.508226,-0.501226,1.0,-0.41000938,0.8555523,0.30594498,-0.058446784,0.90524465,1.0,-0.25482363,0.050906863,0.30143246,-0.976286,-0.48505706,-0.01935393,-0.13048963,0.7575973,-1.0,-0.18380003,-0.8374837,-1.0,0.6400342,1.0,-0.4005366,0.34889427,-0.22653325,1.0,-0.4173898,0.175629,-0.6410279,-0.60462177,-0.48723933,0.7877647,0.7943292,-0.15267263
BSH2%UPI0001CF4F1D,1.0,1.0,-1.0,0.9926704,-1.0,-0.9655925,-1.0,1.0,-0.22108191,-0.57607883,1.0,0.8016077,1.0,-0.4760131,-0.5686064,-1.0,-1.0,1.0,-1.0,1.0,-0.64422464,-1.0,0.024777966,1.0,-1.0,0.014572713,-0.15170689,-1.0,-1.0,0.01172039,-1.0,-0.12935124,-1.0,1.0,-0.17495579,1.0,1.0,-0.018608823
BSH2%UPI000335FD2D,-0.88792473,-0.56345665,-0.54222804,1.0,-0.21972203,0.6716943,1.0,-0.5152935,-0.63418823,-0.593815,-0.26980227,-1.0,0.30703634,-1.0,0.4263169,-1.0,-1.0,0.22628091,1.0,-0.41974464,-0.5944053,1.0,-0.14484163,1.0,-1.0,-1.0,-1.0,-1.0,-0.15704735,1.0,1.0,1.0,1.0,-0.2636857,1.0,0.5505164,-0.40036744,-0.31798747
BSH2%UPI00033AD64E,-0.9793853,-0.03457512,-1.0,1.0,-1.0,-0.4435306,0.31693038,0.85002303,-0.14792867,-0.3919603,0.8381874,1.0,1.0,-1.0,0.4825041,-1.0,0.19023754,0.19670977,0.13019225,0.3183029,-0.79287237,-0.48601392,0.7416134,1.0,0.24694467,0.5111607,0.9945864,-0.7835195,-0.88270384,0.32613015,-0.97816646,1.0,-0.82586646,-0.93179274,-0.7680437,-0.55049664,0.43221325,-1.0
BSH2%UPI00033F049A,1.0,1.0,-1.0,1.0,0.7076527,1.0,-0.2097642,0.8113092,-1.0,-1.0,1.0,-0.25688893,1.0,-1.0,1.0,-0.7462703,-0.53123224,1.0,-1.0,1.0,-0.5804229,-0.7730518,1.0,1.0,-1.0,-1.0,1.0,-0.3517611,-1.0,-0.602276,-1.0,0.8922624,-1.0,0.6636666,-1.0,1.0,1.0,0.67648226
BSH2%UPI00038B932A,-0.17198218,-0.014016124,-1.0,1.0,-0.9962759,-1.0,-0.21399836,0.5441222,-0.7061359,-0.7580593,-0.053954795,1.0,0.37152955,0.52351624,-1.0,-1.0,1.0,0.6065497,-1.0,-0.34945416,-0.015748406,0.88114446,-1.0,1.0,-0.752367,1.0,-0.16172376,0.7025284,-0.8883603,0.5524275,0.6131708,1.0,-0.9233506,-0.85756177,-0.979459,-0.8655491,0.06858714,-1.0
BSH2%UPI000396CDDF,-0.7225601,-0.72105384,0.502761,-0.28683466,1.0,-1.0,0.58930016,-0.8208538,0.6117181,0.9653006,-0.7009754,-0.5457125,0.5666882,-0.7891782,1.0,0.3546705,1.0,-0.2651992,0.62376636,-0.09440946,-0.13131878,-0.5050988,0.6717068,0.22293305,-0.41632316,-1.0,0.08058939,0.38141137,1.0,-0.83845574,-0.80849063,0.059198197,0.5704354,1.0,0.055996448,0.03822272,-0.651491,1.0
BSH2%UPI00050FFCF5,-1.0,0.860294,-1.0,0.94845444,0.85092986,1.0,1.0,1.0,-1.0,-1.0,0.70080954,0.16781433,0.81731874,-1.0,-0.17130886,0.96674454,1.0,1.0,0.024882913,0.7330443,-1.0,-0.1954317,-0.8008027,1.0,-1.0,-0.87704504,-0.17806472,-0.97285825,0.36278018,1.0,0.17111696,-0.4781473,-0.5861183,-1.0,-1.0,-0.423054,0.95288706,-1.0
BSH2%UPI0005DCCFF2,1.0,1.0,-1.0,1.0,-0.5191617,-1.0,-1.0,-0.49252954,-1.0,-0.86403984,1.0,1.0,1.0,-1.0,0.7639068,-1.0,-1.0,1.0,-1.0,1.0,-1.0,-0.9624292,0.9269888,1.0,-1.0,1.0,1.0,-1.0,-1.0,0.5290922,-1.0,1.0,-1.0,1.0,-1.0,1.0,1.0,-1.0
BSH2%UPI0006BFFEB7,-1.0,-1.0,1.0,-1.0,1.0,0.9392894,1.0,-1.0,1.0,1.0,-1.0,-0.8308242,-1.0,0.9053565,1.0,1.0,1.0,-1.0,0.43259546,-1.0,0.1581655,-0.059241775,1.0,-1.0,1.0,-0.94938064,-1.0,1.0,1.0,-1.0,-0.70879626,-1.0,1.0,0.64468265,1.0,-0.3771561,-0.9864988,1.0
BSH2%UPI0006C0EB58,-1.0,-1.0,0.72361326,-0.25556785,0.9173722,-0.38348955,1.0,0.046374474,1.0,1.0,-1.0,-0.33134913,-1.0,0.02238909,1.0,0.9939977,0.51996785,0.2262189,0.9143948,-1.0,0.26117024,0.36034718,1.0,-0.9484644,0.2422351,-0.3740469,-1.0,0.49214447,1.0,-0.06932101,-0.16484642,-1.0,0.9976341,-0.74909025,1.0,-1.0,-1.0,0.294104
BSH2%UPI0006C1ADDE,-0.3056877,-0.63994026,1.0,-1.0,1.0,-1.0,0.17186114,0.37322885,0.7229395,1.0,0.83366996,-0.05017905,-1.0,0.1482358,0.15917361,-0.018809767,1.0,-1.0,0.79361415,0.123392396,-0.7149747,-0.5101382,0.8160069,-0.7893068,0.68662447,-0.4397049,-1.0,0.8027517,1.0,-0.40498558,-0.2260888,-1.0,0.5466122,0.39734584,0.124980256,-0.25962678,-0.2651955,0.584874
BSH2%UPI0006C28698,0.40359852,1.0,-1.0,1.0,-0.2673961,0.40666828,-1.0,1.0,-0.9744497,-1.0,1.0,1.0,1.0,-1.0,0.18419456,-0.8042844,-0.29574606,1.0,-1.0,1.0,-1.0,-0.42140955,0.1669579,1.0,-0.7719492,1.0,1.0,0.06803674,-1.0,0.93271697,-1.0,0.7685313,-1.0,0.04339169,-1.0,1.0,1.0,-0.37230912
BSH2%UPI0006C45BC8,1.0,0.014075436,0.5221588,0.56493837,-1.0,-1.0,-1.0,-0.9343587,0.67029846,-0.4824103,-0.4541119,-0.27592233,-0.04437371,0.80771035,-1.0,-0.020612927,-1.0,-0.1429355,0.6802704,-0.48951375,1.0,1.0,-0.35653868,-0.5294312,-1.0,-1.0,-0.20640834,-0.08941945,-0.87586284,0.18387379,1.0,-0.4507027,0.103841975,1.0,0.6533169,0.72221637,0.09985467,0.9833364
BSH2%UPI0006C4A6B6,0.22169049,-0.10841469,1.0,-1.0,1.0,0.1350567,0.83986515,-0.37031445,1.0,1.0,0.004113981,1.0,-0.60510063,1.0,1.0,0.85244066,-0.080894716,-1.0,-1.0,0.6279829,-1.0,-1.0,-0.5628943,-1.0,1.0,0.09159077,-0.93459725,-0.11493785,1.0,-1.0,-1.0,0.079298705,-0.8902339,1.0,0.5871963,0.43474817,0.8299724,1.0
BSH2%UPI0006C706B0,0.063650526,0.06862223,-0.40759036,1.0,-1.0,-0.01766706,-0.96326524,-0.08327359,-0.30295745,-0.80435413,0.65446955,0.46343675,1.0,0.60442734,-1.0,-0.71329504,-1.0,0.07205617,0.5651997,0.14908291,1.0,0.73894256,0.024283608,0.6508382,0.6817291,1.0,0.836727,0.25661588,-1.0,0.6778699,0.49166656,-0.6720075,-0.6540887,-0.69436365,-0.9892066,0.5509329,0.31826398,-0.19627035
BSH2%UPI0006CAB5AD,0.328966,1.0,-0.561838,0.40863502,-1.0,-1.0,-1.0,0.81252277,-1.0,-0.27387807,0.18614459,0.09033032,1.0,0.9392259,-1.0,-1.0,-0.42644683,1.0,-1.0,0.60313976,1.0,-0.5160415,-0.65837824,0.4773066,0.8474,1.0,1.0,1.0,-1.0,-0.15911704,-1.0,-0.75765115,-0.9977909,0.8963101,-1.0,0.57192945,0.92228657,0.19188876
BSH2%UPI0006CABDF6,-1.0,-0.2968224,-0.321089,0.59263647,0.9363021,1.0,1.0,-0.10845786,-0.119868815,0.0075354227,-0.9071251,-0.48619872,-1.0,-1.0,1.0,0.6348302,1.0,-0.07600661,1.0,-0.44707876,1.0,-1.0,-0.20852336,-0.6820903,0.36157557,-0.287665,-0.37367302,-0.49384713,0.96345544,1.0,0.63736784,-0.43456927,0.28332257,-1.0,-1.0,-1.0,-1.0,-1.0
BSH2%UPI0006CABE2C,-0.23934089,-0.54059035,0.098151274,0.03102001,-1.0,-1.0,0.62268436,0.8679642,0.18733412,-0.42588326,-1.0,-1.0,-0.9435056,-0.21116322,0.028736195,0.6625702,-0.25071415,1.0,0.46742594,-1.0,1.0,-0.2592797,-1.0,-1.0,-1.0,-1.0,-1.0,-0.7090759,-0.21955135,0.12533134,1.0,-0.3900533,0.5638091,0.82202137,1.0,0.26291022,-0.92420286,1.0
BSH2%UPI00082051E1,-1.0,-1.0,-0.3394244,-1.0,0.59207064,0.89152265,1.0,-0.34720695,1.0,0.3358841,-0.99005526,-0.48356268,-0.4603474,0.83005846,-0.4131651,0.93546146,0.750111,-1.0,0.65716934,-0.8472896,0.9603422,-0.80514604,-0.7941965,0.32365802,0.21739563,0.27110997,-0.15939844,1.0,0.46436498,-0.08164889,0.2293392,0.31645644,0.36663708,-0.7070321,0.52303505,-1.0,-1.0,-0.79345536
BSH2%UPI000820857A,-1.0,0.23028119,-1.0,0.1925729,-0.28228402,-1.0,0.7487754,1.0,-1.0,-1.0,0.7767378,0.41308936,0.6026043,-1.0,0.22121009,-0.7450222,-0.79886246,1.0,-0.07094669,1.0,-1.0,0.71987367,-0.59702975,1.0,-1.0,1.0,0.7545196,-1.0,-0.020336932,1.0,-0.50057995,1.0,0.06013405,-1.0,-0.7279203,0.09740277,0.20854545,-1.0
BSH2%UPI000820B778,1.0,0.28166497,-0.51404566,-0.29915825,-0.135155,0.27665964,-0.77025795,0.60940725,-0.29653105,0.206639,0.5224171,1.0,1.0,0.30593652,0.859295,-0.96696144,-0.2938866,0.39290178,-0.9992778,0.49182516,-1.0,0.016124452,0.6315351,1.0,-1.0,0.17449875,0.7494124,-0.6241122,-0.7198879,0.25432116,-0.63201964,0.6101663,-1.0,0.6539957,0.5091838,0.6278178,0.60562336,0.54337025
BSH2%UPI000820F666,1.0,0.78893286,-0.15421556,-0.07843693,-1.0,-1.0,-0.53330135,-0.7640219,-0.07011371,0.08116113,0.63143516,0.99729216,-0.06487006,1.0,-0.9167871,-0.80818236,-0.40300936,0.3410409,-1.0,-0.013684988,0.5477739,-0.8525124,-1.0,-1.0,0.29043758,1.0,0.74205124,0.44161952,-0.8731655,-0.7226271,0.42780092,0.42665613,-1.0,1.0,0.2148051,0.11046542,0.6432148,1.0
BSH2%UPI000821232B,0.52465147,0.3369348,-0.08390436,0.121897705,1.0,1.0,-1.0,-0.2333399,-0.5664063,0.06888519,-1.0,-1.0,0.80436665,0.038707457,1.0,-0.22829947,0.092164546,-0.51708376,0.24682389,-0.6008321,1.0,0.7419532,1.0,1.0,-0.8932142,-1.0,-1.0,0.8660139,-0.13091864,-1.0,0.9957976,-1.0,0.7520091,0.379562,0.12487487,-0.5860449,0.15206107,0.84252053
BSH2%UPI0008219BA0,-1.0,-1.0,1.0,-1.0,1.0,-1.0,-1.0,-1.0,1.0,1.0,-1.0,-1.0,-1.0,1.0,0.45873517,1.0,0.1061398,-1.0,1.0,-1.0,1.0,-0.58974415,-0.057653923,-1.0,1.0,-1.0,-1.0,1.0,1.0,-0.33114314,0.08630131,-1.0,1.0,1.0,1.0,-1.0,-1.0,1.0
BSH2%UPI0008222B5A,-0.9272636,-1.0,1.0,-1.0,1.0,-0.56257755,1.0,-1.0,1.0,1.0,-1.0,-0.8412613,-1.0,1.0,0.9511431,1.0,1.0,-1.0,1.0,-1.0,1.0,0.7543763,1.0,-0.8465074,1.0,-1.0,-1.0,1.0,1.0,-1.0,1.0,-1.0,1.0,0.1031053,1.0,-1.0,-1.0,0.3813129
BSH2%UPI00082257EE,0.54764795,1.0,-1.0,0.04675822,-0.42957553,-0.3873519,0.31491995,0.2081002,-0.18398167,-0.60925275,0.95977587,0.68894666,0.0455835,-1.0,-0.19770557,-0.5009522,0.17052767,1.0,-1.0,1.0,-0.7266409,-1.0,-1.0,0.6317754,-0.88939893,0.78645164,0.13987468,-0.8764155,-0.5311781,1.0,-0.96163386,1.0,-1.0,0.04679435,-0.86745757,0.5716034,0.84246147,-0.57766896
BSH2%UPI00082332C0,1.0,0.55887425,1.0,-1.0,0.99229014,0.53783244,1.0,-0.9237276,0.8111148,-0.6191958,-0.71132755,-1.0,-1.0,-0.1748833,1.0,1.0,1.0,-0.18062548,1.0,-0.6976702,0.13727482,0.03279065,1.0,0.6707913,-1.0,-1.0,-1.0,-0.39599583,1.0,-1.0,-0.012470713,0.17562473,1.0,1.0,0.3052575,-0.083296284,-0.2070928,0.5500152
BSH2%UPI00095B7069,0.027958574,-0.9423834,1.0,0.81935126,1.0,0.83608913,0.76075697,-1.0,0.6686721,0.6458504,0.18757921,0.03688015,-0.10861229,-0.08052472,1.0,1.0,0.6628267,-0.46501675,0.22319645,-0.9066236,0.55273545,0.6980813,0.50297976,-1.0,-0.7718633,-1.0,-1.0,-0.25150916,0.51542914,-0.5082669,-0.3635466,0.96559715,0.71203387,-0.26201805,0.32646644,0.0156256,-1.0,0.031864166
BSH2%UPI000960BD65,0.38323224,0.08563123,0.3723309,-0.2147454,1.0,-1.0,1.0,-1.0,-0.0800317,-0.06253082,0.47925878,-0.20795968,-0.112577885,-1.0,0.97393984,-0.69425803,0.26042986,-1.0,-0.670904,0.71804374,-0.18915808,-0.7812107,0.7156748,-1.0,1.0,0.16354412,0.7210484,0.44049177,0.038872495,-0.25196436,0.6101029,-0.49890822,-0.38536248,0.31081507,-0.3392621,0.20226388,0.6940921,-0.27351743
BSH2%UPI000965B48B,-1.0,-1.0,1.0,-1.0,1.0,-0.32732475,1.0,-1.0,1.0,1.0,-1.0,-1.0,-1.0,1.0,0.98242384,1.0,1.0,-1.0,1.0,-1.0,1.0,1.0,0.2844049,-1.0,1.0,-1.0,-1.0,1.0,1.0,-1.0,1.0,-1.0,1.0,-0.9043704,1.0,-1.0,-1.0,1.0
BSH2%UPI00096829BD,0.8095699,0.33287334,-0.7714753,1.0,-1.0,-1.0,-1.0,0.60066885,-1.0,-0.33992103,1.0,-0.7495635,1.0,-0.15853454,-0.8923243,-0.97987545,-0.50830567,1.0,-1.0,0.5670849,1.0,-1.0,-1.0,0.7140848,-1.0,-1.0,-0.04139263,-1.0,-0.92980677,1.0,0.5235555,0.42973894,-1.0,0.79973906,-0.6290326,0.7166596,1.0,0.82025373
BSH2%UPI000D1261F9,-0.5648924,0.3869811,-1.0,1.0,-1.0,0.4202577,-0.03578508,1.0,-1.0,-1.0,0.17549017,1.0,1.0,-0.15832046,-1.0,-1.0,-1.0,1.0,-0.022748047,0.09935534,-1.0,0.3610464,0.34410134,1.0,-0.25219807,1.0,0.99886864,-0.9968484,-1.0,0.66660017,1.0,1.0,-0.9372327,-1.0,-0.6198691,-0.5546345,-0.47142366,-1.0
BSH2%UPI000E40484B,-1.0,-0.56489426,-1.0,1.0,-1.0,-1.0,-1.0,1.0,-0.12365444,-0.117275015,0.6641026,0.7246481,1.0,0.22164679,-1.0,-1.0,-0.7821739,0.7808395,-1.0,0.7635442,0.3095392,-0.94665813,-1.0,1.0,0.175558,1.0,1.0,0.8426442,-1.0,0.9809574,-0.6157424,1.0,-1.0,0.02467403,0.36432832,-0.10449341,0.63479143,-0.26544338
BSH2%UPI000E4418E2,1.0,1.0,-0.49324197,-0.815409,-0.4576764,-0.25672498,-0.94845414,0.76342523,-0.28736067,0.103753574,0.32957193,1.0,1.0,0.4089447,0.18773583,-0.7762678,-0.3395736,1.0,-1.0,0.7244464,-0.9104972,-0.6806512,-0.5288625,-0.36476722,-0.46421486,0.26982856,-0.11323407,-0.29095298,-0.60488665,0.290856,-1.0,-0.19214706,-0.74853987,1.0,0.279386,1.0,1.0,0.90913117
BSH2%UPI000E4E4D64,-0.825351,-0.5004062,-0.13585117,-0.9950201,-0.20005718,1.0,-1.0,-0.58786124,-0.108340435,0.50822055,-0.8551289,0.07767874,0.20360245,1.0,0.9272296,0.80706865,1.0,-0.47600245,0.55923736,-0.9635492,0.2605022,0.5607197,1.0,0.3351717,1.0,-0.5200346,-0.25665456,1.0,1.0,-1.0,0.75288576,-0.33001631,1.0,-0.4396854,-0.07782405,-1.0,-0.68869865,-0.69978434
BSH2%UPI000E53DAEE,-1.0,-1.0,-1.0,1.0,-1.0,0.15352829,1.0,1.0,-0.50242734,0.2402265,-1.0,0.9633785,0.8436622,-1.0,-1.0,1.0,-0.72003096,1.0,1.0,-1.0,1.0,1.0,-0.8390188,-0.1908178,-0.708927,0.10912418,-0.8256838,-1.0,0.25764462,1.0,1.0,1.0,1.0,-1.0,-0.062200032,-1.0,-1.0,-1.0
BSH2%UPI000E7D8CB5,-1.0,0.47166947,-1.0,1.0,-0.6469486,1.0,-0.8434441,1.0,-1.0,-1.0,1.0,1.0,1.0,-0.15090606,0.5108078,-1.0,-1.0,1.0,-1.0,1.0,-1.0,0.15018499,0.56047595,1.0,-1.0,-0.101674184,1.0,-1.0,-1.0,0.9211472,0.4082907,0.8714723,-0.77840436,-0.3607743,-0.53896445,0.79516363,1.0,-0.6519292
BSH2%UPI000E80FD85,1.0,1.0,-1.0,1.0,-1.0,-1.0,-1.0,1.0,-1.0,-1.0,1.0,0.23906943,1.0,-0.969889,-1.0,-1.0,-1.0,1.0,-0.43352124,1.0,-0.5893412,0.843835,-0.9082488,1.0,-1.0,0.78176,0.95611876,-1.0,-1.0,1.0,-0.7802585,0.8409256,-0.5818244,1.0,0.6736267,1.0,1.0,-0.47656366
BSH2%UPI000E92006C,-0.99809587,-0.75011283,0.14096358,1.0,-0.14592567,-1.0,1.0,1.0,-0.40465134,-0.3110137,-1.0,-0.5973984,-0.26082507,-1.0,-0.056708653,1.0,0.638556,1.0,0.7052723,-1.0,0.60751987,0.41862848,-0.84625274,0.69582635,-1.0,-1.0,-1.0,-1.0,1.0,0.6204956,1.0,0.6738613,0.92731386,-0.46606472,0.6790192,-1.0,-0.6193453,-0.38999146
BSH2%UPI000EC98B2C,0.21270573,-0.864423,1.0,-1.0,1.0,-0.8048336,0.8350279,-1.0,0.32393458,0.87760824,-0.8286597,-1.0,-1.0,0.6724711,0.7627419,1.0,1.0,-1.0,0.6744336,-1.0,1.0,0.09951799,0.6147813,-1.0,-0.26372442,-1.0,-1.0,-0.18189691,1.0,-0.79307413,0.15828978,-0.3901893,1.0,1.0,-0.019199349,0.2459221,-0.67507976,1.0
BSH2%UPI000ECC9F84,0.034409463,0.24545896,-0.19250445,0.17664605,0.8431603,-0.12805411,-0.95888764,0.5239142,-0.2297414,0.13027708,0.5941037,0.20253177,0.4040383,-0.94497657,0.64702684,-0.0020116367,0.18773293,0.6300611,-0.75607663,0.7361093,-0.8818827,-0.2894348,1.0,0.7770394,-0.77981216,0.6304339,1.0,0.8182801,0.61999995,0.32644463,-1.0,-0.27922732,-0.2720288,1.0,-1.0,0.46257183,0.54265183,0.17631568
BSH2%UPI000EE4CDBB,0.1057205,-0.4958163,0.21371233,-0.17985933,1.0,1.0,0.9827092,-0.29897878,0.48474145,0.13467301,-0.4334696,-0.26112723,-0.5588031,-1.0,1.0,1.0,1.0,-0.78811634,0.0041021192,0.02131744,-1.0,-0.12057032,1.0,-0.042457208,-0.05547014,-1.0,-1.0,-0.42325237,1.0,-1.0,-0.3994996,1.0,0.3021373,-0.52742857,-1.0,-0.5186445,0.14427514,-0.57294106
BSH3%UPI000156F498,0.027728457,-1.0,1.0,-1.0,1.0,0.56929994,0.973382,-1.0,1.0,1.0,-1.0,-1.0,-1.0,0.09395035,1.0,1.0,1.0,-1.0,1.0,-1.0,0.9102004,-0.084929645,1.0,-0.7496248,0.4879436,-1.0,-0.83159375,0.3261738,1.0,-1.0,0.79460794,-1.0,1.0,0.68383044,1.0,-1.0,-1.0,1.0
BSH3%UPI00016547A5,-0.3736515,0.27656382,-0.28186864,1.0,-1.0,-0.7542772,-1.0,0.9271079,-0.82028127,-0.045579314,0.23257002,1.0,-0.3423144,0.29736882,-0.78309643,-0.090104654,-1.0,0.26706228,0.46371636,0.040064715,1.0,0.13803822,0.007115376,0.019512676,0.2343838,0.041559506,-0.94192266,-0.4528064,-1.0,0.36440328,1.0,0.31115717,-0.75601834,-0.6711625,-0.91217375,-0.04780463,0.043844678,-0.9597181
BSH3%UPI00017EF3F1,0.22257702,0.9347107,0.46353915,-0.94013083,-0.8029544,-0.51285374,-0.21340902,0.084072545,-0.7106396,-0.361652,-0.7427283,0.10571398,-0.1957568,0.46602923,-1.0,0.0052189683,-1.0,0.9542103,0.007764841,0.50341624,1.0,-1.0,-0.8739415,0.6022634,-0.3410566,1.0,1.0,0.392361,-0.35003406,-0.11054681,-1.0,-1.0,-1.0,1.0,0.70919865,-0.48769584,0.4350426,1.0
BSH3%UPI0001A5F983,-1.0,-1.0,-0.20411882,0.37299892,-1.0,0.96869004,1.0,0.15022552,0.85459894,0.1325107,-0.094336934,1.0,-0.3453959,1.0,-1.0,0.24842824,1.0,-1.0,1.0,-0.29105815,-0.6310788,-0.17401843,0.5043219,-1.0,1.0,1.0,0.30153215,1.0,0.014752488,-0.83775896,1.0,-0.22705953,1.0,-1.0,0.2986755,-1.0,-1.0,-1.0
BSH3%UPI0002132A6C,-1.0,-0.98807997,0.2239871,-0.26407507,0.33496514,1.0,0.59841627,0.42615333,-1.0,-0.29523838,-1.0,-0.7110963,0.6715499,0.82296044,-0.033651303,1.0,0.2589768,-0.04298844,1.0,-0.3405529,-1.0,-0.7133933,0.94732726,0.63505477,0.48368046,1.0,1.0,1.0,1.0,-1.0,1.0,-0.898681,-0.9145226,-1.0,-1.0,-1.0,-0.7242335,-0.60495925
BSH3%UPI00033CE23D,0.6074257,0.5835879,-0.88748986,1.0,-0.9289534,-0.09082449,-1.0,1.0,-0.58560413,0.2365019,1.0,1.0,1.0,1.0,-0.32966426,-0.95759,-0.54081744,0.41120017,-1.0,0.8852224,-1.0,-1.0,-1.0,-0.9321755,-0.20729056,-0.14037056,-0.5536472,-0.77335984,-0.9349757,0.821513,-0.20853485,0.985917,-1.0,1.0,-0.9166419,0.97467846,0.82811695,0.20133172
BSH3%UPI00035F5DCE,-1.0,-1.0,0.7306638,-1.0,0.1389079,0.3876068,1.0,-0.5806303,1.0,1.0,-0.8516028,0.3164546,-1.0,1.0,-0.42262417,0.5426781,1.0,-1.0,0.7448413,-1.0,0.4424265,0.47688112,0.2930991,-0.4107038,1.0,0.10349614,-0.77151245,0.22982602,0.93168277,-0.5414883,0.692253,0.21242431,1.0,-0.7916578,0.37702122,-1.0,-1.0,-0.2999981
BSH3%UPI0004DA32C0,-0.35178882,0.28198493,0.64820975,0.16057767,-0.36724806,-0.45945594,0.17156306,0.6621687,0.43591118,-0.790885,-0.65052575,0.19557516,0.084102325,-0.054523323,-0.22415222,0.5722869,-0.09994821,0.3564052,0.31971836,-0.4392594,0.26447195,0.46370533,0.20265219,-0.4629146,0.36009037,-0.64264834,-0.8089034,0.17739429,0.5282387,0.05600867,-0.5126563,-1.0,0.4044975,-1.0,0.97410077,-0.5349026,-0.05743993,-0.03748337
BSH3%UPI00080CB216,-0.78958905,1.0,-1.0,1.0,-1.0,-1.0,1.0,1.0,-1.0,-1.0,1.0,0.5829363,1.0,-1.0,-1.0,-0.81042093,-1.0,1.0,0.47731698,1.0,0.02260217,0.5941571,-0.95846,0.6631047,-1.0,0.59767014,0.45345765,-1.0,-0.7983361,1.0,-0.6168575,1.0,-0.10376546,-1.0,-1.0,0.3779843,0.7708253,-1.0
BSH3%UPI00092A5378,-0.99329436,1.0,-1.0,1.0,-1.0,0.6731261,-1.0,1.0,-1.0,-1.0,1.0,1.0,1.0,-0.9401171,-1.0,-1.0,-0.5385765,1.0,-0.33002153,1.0,-0.12113738,-1.0,-1.0,1.0,-1.0,1.0,1.0,-0.9940595,-1.0,1.0,-0.4824872,1.0,-1.0,-0.46291566,-1.0,0.22322245,1.0,-1.0
BSH3%UPI0009648BEC,-1.0,0.5721994,0.2755577,1.0,-1.0,-0.054250687,-0.20209305,-0.36193603,-0.010525753,-0.8519926,0.69522905,1.0,1.0,0.25248885,-1.0,-0.96473515,-0.42516878,-0.12641752,-1.0,1.0,0.18243745,-1.0,-1.0,0.8810128,-1.0,-0.14291242,-0.5786548,-1.0,-0.65036494,1.0,-0.74779075,0.49340248,-0.6093533,-0.16792879,0.87126553,0.5020855,0.7506785,0.586503
BSH3%UPI000E3F1C35,0.23126842,-0.2777244,1.0,-1.0,0.01687598,-1.0,-1.0,-0.8890861,0.39213726,0.76813036,-0.14386585,-0.9418104,-1.0,1.0,-0.4723472,-0.21280189,0.38222036,-0.5626681,0.52772987,-0.27981868,1.0,0.44067124,0.41228452,-1.0,0.052285746,-0.97011065,-1.0,0.27793643,0.9293736,0.33374006,0.89912486,0.016436638,0.92823344,1.0,1.0,-0.47601843,-0.19398354,1.0
BSH3%UPI000E4DFA31,0.05542648,-1.0,1.0,-1.0,1.0,0.68815804,1.0,-0.49667832,0.800972,0.74012166,-0.90027547,-0.90089697,-1.0,-0.79496413,1.0,1.0,1.0,-1.0,1.0,-1.0,-1.0,1.0,1.0,-1.0,0.68656987,-0.97479695,-1.0,-0.1021451,1.0,-1.0,1.0,0.33028883,1.0,-1.0,1.0,-1.0,-1.0,-0.13103636
BSH3%UPI000E5302B4,0.49499992,-0.20926899,-0.3686994,0.014966414,1.0,1.0,0.9019179,-1.0,-0.79849696,-0.20411223,-0.6212133,-0.32991046,-1.0,-0.29574108,1.0,-0.160212,0.36747125,-1.0,0.2604842,-0.15859304,-0.4090729,-0.005802889,0.62283623,0.05329527,0.893868,0.57376564,0.38569495,0.44070476,0.56304955,-0.28198856,0.54481316,0.5250998,0.49969777,0.17149496,0.14490865,-0.47790787,0.124510065,0.13874747
BSH3%UPI000E555DC1,1.0,0.9560561,0.509781,-0.71036,-1.0,-1.0,-1.0,-0.59028107,1.0,1.0,0.90098786,0.42994925,-0.24518481,1.0,-1.0,-1.0,-0.6857818,0.21402468,-0.052293036,0.87234986,1.0,-0.6489691,-0.028917953,-1.0,0.6987222,-1.0,-0.7856241,-0.69273484,-0.99894416,-0.22251733,0.3879797,-1.0,-0.8156157,1.0,0.93562394,0.5194085,1.0,1.0
BSH3%UPI000E902C94,-1.0,-1.0,1.0,0.72312385,0.82196724,0.6577984,0.845959,-0.30725607,1.0,1.0,-0.31783205,1.0,0.28049752,0.045616586,-0.29905868,-0.032904115,-0.2844412,-1.0,0.049597755,-1.0,-0.25643057,-1.0,0.70808226,-1.0,1.0,1.0,0.7565678,1.0,-0.0056457324,0.7986917,-0.8158575,-0.48839903,-0.11315296,-1.0,-0.023512453,-0.9286892,-1.0,-0.39189556
BSH3%UPI000ED2B3A0,0.41288775,-0.077521175,0.37917173,-0.16179502,1.0,0.8556987,0.7151195,-1.0,-0.6701343,-0.75224435,-0.405961,-0.2557296,0.3942619,-0.6547171,1.0,1.0,0.056938287,-0.26641417,1.0,-0.51757145,-1.0,1.0,1.0,0.68909013,0.30915573,0.34903184,0.1483337,1.0,0.190333,-0.746214,0.4910982,0.09525293,0.40116212,-0.14241098,0.36284816,-0.6736371,0.27620524,0.09087453
BSH3%UPI000EF23C17,-1.0,-0.041101284,-1.0,0.49043357,0.94585186,1.0,0.82645106,0.71014255,-1.0,-1.0,-0.14911772,-1.0,-1.0,-0.5432563,0.4579243,0.08242853,0.8379028,0.71942616,0.65784925,-0.015393712,1.0,0.4165224,0.22727415,-0.37379,-1.0,0.2652671,-0.052565515,-1.0,0.56169677,1.0,0.670873,1.0,-0.24577644,-1.0,-1.0,-0.9062382,-0.040669303,-1.0
BSH4%UPI0001FAB233,0.57712984,-0.32475734,1.0,-1.0,1.0,-1.0,-0.89774466,-1.0,1.0,-0.03144505,-0.6382871,-1.0,-1.0,1.0,1.0,1.0,-0.7888628,-0.4158384,0.9801804,-0.8885021,-0.9402321,0.19087817,1.0,0.7827975,1.0,0.32756275,1.0,1.0,0.68359476,-1.0,-0.102158144,-0.53189087,1.0,1.0,1.0,-0.63080144,-0.42380035,1.0
BSH4%UPI0006BEFACE,0.5506145,1.0,-0.92288065,1.0,-1.0,-0.05806619,-0.7276018,0.99848604,-1.0,-1.0,1.0,0.085667655,0.37370142,-0.6048125,-1.0,-0.1185641,-1.0,0.44105092,0.35876676,0.59675366,1.0,-0.109886646,-1.0,-0.34326738,-1.0,-0.39606607,-0.34764126,-1.0,-1.0,1.0,-0.21642664,1.0,-0.5798662,-0.61621296,0.3562462,0.8592919,0.5898438,-0.45150355
BSH4%UPI000822CCAE,0.7722298,1.0,-1.0,0.5570616,-0.9490864,0.784003,-0.75196224,1.0,-1.0,-1.0,1.0,0.8675993,1.0,-1.0,0.23085457,-1.0,-0.6734782,1.0,-1.0,1.0,-1.0,-0.191274,-0.687878,1.0,-1.0,0.1902677,0.5574807,-1.0,-1.0,1.0,-0.58511895,1.0,-1.0,0.02838967,-1.0,1.0,1.0,-1.0
BSH4%UPI0008CBCA16,0.14724453,1.0,0.3988822,-0.10397175,-0.80653065,0.016672902,-0.36036822,0.44611555,0.5018544,-0.13815074,0.89766943,0.6714383,0.014890568,0.17921935,-1.0,0.030972816,-1.0,1.0,0.9476321,1.0,-1.0,-0.034149133,-0.86194444,0.81727993,-0.3299485,1.0,0.26521447,-0.15886986,-0.77911276,0.5166636,-1.0,0.8924569,-0.613902,0.28716645,-0.036841117,0.48372847,0.55254745,-0.44790047
BSH4%UPI000D27EFA9,1.0,1.0,-1.0,1.0,-1.0,-0.23779173,0.13367954,1.0,-1.0,-1.0,1.0,1.0,1.0,-1.0,-1.0,-0.32805753,-1.0,1.0,-1.0,1.0,-0.82390064,0.3225666,-1.0,0.6818332,-1.0,1.0,0.97273856,-1.0,-1.0,1.0,-1.0,1.0,-1.0,-0.1777034,-1.0,1.0,1.0,-1.0
BSH4%UPI000E54B9B5,1.0,1.0,-1.0,0.68904734,-1.0,0.5126382,-0.9471609,0.3944382,-0.7022531,-0.7362252,1.0,1.0,1.0,-1.0,-1.0,-1.0,-1.0,1.0,-1.0,1.0,-1.0,1.0,0.73397964,1.0,-0.8439057,1.0,1.0,-1.0,-1.0,0.7318694,-0.5046431,1.0,-1.0,0.01764605,0.21294715,1.0,1.0,0.06727429
BaiA%SRR3992974_bin_8_EOPEKEED_01051__3-oxoacyl-_acyl-carrier-protein__reductase_FabG,-0.10458064,-0.6213133,1.0,-1.0,1.0,0.29879737,0.16364606,-0.54426414,1.0,1.0,-0.8724825,-0.7196861,-1.0,1.0,0.14490327,1.0,0.9597205,-1.0,0.66520905,-0.7634498,-0.15198503,0.33703268,1.0,-0.48124796,1.0,0.2522345,0.14218938,1.0,1.0,-0.8404073,-1.0,-1.0,0.98896176,0.076747775,1.0,-0.42225844,-0.9233699,0.41799405
BaiB%CosteaPI_2017__SID713A038-11-90-0__bin_26_fa_FGHNBBEK_00429__Bile_acid-coenzyme_A_ligase,0.71468115,-0.61239713,0.9511243,0.08890861,-0.9500598,-1.0,-0.81920475,-0.6259582,0.9295894,0.83819896,-1.0,0.14371784,-0.36293876,0.6875848,-0.5989484,0.3850658,-0.23915187,-0.87072474,-0.12773892,-1.0,1.0,0.106449,-0.09417839,-1.0,0.8233522,-0.044087913,-0.438784,1.0,-0.07030199,-0.90784985,0.8507528,0.8187694,0.2118672,0.6492592,0.84871423,0.028510515,-1.0,0.9321547
BaiB%bai_cluster_2%midas_uncultured_Eubacterium_73696%uncultured_Eubacterium_73696|FMDW01000013_871,0.5889651,0.10533296,0.17431594,1.0,0.9294219,0.9909206,0.8719228,-0.58402354,-0.19509524,0.2990474,0.24090861,-0.81431437,0.41094708,-1.0,1.0,0.682636,0.035883006,0.028330607,-0.41351297,0.13897814,-0.20525709,-0.14498173,0.2537076,0.638996,-1.0,-1.0,-0.56775326,-0.640164,0.49462762,0.16024089,-0.3809029,0.08739299,0.37875617,0.48561665,-0.4640246,0.000962929,0.3264154,0.013448382
BaiB%fig|1950888_3_peg_94|__Long-chain-fatty-acid--CoA_ligase_(EC_6_2_1_3)____Clostridiales_bacterium_UBA4701_|_1950888_3_,-1.0,-1.0,0.6222548,-1.0,0.5753786,1.0,-0.9807186,-1.0,1.0,1.0,-1.0,-0.4592212,-0.87944853,1.0,1.0,1.0,1.0,-0.84380484,1.0,-1.0,0.7377574,1.0,1.0,-0.7969685,1.0,-1.0,-1.0,1.0,0.40890118,-1.0,1.0,0.043249786,1.0,-0.9822589,1.0,-1.0,-1.0,-0.59999037
BaiCD%MEI3381486_1_FAD-dependent_oxidoreductase__Dorea_sp__,0.22466046,0.37264797,-0.43619737,0.861862,-0.21216708,0.06353561,-0.24728593,0.35749283,0.5999494,0.2511568,0.52353674,0.011335683,0.61498874,-1.0,-0.022430403,-0.46188822,-0.51272976,-0.012618744,-0.81939626,0.86272013,0.42399845,-1.0,-0.41396222,0.6834337,-0.9842449,-0.4803429,-0.12201149,-0.643174,0.4362258,0.97366524,-1.0,0.55095714,-0.75515926,0.5123662,-0.6627927,0.9670181,0.40807313,0.3821854
BaiCD%RaymondF_2016__P21E7__bin_22_fa_DDJCLBHB_00368__NADH_oxidase,0.07438112,0.79706776,-0.80129164,0.3336168,0.16732092,-1.0,0.33039522,-0.8475858,-1.0,-0.13850348,0.9377035,-0.82981837,1.0,-0.33273798,-0.9603916,-0.22638308,0.013441231,0.19160487,-1.0,1.0,-0.5620634,-0.8113388,-1.0,0.037171245,-1.0,0.020278003,1.0,-1.0,-0.41533154,1.0,-0.58548415,1.0,-1.0,1.0,-0.4614347,1.0,1.0,1.0
BaiCD%XieH_2016__YSZC12003_35390__bin_5_fa_PIKIEFGP_00577__NADH_oxidase,-1.0,-0.4021972,-0.80806595,-1.0,-1.0,1.0,-1.0,1.0,-0.32132778,-0.027077422,-0.32570183,-0.33222964,0.6710644,1.0,-0.41542587,-0.39177907,0.36567667,-1.0,-0.42456672,0.17554823,-0.7618834,-0.04267431,0.45928314,0.5788483,0.95826596,0.93684703,1.0,1.0,-1.0,1.0,-0.71209675,-0.13647039,-0.20105577,-0.20571586,-0.015872626,-0.10475834,0.34920362,0.018551059
BaiE%LiJ_2017__H3M515915__bin_8_fa_COLEEGFP_01274__Bile_acid_7-alpha_dehydratase,0.44108877,0.44090194,0.17942454,0.5266092,0.22355834,0.7175134,-0.35983014,0.031140637,0.26887608,0.5163491,-0.2134902,-0.12223621,0.91983235,0.9883808,0.022037145,0.16997083,-0.029245736,0.22194499,-0.60297024,0.88327414,-0.2535992,-0.84454924,0.19664407,0.29695174,-0.58540994,0.1549169,0.5104755,0.30734608,0.48923302,-0.0847077,-1.0,-0.6228435,-0.44397584,-0.034665026,-1.0,-0.23200303,0.59237516,-0.05632091
BaiE%fig|1950888_3_peg_203|__Bile_acid_7-alpha_dehydratase_(EC_4_2_1_106)_(BA7_alpha_dehydratase)_(Bile_acid-inducible_operon_protein_E)____Clostridiales_bacterium_UBA4701_|_1950888_3_,1.0,1.0,-1.0,1.0,0.02534383,-0.76919293,-0.54939693,0.5573705,-0.85340106,-0.5421575,0.85802925,0.5451412,1.0,-0.33599705,0.55467135,-0.43752706,-0.38082653,1.0,-0.7976748,0.82332426,-0.3953239,1.0,0.43558648,1.0,-1.0,-0.9475639,-0.6043656,-1.0,-0.45810235,0.35812557,-1.0,0.33284315,-0.47524062,0.87738585,-0.42233098,1.0,0.9707709,-0.31183934
BaiF%KarlssonFH_2013__S54__bin_27_fa_BBGPADBL_00031__Bile_acid-CoA_transferase,0.6482627,0.21289593,0.4443001,1.0,-1.0,-1.0,0.095580764,1.0,0.9405721,0.18751317,0.7282975,1.0,-0.11517529,0.4631132,-1.0,-1.0,-1.0,-0.8221809,-0.52140236,0.21643034,0.34630013,-1.0,-0.6129017,-0.57384735,1.0,1.0,-0.23215804,-0.1923118,-0.85143834,-0.34789008,0.89100975,0.9568441,-0.94234115,-1.0,0.8102754,0.052717667,0.106479906,-1.0
BaiF%LiJ_2014__MH0358__bin_56_fa_NPCPOAJM_00305__Bile_acid-CoA_transferase,0.51615983,0.22137214,-0.025505122,-1.0,1.0,0.85829234,0.36639443,-0.93996406,0.588732,0.05905265,0.52198225,-0.76075464,-0.38709632,-0.2049518,1.0,0.2395044,0.6086206,-0.14901929,-0.42190942,0.41046482,-0.010872449,-0.30650467,1.0,0.26403195,-0.553814,0.031793438,0.72033685,-0.15753514,0.97126466,-0.10879979,-1.0,-0.50271165,-0.05429577,0.51871014,-0.8084202,0.16961199,0.8589071,-0.06428329
BaiF%LiJ_2014__V1_FI37__bin_39_fa_IHFOFLIJ_00762__L-carnitine_CoA-transferase,0.21699032,-0.63470584,0.8162641,0.31715584,0.61919224,-1.0,0.32840136,-0.52232236,0.5948261,0.8447167,-0.76994646,-1.0,-0.8436983,0.0009846011,0.2101176,0.5866316,0.27430663,-0.8109515,0.3262977,-0.9486747,1.0,0.5157092,0.58890957,-0.19138877,-0.6799716,-0.77150565,-0.5640624,0.45242923,0.34821326,-0.4330577,-0.30654684,-0.17160757,0.60925233,1.0,0.8133218,-0.106249124,-0.75070935,1.0
BaiF%RaymondF_2016__P21E7__bin_22_fa_DDJCLBHB_00373__Bile_acid-CoA_transferase,-0.6447557,0.6419018,-0.24792513,0.059897855,-1.0,-0.8250172,0.42344114,0.9089975,-1.0,-1.0,-0.25071397,0.1189918,0.23662816,0.28648815,-0.05802712,-0.113168925,0.49326336,0.79726404,-0.72727823,0.44737262,-0.3060528,-1.0,-0.8887142,-0.1851358,-0.78717196,1.0,1.0,-0.20231833,-0.5661867,0.2619508,0.23019645,1.0,-0.88455886,-0.07048808,-0.82327086,0.61765754,0.69198287,-0.36462295
BaiF%SRR4783510_bin_28_GHBMCCFK_00008__L-carnitine_CoA-transferase,1.0,1.0,-1.0,1.0,-1.0,0.003922139,-0.6180622,1.0,-1.0,-1.0,1.0,1.0,1.0,-1.0,-0.6148823,-1.0,-0.7651064,1.0,-1.0,1.0,0.056475047,-1.0,-0.9354206,1.0,-1.0,0.29747874,0.99179167,-1.0,-1.0,1.0,-1.0,0.34676012,-1.0,-0.089274876,-1.0,1.0,1.0,-1.0
BaiF%bai_cluster_2%midas_uncultured_Eubacterium_73696%uncultured_Eubacterium_73696|FMDW01000013_892,0.60938114,0.9933433,-1.0,1.0,0.37115845,1.0,0.759515,1.0,-1.0,-0.42755574,1.0,1.0,1.0,-0.89413816,0.59991366,-0.66463196,0.033421356,1.0,-0.3582508,1.0,-1.0,0.21945378,-0.27520266,0.33423373,-1.0,-1.0,-0.33252442,-1.0,-0.57200307,0.95587915,-1.0,0.8150644,-0.10556293,-0.6454108,-1.0,1.0,0.6506255,-1.0
BaiF%fig|1950825_3_peg_1464|__L-carnitine_dehydratase_(EC_4_2_1_89)____Clostridiales_bacterium_UBA1701_|_1950825_3_,0.80598086,1.0,-0.6571732,0.31503117,-0.14300053,-0.0055208327,-0.58053905,0.6018437,-0.076437786,0.030996395,0.12284375,-0.22461817,0.3095178,-1.0,0.19121715,-0.07454219,0.21308696,1.0,-0.28459293,0.28578383,-0.37230223,-0.29834884,-0.59961957,0.9902564,-1.0,-0.6214564,-0.34637538,-1.0,0.40170595,-0.47939035,-0.1277464,1.0,-0.42054257,1.0,-0.92054224,0.69367,0.5496866,0.17898165
BaiG%LeChatelierE_2013__MH0251__bin_10_fa_BOBEKBFD_00006__Multidrug_resistance_protein_3,-0.78910756,-0.6511106,1.0,-1.0,1.0,0.7353258,0.030530049,-1.0,0.63179284,0.77986497,-0.27693275,-1.0,-0.7876632,0.517609,0.7306372,1.0,1.0,-1.0,0.31575674,-0.3537712,-0.6778393,0.40472022,1.0,-1.0,1.0,0.45021152,0.23341873,1.0,1.0,-1.0,0.111956626,-1.0,1.0,0.46290705,0.60314184,-0.7965749,-0.47561207,0.8790123
BaiG%MBR4017991_1_MFS_transporter__Clostridia_bacterium_,-0.106621765,-1.0,1.0,0.44631264,1.0,-0.0024726526,1.0,-1.0,1.0,1.0,-1.0,-1.0,-1.0,1.0,1.0,1.0,1.0,-1.0,1.0,-1.0,0.6980561,1.0,1.0,-1.0,1.0,-1.0,-1.0,1.0,1.0,-1.0,1.0,-0.901571,1.0,-0.6532636,1.0,-1.0,-1.0,-0.60534364
BaiG%MDY4488523_1_MFS_transporter__Candidatus_Limivicinus_sp__,1.0,1.0,-1.0,0.72794145,-0.64877445,0.6626184,-0.567384,-0.012722427,-0.61903477,-0.015455779,1.0,-0.32110018,1.0,-1.0,0.48857194,-0.6639129,0.31415194,0.84880316,-0.8887315,1.0,0.93715334,-0.34558362,-0.053008698,0.7399361,-1.0,-1.0,-0.96357095,-1.0,-0.7948715,0.36339593,-0.25540158,0.008297044,-0.11666169,0.3520347,-1.0,1.0,1.0,-0.039516795
BaiH%MEE0204071_1_FAD-dependent_oxidoreductase__Oscillospiraceae_bacterium_,-0.19651078,0.8761903,-1.0,1.0,0.2534027,0.49272832,-0.64194125,0.14299214,-0.81651217,-1.0,0.9204743,-0.29682282,1.0,-1.0,0.5996154,-0.19891469,0.26335117,0.9080182,0.13988414,1.0,-1.0,1.0,0.11307736,0.8269571,-1.0,0.54185474,0.52528673,-0.58214784,-0.500457,0.13788483,-1.0,0.51447093,-0.29565185,-0.2696042,-1.0,0.30691764,0.9683827,-0.6345349
BaiH%Obregon-TitoAJ_2015__NO11__bin_28_fa_ODBMCAMJ_01962__NADH_oxidase,0.1364073,0.88315374,-1.0,1.0,-0.13960524,0.21635517,-0.89060974,-0.087253675,-1.0,-1.0,0.9189677,-0.29976204,1.0,-1.0,0.358593,-0.6734412,-0.0034554019,0.18363905,0.47759914,0.720016,-0.15817513,0.21730046,-0.35346314,0.9868861,-1.0,0.52334094,1.0,-1.0,-0.5002589,1.0,0.72735775,1.0,-0.25336385,-0.7638611,-1.0,0.27816918,0.500188,-1.0
BaiH%bai_cluster_2%midas_uncultured_Eubacterium_73696%uncultured_Eubacterium_73696|FMDW01000013_836,-0.48714063,0.5191351,-0.25769964,-0.12438634,-1.0,0.03964627,-0.7056977,0.65772027,0.12929378,0.048495587,0.43354774,1.0,1.0,-0.9645787,-0.80351794,-0.5016906,-0.60718507,0.7539296,-0.6154483,0.7960976,-0.9271616,0.40883553,0.20604809,1.0,0.8658444,1.0,1.0,0.5317803,-1.0,0.2419909,-1.0,-0.6087958,-1.0,0.44781554,0.3939995,0.15237418,0.7928036,-0.57053274
BaiI%QinJ_2012__CON-070__bin_41_fa_AAAKDJOM_00400__hypothetical_protein,-1.0,0.766537,-1.0,1.0,-1.0,0.20693077,-1.0,1.0,-1.0,-1.0,0.39328426,1.0,1.0,-0.6463044,-1.0,-0.93296814,0.5614158,1.0,-0.65230024,1.0,1.0,-0.19524008,0.34849954,1.0,-1.0,1.0,1.0,-1.0,-1.0,0.7269531,-0.81765604,0.71829253,-1.0,-1.0,-1.0,-0.17994976,1.0,-1.0
