Sample,CA,CDCA,DCA,LCA,UDCA
12aHSDH%ERJ00208_1_oxidoreductase__short_chain_dehydrogenase_reductase_family_protein__Clostridium_sp__ATCC_29733_,1.0,1.0,-1.0,-0.7591219,-1.0
12aHSDH%GENOME015584_936,0.037446626,-1.0,1.0,0.48060456,-1.0
12aHSDH%GENOME051950_684,0.08681282,-1.0,0.33046624,0.826986,1.0
12aHSDH%GENOME055489_1547,-0.1565559,-0.7017608,-0.10201219,-0.25102577,1.0
12aHSDH%GENOME126416_2228,0.8563509,0.64731735,-0.98299146,-1.0,1.0
12aHSDH%GENOME136792_1072,-1.0,-1.0,1.0,1.0,-0.65373415
12aHSDH%GENOME187328_883,1.0,0.57635474,-1.0,-0.3419181,-0.33307645
12aHSDH%GENOME211747_1057,-1.0,-1.0,1.0,1.0,0.21894555
12aHSDH%MBE7001463_1_SDR_family_oxidoreductase__Oscillospiraceae_bacterium_,-1.0,-1.0,1.0,1.0,1.0
12aHSDH%MBP3571641_1_SDR_family_oxidoreductase__Clostridia_bacterium_,-0.8729346,-1.0,1.0,0.79344046,-1.0
12aHSDH%MBR0327374_1_SDR_family_oxidoreductase__Clostridia_bacterium_,-0.0699466,0.7247993,-1.0,0.14179347,0.52258444
12aHSDH%MBR2608425_1_SDR_family_oxidoreductase__Bacteroidales_bacterium_,0.12805471,-0.2917902,1.0,0.55001134,-1.0
12aHSDH%MBR5144004_1_SDR_family_oxidoreductase__Clostridia_bacterium_,1.0,1.0,-1.0,-1.0,0.088779844
12aHSDH%MBR6823493_1_SDR_family_oxidoreductase__Bacillota_bacterium_,1.0,1.0,-1.0,-1.0,0.35774034
12aHSDH%MBR7146259_1_SDR_family_oxidoreductase__Oscillospiraceae_bacterium_,-0.34119123,-1.0,1.0,0.5244636,-0.05108645
12aHSDH%MCI8718619_1_SDR_family_oxidoreductase__Lachnospiraceae_bacterium_,1.0,1.0,-1.0,-1.0,-0.13965918
12aHSDH%WP_055231566_1_SDR_family_NAD(P)-dependent_oxidoreductase__Anaerostipes_hadrus_,1.0,0.5208023,0.49035874,-1.0,-1.0
12aHSDH%WP_103229430_1_SDR_family_NAD(P)-dependent_oxidoreductase__Clostridium_sp__chh4-2_,1.0,0.95104504,-0.6522088,-1.0,-0.26182827
12aHSDH%WP_130435990_1_SDR_family_NAD(P)-dependent_oxidoreductase__Cuneatibacter_caecimuris_,1.0,1.0,-1.0,-1.0,-1.0
12aHSDH%WP_249318265_1_SDR_family_NAD(P)-dependent_oxidoreductase__Yeguia_hominis_,0.30235323,1.0,-0.98748785,-0.7959079,-0.333259
12aHSDH%WP_256285936_1_SDR_family_NAD(P)-dependent_oxidoreductase__Pseudoflavonifractor_phocaeensis_,1.0,1.0,-1.0,-1.0,-1.0
12aHSDH%WP_278514144_1_SDR_family_NAD(P)-dependent_oxidoreductase__Methanobrevibacter_smithii_,-1.0,-1.0,1.0,1.0,1.0
12aHSDH%WP_418471294_1_SDR_family_NAD(P)-dependent_oxidoreductase__Eggerthella_sp__,-1.0,-1.0,1.0,1.0,1.0
12bHSDH%GENOME225741_180,-1.0,-1.0,1.0,1.0,-1.0
3aHSDH%3aHSDH%HJB56827_1_3-oxoacyl-ACP_reductase_FabG__Candidatus_Flavonifractor_intestinipullorum_,-1.0,-0.58046323,0.8294177,1.0,0.50806165
3aHSDH%3aHSDH%MBO5160353_1_3-oxoacyl-ACP_reductase_FabG__Lachnospiraceae_bacterium_,0.50220096,1.0,-1.0,-1.0,1.0
3aHSDH%3aHSDH%MBQ7891058_1_3-oxoacyl-ACP_reductase_FabG__Erysipelotrichaceae_bacterium_,-1.0,-1.0,1.0,0.94846684,1.0
3aHSDH%3aHSDH%MBR6526164_1_3-oxoacyl-ACP_reductase_FabG__Clostridia_bacterium_,1.0,1.0,-1.0,-1.0,1.0
3aHSDH%3aHSDH%MCI8514525_1_3-oxoacyl-ACP_reductase_FabG__Lachnospiraceae_bacterium_,1.0,0.28703174,-1.0,-1.0,1.0
3aHSDH%3aHSDH%MCM1345206_1_3-oxoacyl-ACP_reductase_FabG__Muribaculaceae_bacterium_,1.0,1.0,-1.0,-1.0,-1.0
3aHSDH%3aHSDH%MED9821234_1_SDR_family_NAD(P)-dependent_oxidoreductase__Christensenellales_bacterium_,1.0,1.0,-1.0,-1.0,-0.84981114
3aHSDH%3aHSDH%WP_062304377_1_SDR_family_NAD(P)-dependent_oxidoreductase__Sellimonas_intestinalis_,-0.41673335,-0.40562022,-0.7780916,-1.0,1.0
3aHSDH%3aHSDH%WP_117548394_1_SDR_family_NAD(P)-dependent_oxidoreductase__Longicatena_caecimuris_,-1.0,0.21168086,1.0,1.0,-1.0
3aHSDH%3aHSDH%WP_226969791_1_SDR_family_oxidoreductase___Ruminococcus__lactaris_,-1.0,-1.0,1.0,1.0,-1.0
3aHSDH%3aHSDH%WP_270387972_1_SDR_family_NAD(P)-dependent_oxidoreductase__Blautia_hansenii_,1.0,1.0,-1.0,-1.0,1.0
3aHSDH%CAG5237306_1_short_chain_dehydrogenase__Streptococcus_pneumoniae_,1.0,1.0,-1.0,-1.0,1.0
3aHSDH%GENOME060426_131,-1.0,-1.0,1.0,1.0,1.0
3aHSDH%GENOME084620_3418,1.0,0.42484704,-0.10830375,-1.0,-1.0
3aHSDH%GENOME084674_3322,1.0,1.0,-0.5215003,-1.0,-1.0
3aHSDH%MBQ9141038_1_SDR_family_oxidoreductase__Lachnospiraceae_bacterium_,-1.0,-1.0,1.0,1.0,1.0
3aHSDH%MCI6529002_1_SDR_family_oxidoreductase__Clostridiales_bacterium_,-0.6717546,0.733677,-0.49397576,-0.6436108,1.0
3aHSDH%MCI6633699_1_3-oxoacyl-ACP_reductase_FabG__Clostridiales_bacterium_,0.2031384,-0.61713266,0.6867101,0.76674587,-1.0
3aHSDH%MCI6899085_1_SDR_family_oxidoreductase__Mycoplasmatota_bacterium_,1.0,1.0,-1.0,-1.0,1.0
3aHSDH%MCI7742844_1_SDR_family_oxidoreductase__Clostridiales_bacterium_,-1.0,-1.0,0.64650035,0.6456077,1.0
3aHSDH%MCI8568452_1_3-oxoacyl-ACP_reductase_FabG__Bacilli_bacterium_,1.0,1.0,-1.0,-1.0,1.0
3aHSDH%MCI8931631_1_SDR_family_oxidoreductase__Lachnospiraceae_bacterium_,1.0,1.0,-1.0,-1.0,1.0
3aHSDH%MCM1266841_1_3-oxoacyl-ACP_reductase_FabG__Bacteroidales_bacterium_,-0.013049012,1.0,-0.8192387,-1.0,1.0
3aHSDH%MCR4878926_1_SDR_family_NAD(P)-dependent_oxidoreductase__Bacteroidales_bacterium_,1.0,1.0,-1.0,-0.4914854,-1.0
3aHSDH%MDE7008868_1_3-oxoacyl-ACP_reductase_FabG__Lachnospiraceae_bacterium_,0.10092567,0.7643092,-1.0,-1.0,1.0
3aHSDH%MDE7282987_1_SDR_family_oxidoreductase__Lachnospiraceae_bacterium_,-1.0,-1.0,1.0,1.0,0.86685234
3aHSDH%MDE7415347_1_SDR_family_oxidoreductase__Lachnospiraceae_bacterium_,-1.0,-1.0,1.0,1.0,1.0
3aHSDH%MFR0796835_1_SDR_family_NAD(P)-dependent_oxidoreductase__Oscillospiraceae_bacterium_,0.2043251,-1.0,0.5935908,-0.22750907,1.0
3aHSDH%NBI02399_1_3-oxoacyl-ACP_reductase_FabG__Lachnospiraceae_bacterium_,1.0,1.0,-1.0,-1.0,1.0
3aHSDH%WP_008977467_1_SDR_family_NAD(P)-dependent_oxidoreductase__Faecalimonas_umbilicata_,1.0,1.0,-1.0,-1.0,1.0
3aHSDH%WP_020436139_1_MULTISPECIES__SDR_family_NAD(P)-dependent_oxidoreductase__Mediterraneibacter_,1.0,1.0,-1.0,-1.0,1.0
3aHSDH%WP_021919520_1_SDR_family_oxidoreductase__Evtepia_gabavorous_,-1.0,-1.0,1.0,1.0,1.0
3aHSDH%WP_037602854_1_3-oxoacyl-ACP_reductase__Streptococcus_sp__oral_taxon_056_,1.0,1.0,-1.0,-1.0,-0.72911125
3aHSDH%WP_044950032_1_SDR_family_NAD(P)-dependent_oxidoreductase__Mediterraneibacter_gnavus_,1.0,1.0,-1.0,-1.0,1.0
3aHSDH%WP_087213392_1_MULTISPECIES__SDR_family_NAD(P)-dependent_oxidoreductase__Sellimonas_,1.0,1.0,-1.0,-1.0,1.0
3aHSDH%WP_104968339_1_3-oxoacyl-ACP_reductase__Streptococcus_pluranimalium_,1.0,1.0,-1.0,-1.0,-1.0
3aHSDH%WP_109137584_1_SDR_family_oxidoreductase__Bifidobacterium_catulorum_,-1.0,-0.24359162,0.013731014,-0.053318605,1.0
3aHSDH%WP_117562420_1_SDR_family_NAD(P)-dependent_oxidoreductase__Enterocloster_aldenensis_,-1.0,0.20160253,0.8225934,0.5545284,-1.0
3aHSDH%WP_138309742_1_MULTISPECIES__SDR_family_NAD(P)-dependent_oxidoreductase__unclassified_Clostridium_,0.76273465,0.7351857,0.063098505,-0.32551908,-1.0
3aHSDH%WP_182279434_1_SDR_family_NAD(P)-dependent_oxidoreductase__Collinsella_intestinalis_,0.88431364,1.0,-0.26495394,-0.5474742,-1.0
3aHSDH%WP_191282235_1_SDR_family_oxidoreductase__Pseudolysinimonas_yzui_,1.0,1.0,-1.0,-1.0,-1.0
3aHSDH%WP_231385278_1_SDR_family_NAD(P)-dependent_oxidoreductase__Candidatus_Stoquefichus_massiliensis_,1.0,1.0,-1.0,-1.0,-1.0
3aHSDH%WP_289544896_1_SDR_family_NAD(P)-dependent_oxidoreductase__Enorma_phocaeensis_,1.0,1.0,-1.0,-1.0,-1.0
3aHSDH%WP_316269050_1_SDR_family_NAD(P)-dependent_oxidoreductase__Claveliimonas_bilis_,-1.0,-1.0,1.0,1.0,-1.0
3aHSDH%WP_377204125_1_MULTISPECIES__SDR_family_oxidoreductase__unclassified_Pseudarthrobacter_,1.0,-1.0,-0.0021966905,-0.74451673,1.0
3aHSDH%WP_427737837_1_SDR_family_NAD(P)-dependent_oxidoreductase__Bariatricus_sp__SGI_154_,1.0,0.6657155,-1.0,-1.0,1.0
3bHSDH%GENOME124823_1686,1.0,1.0,-1.0,-1.0,1.0
3bHSDH%MBS6646402_1_glucose_1-dehydrogenase__Clostridiaceae_bacterium_,0.25381458,-0.6366292,0.9836782,0.38004422,-1.0
3bHSDH%MBS6779006_1_aldo_keto_reductase__Eggerthella_sp__,1.0,0.051839825,-1.0,-0.6334496,0.21297635
3bHSDH%MEY8522072_1_aldo_keto_reductase__Lachnospiraceae_bacterium_38-10_,-0.8937283,0.7945787,0.57303506,1.0,-1.0
3bHSDH%WP_100933575_1_SDR_family_NAD(P)-dependent_oxidoreductase___Clostridium__innocuum_,0.6528546,-0.44728342,-1.0,-1.0,1.0
3bHSDH%WP_186937525_1_glucose_1-dehydrogenase__Eggerthella_hominis_,-1.0,-1.0,1.0,1.0,-1.0
5AR%GENOME006039_2690,0.81507486,1.0,-1.0,-1.0,-1.0
5AR%GENOME012336_2253,-1.0,-1.0,1.0,1.0,0.9645582
5AR%GENOME086572_2986,-0.12679218,0.01853363,0.59085006,1.0,-1.0
5AR%GENOME107567_81,1.0,0.37153745,-0.8568371,-0.91853184,0.37221456
5AR%GENOME140582_2251,1.0,1.0,-1.0,-1.0,-1.0
5AR%GENOME142018_414,-1.0,-0.36456642,1.0,1.0,-1.0
5AR%GENOME170052_106,-0.32862005,-1.0,0.63673544,0.9782292,1.0
5AR%GENOME179594_130,-0.46552503,-0.9774909,1.0,1.0,-1.0
5AR%GENOME179896_434,0.8003807,0.17089413,-1.0,-1.0,1.0
5AR%HIU55603_1_DUF1295_domain-containing_protein__Candidatus_Gallibacteroides_avistercoris_,-0.46211934,1.0,-0.9383318,-0.1289699,0.08200397
5AR%MBO5195293_1_DUF1295_domain-containing_protein__Bacteroidales_bacterium_,-0.99015015,-0.8224264,1.0,1.0,-1.0
5AR%MBR4740186_1_DUF1295_domain-containing_protein__Bacteroidales_bacterium_,1.0,1.0,-1.0,-1.0,-0.4211413
5AR%MCD7962281_1_DUF1295_domain-containing_protein__Rikenellaceae_bacterium_,-1.0,-0.9524,1.0,1.0,-1.0
5AR%MCH5217706_1_DUF1295_domain-containing_protein__Muribaculaceae_bacterium_,1.0,1.0,-1.0,-1.0,-0.37634254
5AR%MCQ2341803_1_DUF1295_domain-containing_protein__Paludibacteraceae_bacterium_,-1.0,-1.0,1.0,0.95813787,1.0
5AR%MCR5660240_1_DUF1295_domain-containing_protein__Bacteroidales_bacterium_,-1.0,-1.0,1.0,1.0,0.31217697
5AR%MDE7159808_1_DUF1295_domain-containing_protein__Muribaculaceae_bacterium_,0.09516681,-1.0,1.0,1.0,-0.58831924
5AR%WP_005657188_1_DUF1295_domain-containing_protein__Bacteroides_stercoris_,-0.8594988,1.0,-0.5571607,-0.09989725,-0.80733037
5AR%WP_099292233_1_MULTISPECIES__DUF1295_domain-containing_protein__Butyricimonas_,-0.38427827,1.0,-1.0,-0.49368775,1.0
5AR%WP_300108487_1_DUF1295_domain-containing_protein__uncultured_Alistipes_sp__,-1.0,-0.78181475,0.35008016,1.0,1.0
5AR%WP_302729833_1_DUF1295_domain-containing_protein__Bacteroides_sp__ET489_,0.18648098,1.0,0.65250516,-0.53709614,-1.0
5AR%WP_303226315_1_DUF1295_domain-containing_protein__Alistipes_indistinctus_,1.0,1.0,-1.0,-1.0,1.0
5AR%WP_418203978_1_DUF1295_domain-containing_protein__Bacteroides_sp__,1.0,1.0,-1.0,-1.0,1.0
5BR%CAK7070565_1_MAG__NADPH_dehydrogenase__Parabacteroides_sp__,-1.0,-1.0,0.9859031,1.0,1.0
5BR%GENOME006024_4796,-0.09354767,1.0,-0.6834688,-0.85991573,1.0
5BR%GENOME006521_2122,1.0,1.0,-0.76407015,-1.0,-0.4418848
5BR%GENOME141824_1849,1.0,1.0,-1.0,-1.0,-1.0
5BR%HIX74022_1_NADH_flavin_oxidoreductase__Candidatus_Parabacteroides_intestinipullorum_,1.0,1.0,-1.0,-1.0,-0.6096291
5BR%MBE6202772_1_NADH_flavin_oxidoreductase__Rikenellaceae_bacterium_,1.0,0.36033514,-1.0,-0.9100867,-0.27348587
5BR%MBO4402754_1_NADH_flavin_oxidoreductase__Bacteroidales_bacterium_,1.0,0.9224032,-1.0,-1.0,-0.3548855
5BR%MBO7234306_1_NADH_flavin_oxidoreductase__Paludibacteraceae_bacterium_,-1.0,-1.0,1.0,1.0,1.0
5BR%MBO8446450_1_NADH_flavin_oxidoreductase__Candidatus_Enterocola_intestinipullorum_,-0.24248531,-1.0,0.9485243,1.0,-0.14730696
5BR%MBQ8101082_1_NADH_flavin_oxidoreductase__Paludibacteraceae_bacterium_,-1.0,-0.8826651,1.0,1.0,-1.0
5BR%MCA9548846_1_NADH_flavin_oxidoreductase__Myxococcales_bacterium_,-1.0,1.0,0.44012636,0.8032918,-1.0
5BR%MCD8287651_1_NADH_flavin_oxidoreductase__Porphyromonadaceae_bacterium_,-1.0,-0.17937249,-0.07045574,1.0,0.4757987
5BR%MCF0197806_1_NADH_flavin_oxidoreductase__Bacteroidaceae_bacterium_,1.0,1.0,-1.0,-1.0,-1.0
5BR%MCH5231198_1_NADH_flavin_oxidoreductase__Muribaculaceae_bacterium_,1.0,1.0,-1.0,-0.37674326,-1.0
5BR%MCQ2066925_1_NADH_flavin_oxidoreductase__Bacteroidaceae_bacterium_,-0.33665246,1.0,-0.741801,-0.79736346,-1.0
5BR%MCQ2271787_1_NADH_flavin_oxidoreductase__Bacteroidales_bacterium_,-0.60510683,-0.565788,-0.65654594,0.03974529,1.0
5BR%MCR4591939_1_NADH_flavin_oxidoreductase__Bacteroidaceae_bacterium_,1.0,1.0,-0.85215324,-1.0,-0.1573097
5BR%MDD2293891_1_NADH_flavin_oxidoreductase__Bacteroidales_bacterium_,1.0,1.0,-1.0,-1.0,1.0
5BR%MDD5892138_1_NADH_flavin_oxidoreductase__Bacteroidales_bacterium_,-0.9222787,-1.0,1.0,1.0,-1.0
5BR%MDD6582580_1_NADH_flavin_oxidoreductase__Bacteroidales_bacterium_,1.0,1.0,-1.0,-1.0,-1.0
5BR%MEI7492181_1_NADH_flavin_oxidoreductase__Bacteroidota_bacterium_,1.0,0.18839158,-1.0,-1.0,1.0
5BR%MEZ3591839_1_NADH_flavin_oxidoreductase__Muribaculaceae_bacterium_,1.0,1.0,-1.0,-1.0,-0.7898995
5BR%MFO0559492_1_NADH_flavin_oxidoreductase__Polyangiales_bacterium_,1.0,1.0,-0.8715773,-0.50092113,-1.0
5BR%WP_295936477_1_NADH_flavin_oxidoreductase__uncultured_Alistipes_sp__,-1.0,-1.0,1.0,1.0,1.0
5BR%WP_300285921_1_NADH_flavin_oxidoreductase__uncultured_Alistipes_sp__,1.0,1.0,-1.0,-1.0,0.1338044
5BR%WP_302380465_1_NADH_flavin_oxidoreductase__uncultured_Alistipes_sp__,-1.0,-1.0,1.0,1.0,1.0
5BR%WP_394671717_1_NADH_flavin_oxidoreductase__Muribaculum_sp__,-1.0,-1.0,1.0,1.0,-1.0
5BR%WP_418992344_1_NADH_flavin_oxidoreductase__Alistipes_sp__,0.6139768,-1.0,-0.18101886,-0.16628748,1.0
7aHSDH%EOW9602512_1_SDR_family_NAD(P)-dependent_oxidoreductase__Escherichia_coli_,1.0,1.0,-1.0,-1.0,-0.71411407
7aHSDH%GENOME007043_1033,0.4537943,-0.19845457,-0.93556917,-1.0,1.0
7aHSDH%GENOME011662_3430,-0.9768354,-0.7210475,1.0,1.0,-1.0
7aHSDH%GENOME011692_1576,1.0,0.79008526,-1.0,-1.0,0.20846155
7aHSDH%GENOME018142_1887,1.0,1.0,-1.0,-1.0,-1.0
7aHSDH%GENOME025100_397,-0.796315,0.7312192,0.80969,1.0,-1.0
7aHSDH%GENOME067790_2714,1.0,1.0,-1.0,-1.0,1.0
7aHSDH%GENOME070302_884,1.0,1.0,-1.0,-1.0,-1.0
7aHSDH%GENOME080077_256,1.0,0.6345032,-1.0,-1.0,0.5141585
7aHSDH%GENOME086444_1757,-1.0,-1.0,1.0,1.0,1.0
7aHSDH%GENOME122758_282,1.0,1.0,-1.0,-1.0,1.0
7aHSDH%GENOME125242_1669,1.0,1.0,-1.0,-0.91058326,-1.0
7aHSDH%GENOME150027_3593,1.0,1.0,-1.0,-1.0,-1.0
7aHSDH%HAY2965420_1_SDR_family_oxidoreductase__Escherichia_coli_,1.0,1.0,-1.0,-1.0,-1.0
7aHSDH%HEX5818085_1_7-alpha-hydroxysteroid_dehydrogenase__Gemmatimonadales_bacterium_,1.0,-0.8733188,-0.3142097,-1.0,1.0
7aHSDH%MBHC130__Clostridiales_bacterium_1_7_47FAA_,-1.0,-1.0,1.0,1.0,1.0
7aHSDH%MCI7810995_1_SDR_family_oxidoreductase__Clostridiales_bacterium_,-1.0,-1.0,1.0,1.0,0.58619994
7aHSDH%MCI9468093_1_SDR_family_oxidoreductase__Oscillospiraceae_bacterium_,-1.0,-1.0,1.0,1.0,1.0
7aHSDH%MEO8122524_1_7-alpha-hydroxysteroid_dehydrogenase__Burkholderiales_bacterium_,1.0,0.6002639,-0.5610875,-1.0,1.0
7aHSDH%WP_003507641_1_7alpha-hydroxysteroid_dehydrogenase___Clostridium__symbiosum_,0.73146677,0.68655545,1.0,0.37765896,-1.0
7aHSDH%WP_071121323_1_7alpha-hydroxysteroid_dehydrogenase__Romboutsia_timonensis_,0.9751147,-0.5085853,-0.9118803,-1.0,1.0
7aHSDH%WP_221221011_1_7-alpha-hydroxysteroid_dehydrogenase__Phenylobacterium_haematophilum_,1.0,1.0,-1.0,-1.0,-0.47137722
7aHSDH%WP_288686302_1_SDR_family_NAD(P)-dependent_oxidoreductase__partial__uncultured_Bacteroides_sp__,-0.03462972,0.84966725,-0.45392072,0.37438333,-1.0
7aHSDH%WP_303013929_1_7alpha-hydroxysteroid_dehydrogenase__uncultured_Bacteroides_sp__,-1.0,-1.0,1.0,1.0,-1.0
7aHSDH%WP_342232791_1_7alpha-hydroxysteroid_dehydrogenase__Pseudoflavonifractor_phocaeensis_,1.0,1.0,-1.0,-1.0,-1.0
7bHSDH%WP_394860677_1_7beta-hydroxysteroid_dehydrogenase__Mediterraneibacter_gnavus_,1.0,0.33872628,-1.0,-1.0,1.0
BSH1%UPI0001652BA3,-0.6336017,0.42769834,0.54170734,0.55062205,-1.0
BSH1%UPI0001B1C28E,1.0,1.0,-1.0,-1.0,-0.53558826
BSH1%UPI0001DE6025,1.0,1.0,-1.0,-1.0,1.0
BSH1%UPI00022FF9E1,-0.46485305,-1.0,0.2786134,0.20357838,1.0
BSH1%UPI0002802AC4,0.24755912,-1.0,-0.007804901,-0.261546,1.0
BSH1%UPI000289C842,0.1212492,0.03996347,0.23071161,0.2722228,-1.0
BSH1%UPI0002CB0E7D,-1.0,-1.0,1.0,1.0,-0.7075807
BSH1%UPI0002F95F26,-0.66396296,-1.0,0.9093782,0.99474716,0.7968227
BSH1%UPI00033F0DE9,0.22034363,1.0,-1.0,-0.90795034,-0.723644
BSH1%UPI0003A10C39,-1.0,-1.0,1.0,1.0,1.0
BSH1%UPI00041C4F56,-0.966488,-1.0,1.0,1.0,0.9395897
BSH1%UPI00044AC395,1.0,1.0,-1.0,-1.0,1.0
BSH1%UPI0004BCDDD9,1.0,1.0,-0.5750682,-1.0,-0.58264554
BSH1%UPI0004D69CD5,1.0,-0.30985022,-0.789959,-1.0,-0.046084814
BSH1%UPI0004D6A0E9,-0.36781028,0.19717227,1.0,0.33674052,-1.0
BSH1%UPI0004F8D610,0.96613777,-1.0,0.720693,-0.19454777,-0.62871546
BSH1%UPI0005DBBD01,-0.50632304,0.54813987,-0.4081754,-1.0,1.0
BSH1%UPI00064A1F29,1.0,1.0,-1.0,-1.0,-1.0
BSH1%UPI00070D1B8F,1.0,0.6698601,-1.0,-1.0,1.0
BSH1%UPI00073AFD00,0.9486014,0.8485965,-1.0,-1.0,1.0
BSH1%UPI00076E9CCB,1.0,1.0,-1.0,-1.0,-1.0
BSH1%UPI0007933BD5,-1.0,-0.038058218,1.0,1.0,-1.0
BSH1%UPI000801FF16,-0.9968487,-1.0,1.0,0.86323094,-0.90965104
BSH1%UPI00093BFB8C,-1.0,-1.0,1.0,1.0,-1.0
BSH1%UPI000949473C,-1.0,0.26934326,1.0,1.0,-1.0
BSH1%UPI00095C7CBB,1.0,1.0,-1.0,-1.0,-1.0
BSH1%UPI000BCCCB22,-0.2260443,1.0,-0.3284591,0.64812785,-1.0
BSH1%UPI000BD3EFD5,0.9739635,1.0,-1.0,-1.0,1.0
BSH1%UPI000CD30963,-0.3307686,1.0,-1.0,-1.0,-0.9486569
BSH1%UPI000CF9C992,1.0,1.0,-1.0,-0.9482508,-1.0
BSH1%UPI000DCDF6FE,1.0,1.0,-0.3224501,-1.0,-1.0
BSH1%UPI000FBCBE5B,1.0,-1.0,-0.35866863,-0.14573629,1.0
BSH2%UPI0000382136,1.0,1.0,-1.0,-0.9838811,0.6539083
BSH2%UPI0001534663,-0.22729473,-1.0,0.9292164,1.0,1.0
BSH2%UPI0001599717,1.0,1.0,-1.0,-1.0,1.0
BSH2%UPI00017C25E3,-1.0,-1.0,1.0,1.0,1.0
BSH2%UPI0001971EB2,-1.0,-1.0,1.0,1.0,1.0
BSH2%UPI0001C1C05D,1.0,1.0,-1.0,-1.0,-0.8934065
BSH2%UPI0001CF4F1D,-1.0,-1.0,1.0,1.0,1.0
BSH2%UPI0001FDAFAC,1.0,1.0,-1.0,-1.0,-1.0
BSH2%UPI0002814877,1.0,0.3506731,-1.0,-1.0,1.0
BSH2%UPI000335FD2D,-0.67068017,-1.0,1.0,1.0,-0.33950964
BSH2%UPI00033AD64E,-1.0,-1.0,1.0,1.0,-0.20564531
BSH2%UPI00033F049A,-1.0,-0.07418241,1.0,1.0,-1.0
BSH2%UPI000396CDDF,-1.0,-1.0,1.0,1.0,1.0
BSH2%UPI000463FA77,1.0,1.0,-1.0,-1.0,-1.0
BSH2%UPI0004B97954,1.0,1.0,-1.0,-0.46348217,-1.0
BSH2%UPI000508CF7A,1.0,1.0,-1.0,-1.0,-1.0
BSH2%UPI00050FFCF5,-1.0,-0.9387882,1.0,1.0,-0.22009629
BSH2%UPI0005738721,1.0,0.85846716,-1.0,-1.0,1.0
BSH2%UPI0005D317A6,1.0,1.0,-1.0,-1.0,1.0
BSH2%UPI0005DCCFF2,-1.0,-1.0,1.0,1.0,1.0
BSH2%UPI0006649122,1.0,1.0,-1.0,-1.0,-0.115022846
BSH2%UPI0006A496D2,1.0,1.0,-1.0,-1.0,-0.217075
BSH2%UPI0006BFFEB7,0.4972751,0.7798505,0.42540804,0.37566462,-1.0
BSH2%UPI0006C043E9,1.0,1.0,-1.0,-1.0,1.0
BSH2%UPI0006C0EB58,-0.07439313,1.0,0.26477626,-0.59271014,-1.0
BSH2%UPI0006C1ADDE,-1.0,-1.0,1.0,1.0,0.6229524
BSH2%UPI0006C23C60,-1.0,-1.0,1.0,1.0,0.4538073
BSH2%UPI0006C3C90B,1.0,1.0,-0.39061558,-1.0,-1.0
BSH2%UPI0006C45BC8,1.0,1.0,-1.0,-1.0,0.7463354
BSH2%UPI0006C4A6B6,-1.0,-0.14748792,0.22579348,0.5517771,1.0
BSH2%UPI0006C52F45,1.0,1.0,-1.0,-1.0,1.0
BSH2%UPI0006C5C844,1.0,1.0,-1.0,-1.0,-1.0
BSH2%UPI0006CAB5AD,1.0,1.0,-0.35752958,-1.0,-1.0
BSH2%UPI0006CABE2C,-0.8249622,1.0,0.34943977,0.28101596,-1.0
BSH2%UPI00082051E1,-1.0,-1.0,1.0,1.0,0.29177025
BSH2%UPI00082062C1,1.0,1.0,-1.0,-1.0,-0.92311245
BSH2%UPI000820857A,1.0,0.696244,-0.72929156,-1.0,0.114048146
BSH2%UPI000820B778,0.6415916,1.0,-0.97018,-1.0,0.16848765
BSH2%UPI000820F666,-1.0,-1.0,1.0,1.0,-1.0
BSH2%UPI000821232B,-0.8667289,0.5034958,0.8823864,0.7924764,-1.0
BSH2%UPI0008219BA0,1.0,1.0,0.22239017,-0.5514144,-1.0
BSH2%UPI000821B1D8,-1.0,1.0,0.11209934,0.46581337,-1.0
BSH2%UPI000821B9AC,1.0,1.0,-1.0,-1.0,-1.0
BSH2%UPI000821FD65,1.0,1.0,-1.0,-0.3455294,-1.0
BSH2%UPI00082257EE,1.0,1.0,-1.0,-0.79972655,-0.0991185
BSH2%UPI000822F9A5,-1.0,-0.9641002,1.0,1.0,-1.0
BSH2%UPI00082332C0,-1.0,-1.0,1.0,1.0,-0.51835775
BSH2%UPI0008E59C2D,1.0,1.0,-1.0,-1.0,-1.0
BSH2%UPI000960BD65,1.0,1.0,-1.0,-1.0,-1.0
BSH2%UPI0009611255,1.0,1.0,-1.0,-1.0,1.0
BSH2%UPI000965B48B,-0.41604823,0.60746974,1.0,1.0,-1.0
BSH2%UPI000966A84B,0.35620812,-1.0,-0.19953403,-0.20807506,1.0
BSH2%UPI00096829BD,-1.0,-1.0,1.0,1.0,0.047777493
BSH2%UPI0009698BA7,-1.0,-1.0,1.0,1.0,1.0
BSH2%UPI0009C3B121,1.0,1.0,-1.0,-1.0,0.7942355
BSH2%UPI000B3674FC,-1.0,-1.0,1.0,1.0,-1.0
BSH2%UPI000B431D75,-0.5480834,-1.0,1.0,1.0,-0.64545214
BSH2%UPI000C84F661,0.19160904,0.9610491,0.011009091,-0.060312197,-1.0
BSH2%UPI000D1261F9,1.0,-0.54753315,0.40859935,-0.7381396,-1.0
BSH2%UPI000D58F0CE,-0.5389252,-0.57132083,-0.19114141,0.23260021,1.0
BSH2%UPI000D7ABA35,0.9970387,0.5451087,-1.0,0.04340231,-1.0
BSH2%UPI000D7ADB68,-0.89229786,-1.0,0.35318023,0.9124598,1.0
BSH2%UPI000D7AF0AB,1.0,0.21071462,-1.0,-1.0,1.0
BSH2%UPI000DF74F5E,-1.0,-1.0,1.0,1.0,1.0
BSH2%UPI000DF7AEC4,1.0,0.26750967,-1.0,-1.0,1.0
BSH2%UPI000DF86417,0.13181771,1.0,-0.39596924,-0.9445106,-0.061646633
BSH2%UPI000E40484B,0.65012044,-0.40109003,1.0,-0.43251774,-1.0
BSH2%UPI000E42566B,-0.05905299,-1.0,0.5924463,0.5855114,0.7871902
BSH2%UPI000E4418E2,-1.0,-0.531552,0.435903,0.56064653,1.0
BSH2%UPI000E4BF981,-1.0,-1.0,1.0,1.0,-1.0
BSH2%UPI000E4E4D64,0.42574522,-0.24673256,0.48963487,0.5787791,-1.0
BSH2%UPI000E53BC4B,1.0,0.9675134,-0.118445754,-1.0,-1.0
BSH2%UPI000E53DAEE,1.0,1.0,-0.97809505,-1.0,-1.0
BSH2%UPI000E7D8CB5,-0.03520432,1.0,-1.0,-0.14849424,-1.0
BSH2%UPI000E80FD85,1.0,1.0,-1.0,-1.0,-1.0
BSH2%UPI000E8B2418,-1.0,-1.0,1.0,1.0,0.50091493
BSH2%UPI000E8E16B0,-1.0,-1.0,0.81660396,0.44430313,1.0
BSH2%UPI000E91045C,0.05644449,1.0,-0.953282,-1.0,-1.0
BSH2%UPI000E92006C,1.0,1.0,-1.0,-1.0,-0.28714675
BSH2%UPI000E9C22D0,-1.0,-1.0,1.0,1.0,-1.0
BSH2%UPI000EC98B2C,-1.0,-1.0,1.0,1.0,-1.0
BSH2%UPI000ECC9F84,-1.0,-1.0,1.0,1.0,1.0
BSH3%UPI000156F498,0.9069173,-0.015816193,-0.39179096,-1.0,1.0
BSH3%UPI00016547A5,-1.0,-1.0,1.0,1.0,1.0
BSH3%UPI00017EF3F1,-0.6286468,-0.32130635,-0.22035767,-0.08355813,1.0
BSH3%UPI0001A5F983,1.0,1.0,-1.0,-1.0,0.2318089
BSH3%UPI0002132A6C,0.8809744,1.0,-1.0,-1.0,1.0
BSH3%UPI000238BE2F,0.9019209,1.0,-1.0,-1.0,0.21275325
BSH3%UPI00033CE23D,0.6151049,-1.0,0.30230525,-0.1414578,1.0
BSH3%UPI00035F5DCE,1.0,0.10983709,-0.78500223,-1.0,0.71658784
BSH3%UPI00080CB216,0.9722807,1.0,-1.0,-0.57161033,-0.6946392
BSH3%UPI00092A5378,-1.0,-1.0,1.0,1.0,1.0
BSH3%UPI000CF406F5,-1.0,-0.82234776,0.87900877,1.0,1.0
BSH3%UPI000E5302B4,-1.0,-1.0,0.7878598,0.95868784,1.0
BSH3%UPI000EF23C17,-1.0,0.27320516,1.0,0.80997664,-1.0
BSH3%UPI000F9DAF5F,1.0,1.0,-0.90988547,-1.0,-1.0
BSH4%UPI0001653940,1.0,1.0,-1.0,-1.0,-1.0
BSH4%UPI0001E65842,-1.0,-0.08764956,0.5516249,1.0,-0.07229589
BSH4%UPI0001FAB233,-1.0,-0.17288919,1.0,1.0,-1.0
BSH4%UPI00033C4A83,-0.318449,1.0,0.63692355,0.4204109,-1.0
BSH4%UPI00033DD6E6,0.43181086,-1.0,0.79129267,0.4179711,1.0
BSH4%UPI000463D8BF,0.39908394,1.0,-0.5736128,-1.0,0.5443842
BSH4%UPI0006BEFACE,-1.0,-1.0,1.0,1.0,-1.0
BSH4%UPI0006C4E127,-1.0,-1.0,1.0,1.0,-1.0
BSH4%UPI000822CCAE,-1.0,-0.05545062,0.94928056,1.0,-0.20904168
BSH4%UPI0008CBCA16,1.0,1.0,-1.0,-1.0,-0.46314353
BSH4%UPI000B374259,0.1538195,-0.989252,0.9944373,0.97564054,-1.0
BSH4%UPI000D27EFA9,-1.0,-0.5289897,1.0,1.0,-1.0
BSH4%UPI000D7B199F,1.0,1.0,-1.0,-1.0,1.0
BSH4%UPI000E447F2E,-1.0,-0.88367593,1.0,1.0,-1.0
BSH4%UPI000E54B9B5,0.94349015,1.0,-0.33400732,-0.39047983,-1.0
BaiA%QinJ_2012__T2D-016__bin_41_fa_BDDCEIPF_01842__3alpha-hydroxy_bile_acid-CoA-ester_3-dehydrogenase_2,-1.0,-1.0,1.0,1.0,-0.778695
BaiA%SRR3992974_bin_8_EOPEKEED_01051__3-oxoacyl-_acyl-carrier-protein__reductase_FabG,0.6350712,1.0,-1.0,-1.0,-1.0
BaiA%SRR5558193_bin_68_NNEAJJHP_00384__3alpha-hydroxy_bile_acid-CoA-ester_3-dehydrogenase_2,-0.42443466,-1.0,1.0,0.8085157,-0.072891414
BaiA%bai_cluster_2%midas_uncultured_Eubacterium_73696%uncultured_Eubacterium_73696|FMDW01000013_861,-1.0,-0.88241327,1.0,1.0,-1.0
BaiA%bai_cluster_3%midas_Clostridium_hylemonae_61789%Clostridium_hylemonae_61789|NZ_GG657759_1098,-1.0,-1.0,1.0,1.0,-1.0
BaiB%CosteaPI_2017__SID713A038-11-90-0__bin_26_fa_FGHNBBEK_00429__Bile_acid-coenzyme_A_ligase,0.35132387,-0.06465021,-1.0,-1.0,1.0
BaiB%SRR2992899_bin_23_LIJELFFN_00493__Bile_acid-coenzyme_A_ligase,-0.39205277,-0.8327319,0.17273922,-0.06525608,1.0
BaiB%bai_cluster_10%midas_Lachnoclostridium_nov_76594%Lachnoclostridium_nov_76594|ERS138182_8080_1_84_3_3065,-0.9853105,-0.93032193,1.0,1.0,-1.0
BaiB%bai_cluster_2%midas_uncultured_Eubacterium_73696%uncultured_Eubacterium_73696|FMDW01000013_871,-1.0,-1.0,1.0,1.0,-1.0
BaiCD%CosteaPI_2017__SID713A014-11-0-0__bin_55_fa_OLFEPFFO_00187__NADH_oxidase,0.8503889,1.0,-1.0,-1.0,0.2132727
BaiCD%MCI8583944_1_FAD-dependent_oxidoreductase__Dorea_sp__,1.0,1.0,-1.0,-1.0,0.036122438
BaiCD%MEI3381486_1_FAD-dependent_oxidoreductase__Dorea_sp__,-1.0,-1.0,1.0,1.0,-1.0
BaiCD%RaymondF_2016__P21E7__bin_22_fa_DDJCLBHB_00368__NADH_oxidase,-1.0,-1.0,1.0,1.0,1.0
BaiCD%XieH_2016__YSZC12003_35390__bin_5_fa_PIKIEFGP_00577__NADH_oxidase,1.0,1.0,-1.0,-1.0,1.0
BaiCD%bai_cluster_1%midas_Clostridium_hiranonis_61655%Clostridium_hiranonis_61655|NZ_DS995354_290,-1.0,-1.0,1.0,1.0,-1.0
BaiCD%bai_cluster_10%midas_Lachnoclostridium_nov_76594%Lachnoclostridium_nov_76594|ERS138182_8080_1_84_3_3076,-1.0,-1.0,1.0,1.0,-1.0
BaiCD%bai_cluster_11%midas_Romboutsia_sp_25236%Romboutsia_sp_25236|FJTZ01000011_2937,1.0,1.0,-1.0,-1.0,-1.0
BaiE%FengQ_2015__SID531416__bin_49_fa_CEDOFBAM_00064__Bile_acid_7-alpha_dehydratase,-0.3460453,-0.6531177,0.72264713,1.0,-0.93092465
BaiE%LiJ_2017__H3M515915__bin_8_fa_COLEEGFP_01274__Bile_acid_7-alpha_dehydratase,-0.73338556,-0.35134518,-0.12435011,-0.3184962,1.0
BaiE%MCI8938768_1_nuclear_transport_factor_2_family_protein__Dorea_sp__,-0.34828934,-1.0,0.33571506,0.40287325,1.0
BaiE%bai_cluster_10%midas_Lachnoclostridium_nov_76594%Lachnoclostridium_nov_76594|ERS138182_8080_1_84_3_3079,-0.89551324,-0.87335163,0.9925752,1.0,-1.0
BaiE%bai_cluster_2%midas_uncultured_Eubacterium_73696%uncultured_Eubacterium_73696|FMDW01000013_166,-0.4190627,-0.38039243,1.0,1.0,-1.0
BaiE%fig|1950888_3_peg_203|__Bile_acid_7-alpha_dehydratase_(EC_4_2_1_106)_(BA7_alpha_dehydratase)_(Bile_acid-inducible_operon_protein_E)____Clostridiales_bacterium_UBA4701_|_1950888_3_,-1.0,-1.0,1.0,1.0,1.0
BaiF%ERR688512_bin_36_KMFCMBJN_00514__Bile_acid-CoA_transferase,-1.0,-1.0,1.0,1.0,-1.0
BaiF%LiJ_2014__MH0358__bin_56_fa_NPCPOAJM_00305__Bile_acid-CoA_transferase,-1.0,-1.0,1.0,1.0,-1.0
BaiF%LiJ_2014__V1_FI37__bin_39_fa_IHFOFLIJ_00762__L-carnitine_CoA-transferase,-0.61888313,-0.40078014,-0.10114482,0.23217267,1.0
BaiF%Obregon-TitoAJ_2015__NO11__bin_28_fa_ODBMCAMJ_01956__Bile_acid-CoA_transferase,-0.9323312,0.0005166307,1.0,0.44997206,-1.0
BaiF%SRR4783510_bin_28_GHBMCCFK_00008__L-carnitine_CoA-transferase,-1.0,-1.0,1.0,1.0,1.0
BaiF%SRR5127813_bin_22_DKEDJIEF_00985__Bile_acid-CoA_transferase,0.51622224,1.0,-1.0,-1.0,-0.068582095
BaiF%VogtmannE_2016__MMRS44587603ST-27-0-0__bin_19_fa_ANDGAOCL_00015__Bile_acid-CoA_transferase,0.21499352,-1.0,-0.031633537,-0.52977294,1.0
BaiF%bai_cluster_17%midas_Proteocatella_sphenisci_59007%Proteocatella_sphenisci_59007|AUID01000012_911,1.0,-0.017194081,-1.0,-1.0,1.0
BaiF%bai_cluster_2%midas_uncultured_Eubacterium_73696%uncultured_Eubacterium_73696|FMDW01000013_892,-1.0,-1.0,1.0,1.0,-0.23061886
BaiF%bai_cluster_3%midas_Clostridium_hylemonae_61789%Dorea_sp_89094|KQ236743_10986,-1.0,-1.0,1.0,1.0,-1.0
BaiF%bai_cluster_3%midas_Clostridium_hylemonae_61789%Dorea_sp_89094|KQ236743_13110,-0.44388467,-0.6689722,1.0,1.0,-1.0
BaiF%fig|1950825_3_peg_1464|__L-carnitine_dehydratase_(EC_4_2_1_89)____Clostridiales_bacterium_UBA1701_|_1950825_3_,-1.0,-1.0,1.0,1.0,1.0
BaiG%LeChatelierE_2013__MH0251__bin_10_fa_BOBEKBFD_00006__Multidrug_resistance_protein_3,-0.2008748,-0.35009462,-0.24803564,-0.18117982,1.0
BaiG%MBE6987074_1_MFS_transporter__Oscillospiraceae_bacterium_,0.13522923,1.0,-0.89853597,-1.0,1.0
BaiG%MBR4017991_1_MFS_transporter__Clostridia_bacterium_,1.0,1.0,-0.6584061,-1.0,-1.0
BaiG%MDY4488523_1_MFS_transporter__Candidatus_Limivicinus_sp__,-1.0,-1.0,1.0,1.0,1.0
BaiG%MEE1256339_1_MFS_transporter__Lachnospiraceae_bacterium_,-0.41220033,-0.06661591,0.36632055,1.0,-1.0
BaiG%bai_cluster_10%midas_Lachnoclostridium_nov_76594%Lachnoclostridium_nov_76594|ERS138182_8080_1_84_3_3097,-1.0,-1.0,1.0,1.0,-1.0
BaiH%ERR1018252_bin_5_JFGOJLKC_00141__NADH_oxidase,1.0,1.0,-1.0,-1.0,-1.0
BaiH%MEE0204071_1_FAD-dependent_oxidoreductase__Oscillospiraceae_bacterium_,1.0,1.0,-1.0,-1.0,1.0
BaiH%MFR3389927_1_7-beta-dihydroxy-3-oxo-5-beta-cholanoyl-CoA_4-oxidoreductase_BaiH___Clostridium__scindens_,-1.0,-1.0,1.0,1.0,-0.80601525
BaiH%Obregon-TitoAJ_2015__NO11__bin_28_fa_ODBMCAMJ_01962__NADH_oxidase,-1.0,-1.0,1.0,1.0,-0.9733357
BaiH%SRR5558156_bin_44_CPDFCOML_01071__NADH_oxidase,-1.0,-0.53779274,0.75620246,1.0,-0.6198721
BaiH%bai_cluster_1%midas_Clostridium_hiranonis_61655%Clostridium_hiranonis_61655|NZ_DS995354_308,-1.0,-0.7313742,1.0,1.0,-0.78965896
BaiH%bai_cluster_11%midas_Romboutsia_sp_25236%Romboutsia_sp_25236|FJTZ01000011_310,1.0,1.0,-1.0,-1.0,0.1078284
BaiH%bai_cluster_17%midas_Proteocatella_sphenisci_59007%Proteocatella_sphenisci_59007|AUID01000012_928,-1.0,0.11712062,0.81988806,1.0,-1.0
BaiH%bai_cluster_2%midas_uncultured_Eubacterium_73696%uncultured_Eubacterium_73696|FMDW01000013_836,-1.0,-1.0,1.0,1.0,-1.0
BaiH%bai_cluster_3%midas_Clostridium_hylemonae_61789%Clostridium_hylemonae_61789|NZ_GG657759_22762,-1.0,-1.0,1.0,1.0,-1.0
BaiI%LiJ_2014__V1_FI04__bin_94_fa_MJMNNJHI_00331__hypothetical_protein,0.8141138,1.0,-1.0,-1.0,1.0
BaiI%QinJ_2012__CON-070__bin_41_fa_AAAKDJOM_00400__hypothetical_protein,-1.0,-1.0,1.0,1.0,1.0
BaiI%bai_cluster_2%midas_uncultured_Eubacterium_73696%uncultured_Eubacterium_73696|FMDW01000003_2059,-0.6065582,-0.9720657,1.0,1.0,-1.0
